Order_ID,Order_Date,Customer_ID,Product_ID,Product_Source,Product_Category,Product_Name,Quantity_Purchased,Unit_Price,Total_Sales,Payment_Method,Year,Month,Month_Name,Weekday
ORD-2022-00001,9-Dec-22,C0273,P0150,"Polaroid Sunglasses for Unisex , Blue",Eyewear,"Polaroid Sunglasses for Unisex , Blue",1,250,250,COD,2022,12,December,Friday
ORD-2025-00002,24-Mar-25,C0212,P0569,Casio Men Black Dial Resin Band Watch aeq-110bw-9a,Watches,Casio Men Black Dial Resin Band Watch aeq-110bw-9a,6,313.95,1883.7,Net Banking,2025,3,March,Monday
ORD-2022-00003,27-Jun-22,C0666,P0009,"Nike Air Zoom Pegasus 36 Running Sneakers for Men , Black , Size 43 EU",Athletic Shoes,"Nike Air Zoom Pegasus 36 Running Sneakers for Men , Black , Size 43 EU",2,609,1218,COD,2022,6,June,Monday
ORD-2022-00004,21-Mar-22,C0541,P0175,"Ray Ban Sunglasses for Men - Size 55, Black Frame, 0RB4165 622 2V55",Eyewear,"Ray Ban Sunglasses for Men - Size 55, Black Frame, 0RB4165 622 2V55",1,820,820,UPI,2022,3,March,Monday
ORD-2022-00005,29-Jul-22,C0322,P0272,"Flamingo Rectangle Sunglasseses For Unisex,Plastic,Blue",Eyewear,"Flamingo Rectangle Sunglasseses For Unisex,Plastic,Blue",2,279,558,Debit Card,2022,7,July,Friday
ORD-2024-00006,19-Jan-24,C0221,P0130,"Puma Fashion Sneakers Casual Shoe  For Men , Navy , 41 EU",Casual & Dress Shoes,"Puma Fashion Sneakers Casual Shoe  For Men , Navy , 41 EU",3,320,960,Debit Card,2024,1,January,Friday
ORD-2022-00007,24-Jun-22,C0169,P0260,"Gucci Oval Unisex Sunglasses - Gg0124S00450 - 50-22-145 mm, Brown Lens",Eyewear,"Gucci Oval Unisex Sunglasses - Gg0124S00450 - 50-22-145 mm, Brown Lens",1,1619,1619,Wallet,2022,6,June,Friday
ORD-2024-00008,30-Jun-24,C0119,P0137,Lacoste Casual Shoe for Men Size 44 EU - White,Casual & Dress Shoes,Lacoste Casual Shoe for Men Size 44 EU - White,2,499,998,Debit Card,2024,6,June,Sunday
ORD-2024-00009,28-Jul-24,C0293,P0141,Lacoste Casual Shoe for Men Size 42 EU - Black,Casual & Dress Shoes,Lacoste Casual Shoe for Men Size 42 EU - Black,1,379,379,Credit Card,2024,7,July,Sunday
ORD-2023-00010,21-Feb-23,C0315,P0108,Lacoste Casual Shoe For Women Size 39 EU - White,Casual & Dress Shoes,Lacoste Casual Shoe For Women Size 39 EU - White,1,399,399,Debit Card,2023,2,February,Tuesday
ORD-2023-00011,5-Jul-23,C0591,P0427,Dickies Bifold Mens Wallet - 31DI1305-Brown,Wallets,Dickies Bifold Mens Wallet - 31DI1305-Brown,3,110,330,Credit Card,2023,7,July,Wednesday
ORD-2022-00012,31-Mar-22,C0603,P0314,Crystal Noir by Versace  for Women - Eau de Parfum- 90 ml,Perfumes & Fragrances,Crystal Noir by Versace  for Women - Eau de Parfum- 90 ml,1,315,315,Debit Card,2022,3,March,Thursday
ORD-2025-00013,17-Apr-25,C0433,P0513,Lacoste Casual Watch For Men Analog Leather - 2010910,Watches,Lacoste Casual Watch For Men Analog Leather - 2010910,3,575,1725,UPI,2025,4,April,Thursday
ORD-2022-00014,5-Feb-22,C0447,P0037,Nike Flex Essential Training Shoes for Women (Black - 38 EU),Athletic Shoes,Nike Flex Essential Training Shoes for Women (Black - 38 EU),4,309,1236,UPI,2022,2,February,Saturday
ORD-2024-00015,18-Jan-24,C0316,P0198,"Ray Ban 3025,58,167,2K Sunglasses For Unisex-Gold",Eyewear,"Ray Ban 3025,58,167,2K Sunglasses For Unisex-Gold",2,850,1700,Net Banking,2024,1,January,Thursday
ORD-2023-00016,3-Dec-23,C0122,P0097,"Lacoste Fairlead Fashion Sneakers Shoes For Men, Size 46 EU, Black and Grey",Casual & Dress Shoes,"Lacoste Fairlead Fashion Sneakers Shoes For Men, Size 46 EU, Black and Grey",2,469,938,Wallet,2023,12,December,Sunday
ORD-2024-00017,14-Dec-24,C0273,P0227,"Polaroid Sunglasses for Unisex, Grey- PLD 1017/S 22763900358WJ",Eyewear,"Polaroid Sunglasses for Unisex, Grey- PLD 1017/S 22763900358WJ",2,250,500,Wallet,2024,12,December,Saturday
ORD-2023-00018,17-Dec-23,C0508,P0411,"DOWNTOWN MINI CC WALLET Men’s Purse, Multicolour (Testa Di Moro), 0.1x0.1x0.1 centimeters (B x H x T)",Wallets,"DOWNTOWN MINI CC WALLET Men’s Purse, Multicolour (Testa Di Moro), 0.1x0.1x0.1 centimeters (B x H x T)",1,399,399,Credit Card,2023,12,December,Sunday
ORD-2022-00019,12-Feb-22,C0587,P0377,adidas FL_SPR Z FT 3ST BLACK for MALE,Sportswear,adidas FL_SPR Z FT 3ST BLACK for MALE,1,139,139,Wallet,2022,2,February,Saturday
ORD-2022-00020,20-Mar-22,C0598,P0055,"Skechers Flex Advantage Sr- Mcallen Sneaker For Men Size 46 EU, Black",Athletic Shoes,"Skechers Flex Advantage Sr- Mcallen Sneaker For Men Size 46 EU, Black",2,309,618,COD,2022,3,March,Sunday
ORD-2022-00021,20-Aug-22,C0358,P0273,"Arnette Sunglasses, Square, For Women, Grey, 0An4243 25226G 60",Eyewear,"Arnette Sunglasses, Square, For Women, Grey, 0An4243 25226G 60",1,400,400,COD,2022,8,August,Saturday
ORD-2022-00022,6-May-22,C0516,P0375,Adidas  D2M HR 34 T Sport Tight for Women - Black,Sportswear,Adidas  D2M HR 34 T Sport Tight for Women - Black,2,180,360,COD,2022,5,May,Friday
ORD-2022-00023,29-Nov-22,C0523,P0199,"Ray-Ban 0rb3647n Non-Polarized Iridium Round Sunglasses, Gold, 51 mm",Eyewear,"Ray-Ban 0rb3647n Non-Polarized Iridium Round Sunglasses, Gold, 51 mm",1,1270,1270,Credit Card,2022,11,November,Tuesday
ORD-2022-00024,24-Dec-22,C0604,P0386,Under Armour Mid Crossback Training Sports Bra for Women,Sportswear,Under Armour Mid Crossback Training Sports Bra for Women,3,139,417,COD,2022,12,December,Saturday
ORD-2024-00025,16-Jul-24,C0594,P0275,"Arnette Sunglasses, Square, For Women, Grey, 0An4243 252181 60",Eyewear,"Arnette Sunglasses, Square, For Women, Grey, 0An4243 252181 60",1,500,500,UPI,2024,7,July,Tuesday
ORD-2022-00026,24-May-22,C0115,P0501,JBW Mondrain for Women - Dress Stainless Steel Band Watch - J6303G,Watches,JBW Mondrain for Women - Dress Stainless Steel Band Watch - J6303G,1,2990,2990,Net Banking,2022,5,May,Tuesday
ORD-2024-00027,30-Apr-24,C0571,P0189,"Carrera Sunglasses for Men , Grey Lenses",Eyewear,"Carrera Sunglasses for Men , Grey Lenses",3,700,2100,Debit Card,2024,4,April,Tuesday
ORD-2023-00028,13-Jun-23,C0302,P0356,"Jovan Musk for Women - Eau de Cologne, 59ml",Perfumes & Fragrances,"Jovan Musk for Women - Eau de Cologne, 59ml",3,42,126,Credit Card,2023,6,June,Tuesday
ORD-2022-00029,7-Jan-22,C0198,P0011,"NiKE Tanjun Sneaker for Women, Grey - 38 EU",Athletic Shoes,"NiKE Tanjun Sneaker for Women, Grey - 38 EU",3,359,1077,Net Banking,2022,1,January,Friday
ORD-2024-00030,17-Feb-24,C0324,P0274,"Puma Sunglass For Men - Pu0016S_005, Blue Lens, Square Frame",Eyewear,"Puma Sunglass For Men - Pu0016S_005, Blue Lens, Square Frame",1,365,365,COD,2024,2,February,Saturday
ORD-2022-00031,17-Dec-22,C0509,P0047,"asics GEL-NIMBUS 22 Running Shoes for Women, Pink, 38 EU",Athletic Shoes,"asics GEL-NIMBUS 22 Running Shoes for Women, Pink, 38 EU",2,839,1678,Credit Card,2022,12,December,Saturday
ORD-2022-00032,21-May-22,C0336,P0460,"Fossil Grant Watch For Men Analog Leather Band Fs4813, Quartz",Watches,"Fossil Grant Watch For Men Analog Leather Band Fs4813, Quartz",3,472,1416,COD,2022,5,May,Saturday
ORD-2025-00033,11-Apr-25,C0401,P0432,"Casio MTP1303L-1A For Men-Analog, Casual Watch, Leather",Watches,"Casio MTP1303L-1A For Men-Analog, Casual Watch, Leather",6,152,912,Credit Card,2025,4,April,Friday
ORD-2023-00034,19-Apr-23,C0614,P0016,"Skechers GO WALK EVOLUTION ULTRA Sneaker for Men , Size 42 EU , Black",Athletic Shoes,"Skechers GO WALK EVOLUTION ULTRA Sneaker for Men , Size 42 EU , Black",1,279,279,Debit Card,2023,4,April,Wednesday
ORD-2024-00035,1-Nov-24,C0431,P0226,"Ray Ban Sunglasses, Unisex, Black, 4253, 50, 601, 71, Round Frame",Eyewear,"Ray Ban Sunglasses, Unisex, Black, 4253, 50, 601, 71, Round Frame",2,850,1700,Debit Card,2024,11,November,Friday
ORD-2024-00036,31-Aug-24,C0208,P0018,Nike air Monarch IV Training Shoes for Men - Black Size - 43 EU,Athletic Shoes,Nike air Monarch IV Training Shoes for Men - Black Size - 43 EU,1,279,279,UPI,2024,8,August,Saturday
ORD-2024-00037,22-Dec-24,C0615,P0214,"Polaroid Sunglasses For Men Pld 1016/Sdl550Lb, Dark Green Lens, Square Frame",Eyewear,"Polaroid Sunglasses For Men Pld 1016/Sdl550Lb, Dark Green Lens, Square Frame",1,200,200,UPI,2024,12,December,Sunday
ORD-2022-00038,8-Dec-22,C0651,P0071,Ellesse Smash Shoe For Men (White - 43 EU),Athletic Shoes,Ellesse Smash Shoe For Men (White - 43 EU),1,289,289,Net Banking,2022,12,December,Thursday
ORD-2025-00039,12-Mar-25,C0286,P0316,"Chopard Happy Spirit Forever for Women - Eau de Parfum, 75ml",Perfumes & Fragrances,"Chopard Happy Spirit Forever for Women - Eau de Parfum, 75ml",1,315,315,Debit Card,2025,3,March,Wednesday
ORD-2022-00040,8-Nov-22,C0477,P0586,"Watch for Men by Casio , Analog , Chronograph , Stainless Steel , Silver , MTP-1374D-2AV",Watches,"Watch for Men by Casio , Analog , Chronograph , Stainless Steel , Silver , MTP-1374D-2AV",1,269,269,COD,2022,11,November,Tuesday
ORD-2023-00041,7-Sep-23,C0430,P0298,"Davidoff Cool Water for Women - Eau de Toilette, 100ml",Perfumes & Fragrances,"Davidoff Cool Water for Women - Eau de Toilette, 100ml",2,279,558,Debit Card,2023,9,September,Thursday
ORD-2023-00042,28-Dec-23,C0412,P0349,"Gucci Premiere for Women - Eau de Toilette, 75ml",Perfumes & Fragrances,"Gucci Premiere for Women - Eau de Toilette, 75ml",2,370,740,Credit Card,2023,12,December,Thursday
ORD-2022-00043,15-Nov-22,C0611,P0393,"Tommy Hilfiger Bifold Wallet For Women,Leather,Multi Color",Wallets,"Tommy Hilfiger Bifold Wallet For Women,Leather,Multi Color",3,469,1407,Credit Card,2022,11,November,Tuesday
ORD-2024-00044,27-Jul-24,C0368,P0374,Adidas Must Haves Plain Sport T-Shirt for Men - Grey,Sportswear,Adidas Must Haves Plain Sport T-Shirt for Men - Grey,3,115,345,UPI,2024,7,July,Saturday
ORD-2024-00045,10-Nov-24,C0239,P0409,"Michael Kors Chain Wallet for Women , Multicolour",Wallets,"Michael Kors Chain Wallet for Women , Multicolour",1,360,360,COD,2024,11,November,Sunday
ORD-2024-00046,6-Dec-24,C0030,P0328,"Chopard Wish for Women - Eau de Parfum, 75ml",Perfumes & Fragrances,"Chopard Wish for Women - Eau de Parfum, 75ml",1,209,209,UPI,2024,12,December,Friday
ORD-2025-00047,24-May-25,C0466,P0248,"Salvatore Ferragamo Women's Sunglasses - Sf879S-213 53, 150 mm, Black Lens, Square Frame",Eyewear,"Salvatore Ferragamo Women's Sunglasses - Sf879S-213 53, 150 mm, Black Lens, Square Frame",1,1490,1490,UPI,2025,5,May,Saturday
ORD-2024-00048,19-May-24,C0286,P0568,JBW Victor Men's 16 Diamonds Black Dial Black Ion-Plated Stainless Steel Band Watch - JB-8102-G,Watches,JBW Victor Men's 16 Diamonds Black Dial Black Ion-Plated Stainless Steel Band Watch - JB-8102-G,1,4490,4490,Net Banking,2024,5,May,Sunday
ORD-2023-00049,9-Nov-23,C0542,P0208,"Calvin Klein Round Sunglasses for Men - Blue lens, CK18104S-045",Eyewear,"Calvin Klein Round Sunglasses for Men - Blue lens, CK18104S-045",5,890,4450,Credit Card,2023,11,November,Thursday
ORD-2023-00050,21-Nov-23,C0080,P0159,"Ray Ban 4165, 710/13 (51 mm) Sunglass, Brown Lens, Rectangular Frame",Eyewear,"Ray Ban 4165, 710/13 (51 mm) Sunglass, Brown Lens, Rectangular Frame",3,690,2070,Debit Card,2023,11,November,Tuesday
ORD-2022-00051,28-Oct-22,C0583,P0300,"Guess by Marciano for Women - Eau de Parfum, 100ml",Perfumes & Fragrances,"Guess by Marciano for Women - Eau de Parfum, 100ml",1,147,147,UPI,2022,10,October,Friday
ORD-2024-00052,13-Jul-24,C0150,P0089,"Asics New York Sneakers for Women, Grey, 39 EU",Athletic Shoes,"Asics New York Sneakers for Women, Grey, 39 EU",4,299,1196,UPI,2024,7,July,Saturday
ORD-2022-00053,20-Dec-22,C0306,P0517,"Casio Classic Unisex Gold Dial Resin Band Watch - MQ-24-9E, Analog, Quartz",Watches,"Casio Classic Unisex Gold Dial Resin Band Watch - MQ-24-9E, Analog, Quartz",2,45,90,UPI,2022,12,December,Tuesday
ORD-2023-00054,22-Sep-23,C0099,P0193,Ray-Ban Aviator Unisex's Sunglasses - RB3647N-001/9U-51 - 51-22-145 mm,Eyewear,Ray-Ban Aviator Unisex's Sunglasses - RB3647N-001/9U-51 - 51-22-145 mm,1,900,900,Wallet,2023,9,September,Friday
ORD-2024-00055,7-Feb-24,C0623,P0374,Adidas Must Haves Plain Sport T-Shirt for Men - Grey,Sportswear,Adidas Must Haves Plain Sport T-Shirt for Men - Grey,2,115,230,COD,2024,2,February,Wednesday
ORD-2023-00056,22-Jul-23,C0213,P0249,"Ray-Ban Men's Injected Man Sunglass Non-Polarized Iridium Round, SHINY RED HAVANA 51 mm",Eyewear,"Ray-Ban Men's Injected Man Sunglass Non-Polarized Iridium Round, SHINY RED HAVANA 51 mm",1,945,945,UPI,2023,7,July,Saturday
ORD-2024-00057,4-Jul-24,C0070,P0425,Dockers Bifold Mens Wallet - 31DK240z01-Brown,Wallets,Dockers Bifold Mens Wallet - 31DK240z01-Brown,1,120,120,Debit Card,2024,7,July,Thursday
ORD-2022-00058,3-Nov-22,C0004,P0169,"Ray-Ban Aviator Unisex Sunglasses - Rb3449-001/1359, Brown Lens",Eyewear,"Ray-Ban Aviator Unisex Sunglasses - Rb3449-001/1359, Brown Lens",2,1014,2028,COD,2022,11,November,Thursday
ORD-2023-00059,27-Nov-23,C0536,P0283,"Ray-Ban Aviator Men's Sunglasses - Rb 3560-004/51 - 61-17-145 mm, Brown Lens",Eyewear,"Ray-Ban Aviator Men's Sunglasses - Rb 3560-004/51 - 61-17-145 mm, Brown Lens",1,840,840,COD,2023,11,November,Monday
ORD-2023-00060,20-May-23,C0146,P0414,Levi's 31LV240021 RFID Tri-Fold Wallet BROWN,Wallets,Levi's 31LV240021 RFID Tri-Fold Wallet BROWN,3,110,330,Net Banking,2023,5,May,Saturday
ORD-2023-00061,22-Dec-23,C0112,P0381,Adidas Design 2 Move Climacool Logo Tee For Men - Black,Sportswear,Adidas Design 2 Move Climacool Logo Tee For Men - Black,1,808.77,808.77,Wallet,2023,12,December,Friday
ORD-2023-00062,25-Dec-23,C0652,P0423,"Calvin Klein Omega Billfold Wallet, Black, 12 cm K50K504998",Wallets,"Calvin Klein Omega Billfold Wallet, Black, 12 cm K50K504998",4,229,916,Debit Card,2023,12,December,Monday
ORD-2024-00063,30-Nov-24,C0470,P0043,"Adidas Grand Court Base Faux Leather Contrast Side Stripe Heel Tab Logo Tennis Shoes for Women - White, 40",Athletic Shoes,"Adidas Grand Court Base Faux Leather Contrast Side Stripe Heel Tab Logo Tennis Shoes for Women - White, 40",2,259,518,COD,2024,11,November,Saturday
ORD-2022-00064,23-Jan-22,C0177,P0526,"Casio Women'S Blue Dial Stainless Steel Band Watch Ltp 1215A 2A2Df, Quartz, Analog",Watches,"Casio Women'S Blue Dial Stainless Steel Band Watch Ltp 1215A 2A2Df, Quartz, Analog",2,172,344,UPI,2022,1,January,Sunday
ORD-2023-00065,31-Mar-23,C0544,P0035,Asics Jolt 2 Sneaker for Men Black 43.5 EU,Athletic Shoes,Asics Jolt 2 Sneaker for Men Black 43.5 EU,3,209,627,Debit Card,2023,3,March,Friday
ORD-2023-00066,20-May-23,C0183,P0205,Polaroid Wayfarer Men's Sunglasses - PLD 2056/S 00358M9,Eyewear,Polaroid Wayfarer Men's Sunglasses - PLD 2056/S 00358M9,1,250,250,Net Banking,2023,5,May,Saturday
ORD-2024-00067,2-Dec-24,C0114,P0414,Levi's 31LV240021 RFID Tri-Fold Wallet BROWN,Wallets,Levi's 31LV240021 RFID Tri-Fold Wallet BROWN,2,110,220,COD,2024,12,December,Monday
ORD-2022-00068,11-Sep-22,C0507,P0186,"Ray-Ban RB1971 91493F Square Sunglasses for Unisex , Lens 54 mm",Eyewear,"Ray-Ban RB1971 91493F Square Sunglasses for Unisex , Lens 54 mm",1,997,997,Net Banking,2022,9,September,Sunday
ORD-2022-00069,24-Jun-22,C0590,P0055,"Skechers Flex Advantage Sr- Mcallen Sneaker For Men Size 46 EU, Black",Athletic Shoes,"Skechers Flex Advantage Sr- Mcallen Sneaker For Men Size 46 EU, Black",3,309,927,Wallet,2022,6,June,Friday
ORD-2024-00070,20-May-24,C0029,P0305,"Calvin Klein Beauty for Women - Eau de Parfum, 100ml",Perfumes & Fragrances,"Calvin Klein Beauty for Women - Eau de Parfum, 100ml",2,357,714,COD,2024,5,May,Monday
ORD-2023-00071,17-Sep-23,C0260,P0101,"Jack & Jones Lace Up Shoes for Men, Size 44 EU, Black",Casual & Dress Shoes,"Jack & Jones Lace Up Shoes for Men, Size 44 EU, Black",1,139,139,Credit Card,2023,9,September,Sunday
ORD-2023-00072,4-Oct-23,C0279,P0155,"Ray-Ban Sunglasses for Unisex , 0RB4246 1197Z251",Eyewear,"Ray-Ban Sunglasses for Unisex , 0RB4246 1197Z251",1,1110,1110,COD,2023,10,October,Wednesday
ORD-2024-00073,21-Jun-24,C0476,P0409,"Michael Kors Chain Wallet for Women , Multicolour",Wallets,"Michael Kors Chain Wallet for Women , Multicolour",1,360,360,Debit Card,2024,6,June,Friday
ORD-2023-00074,4-Jul-23,C0116,P0392,"Tommy Hilfiger Bifold WAllet For Women,LeAther,Multi Color",Wallets,"Tommy Hilfiger Bifold WAllet For Women,LeAther,Multi Color",2,469,938,UPI,2023,7,July,Tuesday
ORD-2025-00075,24-Mar-25,C0331,P0323,"Dunhill Custom for Men - Eau de Toilette, 100ml",Perfumes & Fragrances,"Dunhill Custom for Men - Eau de Toilette, 100ml",1,263,263,UPI,2025,3,March,Monday
ORD-2025-00076,3-Jan-25,C0156,P0166,"Ray-Ban Aviator Sunglasses For Men - Rb3449-003/8G 59, Grey Lens",Eyewear,"Ray-Ban Aviator Sunglasses For Men - Rb3449-003/8G 59, Grey Lens",1,770,770,UPI,2025,1,January,Friday
ORD-2024-00077,16-Dec-24,C0248,P0297,"Lattafa Pure Musk for Unisex - Eau de Parfum, 100ml",Perfumes & Fragrances,"Lattafa Pure Musk for Unisex - Eau de Parfum, 100ml",6,55,330,Net Banking,2024,12,December,Monday
ORD-2022-00078,5-Apr-22,C0354,P0503,"Diesel Mega Chief Dz4329, Analog",Watches,"Diesel Mega Chief Dz4329, Analog",1,990,990,Net Banking,2022,4,April,Tuesday
ORD-2025-00079,2-May-25,C0576,P0600,JBW Victory Women's 16 Diamonds Mother of Pearl Dial Stainless Steel Band Watch - JB-6210-N,Watches,JBW Victory Women's 16 Diamonds Mother of Pearl Dial Stainless Steel Band Watch - JB-6210-N,6,5587,33522,Net Banking,2025,5,May,Friday
ORD-2024-00080,11-Sep-24,C0465,P0288,"Ray-Ban Clubmaster Women's Sunglasses - Rb4256-60926G-49 - 49-20-145, Grey Lens",Eyewear,"Ray-Ban Clubmaster Women's Sunglasses - Rb4256-60926G-49 - 49-20-145, Grey Lens",3,562,1686,Debit Card,2024,9,September,Wednesday
ORD-2022-00081,25-Jan-22,C0460,P0070,Ellesse Pamplona Shoe For Women (Black - 38 EU),Athletic Shoes,Ellesse Pamplona Shoe For Women (Black - 38 EU),1,289,289,Debit Card,2022,1,January,Tuesday
ORD-2023-00082,23-Nov-23,C0554,P0270,"Ray-Ban Unisex's Rb4075 Sunglasses, Tortoise, 61",Eyewear,"Ray-Ban Unisex's Rb4075 Sunglasses, Tortoise, 61",4,1169,4676,Net Banking,2023,11,November,Thursday
ORD-2023-00083,16-Sep-23,C0433,P0270,"Ray-Ban Unisex's Rb4075 Sunglasses, Tortoise, 61",Eyewear,"Ray-Ban Unisex's Rb4075 Sunglasses, Tortoise, 61",1,1169,1169,Debit Card,2023,9,September,Saturday
ORD-2023-00084,3-Feb-23,C0414,P0385,"Puma Lifestyle Sport Tights For Women , Black , L",Sportswear,"Puma Lifestyle Sport Tights For Women , Black , L",1,269,269,Credit Card,2023,2,February,Friday
ORD-2024-00085,16-Dec-24,C0627,P0197,"Ray-Ban Aviator Unisex Sunglasses - Rb3025-001/58-62 - 62-14-140 mm , Polarized Lens",Eyewear,"Ray-Ban Aviator Unisex Sunglasses - Rb3025-001/58-62 - 62-14-140 mm , Polarized Lens",3,980,2940,UPI,2024,12,December,Monday
ORD-2023-00086,20-Dec-23,C0389,P0215,"Ray-Ban Classic Aviator Unisex Sunglasses - Rb3025-112-58-19-135, Green Lens",Eyewear,"Ray-Ban Classic Aviator Unisex Sunglasses - Rb3025-112-58-19-135, Green Lens",1,1134,1134,COD,2023,12,December,Wednesday
ORD-2023-00087,15-Mar-23,C0633,P0476,Lacoste Men's Blue Dial Stainless Steel Band Watch - 2010953L,Watches,Lacoste Men's Blue Dial Stainless Steel Band Watch - 2010953L,1,965,965,Net Banking,2023,3,March,Wednesday
ORD-2022-00088,1-Jul-22,C0328,P0440,"Emporio Armani Men'S White Dial Stainless Steel Band Watch Ar1839, Quartz, Analog",Watches,"Emporio Armani Men'S White Dial Stainless Steel Band Watch Ar1839, Quartz, Analog",1,1145,1145,Wallet,2022,7,July,Friday
ORD-2022-00089,17-Jul-22,C0458,P0463,Tissot Womens Round Black Dial Silicone Bracelet Watch [T048.217.27.057.00],Watches,Tissot Womens Round Black Dial Silicone Bracelet Watch [T048.217.27.057.00],1,2370,2370,Debit Card,2022,7,July,Sunday
ORD-2022-00090,30-Oct-22,C0391,P0117,"Lacoste Fairlead Fashion Sneakers Shoes for Men, Size 43 EU, White and Beige",Casual & Dress Shoes,"Lacoste Fairlead Fashion Sneakers Shoes for Men, Size 43 EU, White and Beige",2,469,938,Net Banking,2022,10,October,Sunday
ORD-2024-00091,30-Dec-24,C0444,P0272,"Flamingo Rectangle Sunglasseses For Unisex,Plastic,Blue",Eyewear,"Flamingo Rectangle Sunglasseses For Unisex,Plastic,Blue",3,279,837,Net Banking,2024,12,December,Monday
ORD-2024-00092,7-Apr-24,C0401,P0124,"Lacoste Europa Lace Up Shoes For Men Size 46 EU, White",Casual & Dress Shoes,"Lacoste Europa Lace Up Shoes For Men Size 46 EU, White",7,459,3213,Debit Card,2024,4,April,Sunday
ORD-2024-00093,22-Jul-24,C0196,P0055,"Skechers Flex Advantage Sr- Mcallen Sneaker For Men Size 46 EU, Black",Athletic Shoes,"Skechers Flex Advantage Sr- Mcallen Sneaker For Men Size 46 EU, Black",1,309,309,Net Banking,2024,7,July,Monday
ORD-2023-00094,23-May-23,C0180,P0528,"Casio Tough Solar Sports Men'S Black Dial Resin Band Watch Aq S810W 1Bv, Quartz, Analog",Watches,"Casio Tough Solar Sports Men'S Black Dial Resin Band Watch Aq S810W 1Bv, Quartz, Analog",1,346,346,UPI,2023,5,May,Tuesday
ORD-2023-00095,28-Oct-23,C0539,P0277,"Ray-Ban Round Sunglasses For Unisex - Brown, 4296, 51, 6331, 83",Eyewear,"Ray-Ban Round Sunglasses For Unisex - Brown, 4296, 51, 6331, 83",2,1060,2120,Wallet,2023,10,October,Saturday
ORD-2023-00096,19-Mar-23,C0307,P0482,"Akribos XXIV Men's Black Dial Leather Band Watch - AK911BK, Analog, Quartz Movement",Watches,"Akribos XXIV Men's Black Dial Leather Band Watch - AK911BK, Analog, Quartz Movement",3,1600,4800,Wallet,2023,3,March,Sunday
ORD-2023-00097,29-Nov-23,C0669,P0286,"Guess By Marciano Cat Eye Women's Sunglasses - Gm0751 - 56-17-135 mm, Grey Lens",Eyewear,"Guess By Marciano Cat Eye Women's Sunglasses - Gm0751 - 56-17-135 mm, Grey Lens",1,630,630,Credit Card,2023,11,November,Wednesday
ORD-2022-00098,25-May-22,C0508,P0264,"Ray-Ban Men's Injected Man Sunglass Polarized Iridium Rectangular, BLACK 64 mm",Eyewear,"Ray-Ban Men's Injected Man Sunglass Polarized Iridium Rectangular, BLACK 64 mm",1,1115,1115,UPI,2022,5,May,Wednesday
ORD-2024-00099,11-Dec-24,C0662,P0378,"Champion Hemmed Edge Pants For Men, S, Black",Sportswear,"Champion Hemmed Edge Pants For Men, S, Black",3,159,477,Net Banking,2024,12,December,Wednesday
ORD-2024-00100,26-Nov-24,C0304,P0310,"Oud Sharqia for Unisex - Eau de Parfum, 80ml",Perfumes & Fragrances,"Oud Sharqia for Unisex - Eau de Parfum, 80ml",3,157,471,Wallet,2024,11,November,Tuesday
ORD-2022-00101,23-Dec-22,C0508,P0011,"NiKE Tanjun Sneaker for Women, Grey - 38 EU",Athletic Shoes,"NiKE Tanjun Sneaker for Women, Grey - 38 EU",2,359,718,Debit Card,2022,12,December,Friday
ORD-2022-00102,2-Feb-22,C0022,P0329,"Trussardi Donna for Women - Eau de Parfum, 100ml",Perfumes & Fragrances,"Trussardi Donna for Women - Eau de Parfum, 100ml",1,314,314,UPI,2022,2,February,Wednesday
ORD-2024-00103,19-Jun-24,C0552,P0468,hugo boss Governor Men's Black Dial Stainless Steel Band Watch - 1513488,Watches,hugo boss Governor Men's Black Dial Stainless Steel Band Watch - 1513488,1,915,915,Wallet,2024,6,June,Wednesday
ORD-2023-00104,12-Mar-23,C0332,P0480,"Hugo Boss Dress Watch for Men , Leather , 1513628",Watches,"Hugo Boss Dress Watch for Men , Leather , 1513628",9,1365,12285,COD,2023,3,March,Sunday
ORD-2024-00105,26-Oct-24,C0005,P0124,"Lacoste Europa Lace Up Shoes For Men Size 46 EU, White",Casual & Dress Shoes,"Lacoste Europa Lace Up Shoes For Men Size 46 EU, White",2,459,918,UPI,2024,10,October,Saturday
ORD-2024-00106,25-Oct-24,C0667,P0106,Hugo Boss Casual Shoe for Men Size 42 EU - Dark Navy,Casual & Dress Shoes,Hugo Boss Casual Shoe for Men Size 42 EU - Dark Navy,2,749,1498,Wallet,2024,10,October,Friday
ORD-2024-00107,8-Jun-24,C0585,P0582,"Burberry Women's Silver Dial Stainless Steel Band Watch - BU9144, Analog, Quartz",Watches,"Burberry Women's Silver Dial Stainless Steel Band Watch - BU9144, Analog, Quartz",1,2455,2455,UPI,2024,6,June,Saturday
ORD-2023-00108,10-Dec-23,C0459,P0121,Lacoste Casual Shoe for Men Size 45 EU - Black,Casual & Dress Shoes,Lacoste Casual Shoe for Men Size 45 EU - Black,9,469,4221,Credit Card,2023,12,December,Sunday
ORD-2024-00109,6-Dec-24,C0607,P0167,Ray-Ban Sunglasses for Unisex -0RB3552i,Eyewear,Ray-Ban Sunglasses for Unisex -0RB3552i,3,614,1842,COD,2024,12,December,Friday
ORD-2024-00110,16-Nov-24,C0185,P0543,"JBW Wrist Watch for Women Diamond Inlay 16 Piece , Leather ,J6345B",Watches,"JBW Wrist Watch for Women Diamond Inlay 16 Piece , Leather ,J6345B",1,1800,1800,Credit Card,2024,11,November,Saturday
ORD-2023-00111,30-Dec-23,C0470,P0556,Michael Kors Lexington Women's White Dial Stainless Steel Band Watch - MK3230,Watches,Michael Kors Lexington Women's White Dial Stainless Steel Band Watch - MK3230,3,762,2286,Net Banking,2023,12,December,Saturday
ORD-2023-00112,31-May-23,C0664,P0292,"Oakley Men's Crossrange Sunglasses, Matte Black W/Prizm Black Polarized, 57",Eyewear,"Oakley Men's Crossrange Sunglasses, Matte Black W/Prizm Black Polarized, 57",1,1100,1100,Credit Card,2023,5,May,Wednesday
ORD-2024-00113,9-Dec-24,C0521,P0214,"Polaroid Sunglasses For Men Pld 1016/Sdl550Lb, Dark Green Lens, Square Frame",Eyewear,"Polaroid Sunglasses For Men Pld 1016/Sdl550Lb, Dark Green Lens, Square Frame",3,200,600,Credit Card,2024,12,December,Monday
ORD-2022-00114,10-Jun-22,C0404,P0578,"Akribos XXIV Men's Brown Dial Leather Band Watch - AK916RG, Analog, Japanese Quartz Movement",Watches,"Akribos XXIV Men's Brown Dial Leather Band Watch - AK916RG, Analog, Japanese Quartz Movement",1,1490,1490,Net Banking,2022,6,June,Friday
ORD-2022-00115,8-May-22,C0479,P0571,"Olivia Burton Marble Florals Dial Watch for Women, Analog, PU Leather Band - OB16CS19",Watches,"Olivia Burton Marble Florals Dial Watch for Women, Analog, PU Leather Band - OB16CS19",6,805,4830,UPI,2022,5,May,Sunday
ORD-2025-00116,1-Mar-25,C0055,P0577,Akribos XXIV Men's Classic Bubble Crystal 3 Interchangeable Leather Watch Set - AK1104RGBU-S,Watches,Akribos XXIV Men's Classic Bubble Crystal 3 Interchangeable Leather Watch Set - AK1104RGBU-S,2,1962.4,3924.8,UPI,2025,3,March,Saturday
ORD-2023-00117,1-Dec-23,C0179,P0047,"asics GEL-NIMBUS 22 Running Shoes for Women, Pink, 38 EU",Athletic Shoes,"asics GEL-NIMBUS 22 Running Shoes for Women, Pink, 38 EU",1,839,839,Wallet,2023,12,December,Friday
ORD-2024-00118,1-Jun-24,C0218,P0084,"Asics Gel-Saga Sneakers for Women, White, 38 EU",Athletic Shoes,"Asics Gel-Saga Sneakers for Women, White, 38 EU",2,379,758,UPI,2024,6,June,Saturday
ORD-2025-00119,4-Jun-25,C0608,P0244,Arnette AN 4185 2361/6Q Slickster - Matte Stone Washed Copper/Red by Arnette for Men - 58-16-145 mm,Eyewear,Arnette AN 4185 2361/6Q Slickster - Matte Stone Washed Copper/Red by Arnette for Men - 58-16-145 mm,3,390,1170,Credit Card,2025,6,June,Wednesday
ORD-2023-00120,8-Jun-23,C0620,P0579,"Akribos XXIV Men's Black Dial Stainless Steel Band Watch - AK901YGB, Analog, Japanese Quartz Movement",Watches,"Akribos XXIV Men's Black Dial Stainless Steel Band Watch - AK901YGB, Analog, Japanese Quartz Movement",3,2240,6720,Debit Card,2023,6,June,Thursday
ORD-2024-00121,17-Nov-24,C0222,P0430,Lacoste Women's Silver Dial Leather Band Watch - 2001007,Watches,Lacoste Women's Silver Dial Leather Band Watch - 2001007,1,929,929,Net Banking,2024,11,November,Sunday
ORD-2023-00122,13-Mar-23,C0236,P0092,"Nike Court Vision Low Faux Leather Contrast Side Logo Perforated Upper Training Shoes for Men - Gym Red, 44.5",Athletic Shoes,"Nike Court Vision Low Faux Leather Contrast Side Logo Perforated Upper Training Shoes for Men - Gym Red, 44.5",4,3491.03,13964.12,Credit Card,2023,3,March,Monday
ORD-2022-00123,3-Nov-22,C0154,P0391,"Under Armour Baseline Fleece Jogger7 Pant For Men , Size M , Brown",Sportswear,"Under Armour Baseline Fleece Jogger7 Pant For Men , Size M , Brown",2,239,478,Debit Card,2022,11,November,Thursday
ORD-2023-00124,18-Nov-23,C0339,P0242,"G-Star Unisex Square Sunglasseses - GS651S-214 5417, 150 mm, Blue Gradient",Eyewear,"G-Star Unisex Square Sunglasseses - GS651S-214 5417, 150 mm, Blue Gradient",2,1050,2100,COD,2023,11,November,Saturday
ORD-2024-00125,1-Nov-24,C0418,P0552,Michael Kors Slim Runway Watch for Women - Analog Leather Band - MK2389,Watches,Michael Kors Slim Runway Watch for Women - Analog Leather Band - MK2389,4,1061,4244,Net Banking,2024,11,November,Friday
ORD-2025-00126,14-Jan-25,C0506,P0502,"Casio His & Hers Black Dial Stainless Steel Band Couple Watch - MTP/LTP-V004D-1B For Unisex, Analog, Japanese Quartz",Watches,"Casio His & Hers Black Dial Stainless Steel Band Couple Watch - MTP/LTP-V004D-1B For Unisex, Analog, Japanese Quartz",4,270,1080,COD,2025,1,January,Tuesday
ORD-2022-00127,24-Sep-22,C0590,P0504,"Emporio Armani Men'S Black Dial Leather Band Watch Ar2482, Quartz, Analog",Watches,"Emporio Armani Men'S Black Dial Leather Band Watch Ar2482, Quartz, Analog",1,1095,1095,Credit Card,2022,9,September,Saturday
ORD-2024-00128,28-Mar-24,C0509,P0398,guess Men's Wallet 31GUE13143-Black,Wallets,guess Men's Wallet 31GUE13143-Black,1,160,160,Credit Card,2024,3,March,Thursday
ORD-2023-00129,8-Jan-23,C0105,P0064,"Nike Flex Method TR Sneaker for Men , Size 43 EU , Black",Athletic Shoes,"Nike Flex Method TR Sneaker for Men , Size 43 EU , Black",2,389,778,UPI,2023,1,January,Sunday
ORD-2023-00130,26-Nov-23,C0370,P0260,"Gucci Oval Unisex Sunglasses - Gg0124S00450 - 50-22-145 mm, Brown Lens",Eyewear,"Gucci Oval Unisex Sunglasses - Gg0124S00450 - 50-22-145 mm, Brown Lens",1,1619,1619,COD,2023,11,November,Sunday
ORD-2024-00131,1-Sep-24,C0414,P0067,"Adidas Lite Racer RBN Nylon Mesh Side Stripe Running Shoes with Pull Tab for Men - Core Black, 43 1/3",Athletic Shoes,"Adidas Lite Racer RBN Nylon Mesh Side Stripe Running Shoes with Pull Tab for Men - Core Black, 43 1/3",1,4121.21,4121.21,Credit Card,2024,9,September,Sunday
ORD-2023-00132,19-Nov-23,C0259,P0325,"Versace Eros Pour Femme for Women - Eau de Parfum, 100ml",Perfumes & Fragrances,"Versace Eros Pour Femme for Women - Eau de Parfum, 100ml",3,342,1026,Credit Card,2023,11,November,Sunday
ORD-2025-00133,16-Apr-25,C0235,P0350,"United Colors Of Benetton Hot Gold for Women - Eau de Toilette , 100ml",Perfumes & Fragrances,"United Colors Of Benetton Hot Gold for Women - Eau de Toilette , 100ml",2,77,154,Debit Card,2025,4,April,Wednesday
ORD-2023-00134,1-Nov-23,C0124,P0249,"Ray-Ban Men's Injected Man Sunglass Non-Polarized Iridium Round, SHINY RED HAVANA 51 mm",Eyewear,"Ray-Ban Men's Injected Man Sunglass Non-Polarized Iridium Round, SHINY RED HAVANA 51 mm",2,945,1890,COD,2023,11,November,Wednesday
ORD-2022-00135,28-Nov-22,C0606,P0449,"Scuderia Ferrari Casual Watch for Unisex , Silicone , 830482",Watches,"Scuderia Ferrari Casual Watch for Unisex , Silicone , 830482",1,395,395,Debit Card,2022,11,November,Monday
ORD-2022-00136,28-Sep-22,C0425,P0099,"Lacoste Jouer Fashion Sneakers Shoes for Men, Size 42 EU, Navy and White",Casual & Dress Shoes,"Lacoste Jouer Fashion Sneakers Shoes for Men, Size 42 EU, Navy and White",1,459,459,Net Banking,2022,9,September,Wednesday
ORD-2025-00137,8-May-25,C0261,P0325,"Versace Eros Pour Femme for Women - Eau de Parfum, 100ml",Perfumes & Fragrances,"Versace Eros Pour Femme for Women - Eau de Parfum, 100ml",1,342,342,Wallet,2025,5,May,Thursday
ORD-2024-00138,27-Nov-24,C0110,P0268,"Just Cavalli Cat Eye Women's Sunglasses - JC759S - 52-20-140mm, Grey",Eyewear,"Just Cavalli Cat Eye Women's Sunglasses - JC759S - 52-20-140mm, Grey",3,625,1875,Net Banking,2024,11,November,Wednesday
ORD-2024-00139,6-Jan-24,C0009,P0476,Lacoste Men's Blue Dial Stainless Steel Band Watch - 2010953L,Watches,Lacoste Men's Blue Dial Stainless Steel Band Watch - 2010953L,1,965,965,COD,2024,1,January,Saturday
ORD-2024-00140,26-Jun-24,C0113,P0585,Casio MTP-1314D-2A Analog Quartz Stainless Steel Casual Watch for Men - Silver,Watches,Casio MTP-1314D-2A Analog Quartz Stainless Steel Casual Watch for Men - Silver,2,400,800,Wallet,2024,6,June,Wednesday
ORD-2022-00141,25-Dec-22,C0257,P0025,"Nike Sport Sneaker Shoes for Men , 44 EU , Black",Athletic Shoes,"Nike Sport Sneaker Shoes for Men , 44 EU , Black",2,319,638,Debit Card,2022,12,December,Sunday
ORD-2024-00142,18-Sep-24,C0533,P0556,Michael Kors Lexington Women's White Dial Stainless Steel Band Watch - MK3230,Watches,Michael Kors Lexington Women's White Dial Stainless Steel Band Watch - MK3230,1,762,762,Credit Card,2024,9,September,Wednesday
ORD-2025-00143,8-Apr-25,C0185,P0445,Ferrari Redrev T Men's Black Dial Stainless Steel Watch - 830254,Watches,Ferrari Redrev T Men's Black Dial Stainless Steel Watch - 830254,1,1694.1,1694.1,Wallet,2025,4,April,Tuesday
ORD-2022-00144,29-Oct-22,C0402,P0304,"Guess Girl for Women - Eau de Toilette, 100ml",Perfumes & Fragrances,"Guess Girl for Women - Eau de Toilette, 100ml",7,263,1841,Wallet,2022,10,October,Saturday
ORD-2023-00145,25-Apr-23,C0370,P0009,"Nike Air Zoom Pegasus 36 Running Sneakers for Men , Black , Size 43 EU",Athletic Shoes,"Nike Air Zoom Pegasus 36 Running Sneakers for Men , Black , Size 43 EU",1,609,609,Net Banking,2023,4,April,Tuesday
ORD-2023-00146,30-May-23,C0021,P0516,"Casio Men's Black Dial Leather Band Watch - MTP-1370L-1AV, Analog, Quartz",Watches,"Casio Men's Black Dial Leather Band Watch - MTP-1370L-1AV, Analog, Quartz",1,210,210,Credit Card,2023,5,May,Tuesday
ORD-2025-00147,21-Feb-25,C0279,P0311,"Montblanc Emblem for Men - Eau de Toilette, 100ml",Perfumes & Fragrances,"Montblanc Emblem for Men - Eau de Toilette, 100ml",2,336,672,UPI,2025,2,February,Friday
ORD-2025-00148,12-Feb-25,C0200,P0546,"Akribos XXIV Men's Black Dial Leather Band Watch - AK769YG, Analog, Quartz",Watches,"Akribos XXIV Men's Black Dial Leather Band Watch - AK769YG, Analog, Quartz",1,1600,1600,UPI,2025,2,February,Wednesday
ORD-2022-00149,13-Jan-22,C0356,P0495,"Casio Unisex Ana Digi Dial Stainless Steel Band Watch Aq230A 1Dmq, Quartz, Analog Digital",Watches,"Casio Unisex Ana Digi Dial Stainless Steel Band Watch Aq230A 1Dmq, Quartz, Analog Digital",1,154,154,Wallet,2022,1,January,Thursday
ORD-2022-00150,25-Dec-22,C0079,P0269,"Ray-Ban Butterfly Unisex Sunglasses - 4250 6034/2Y 52, Beige Lens",Eyewear,"Ray-Ban Butterfly Unisex Sunglasses - 4250 6034/2Y 52, Beige Lens",1,1170,1170,Net Banking,2022,12,December,Sunday
ORD-2024-00151,22-Jul-24,C0230,P0151,"Polaroid Sunglasses For Women, Grey, Oval Frame",Eyewear,"Polaroid Sunglasses For Women, Grey, Oval Frame",4,250,1000,Credit Card,2024,7,July,Monday
ORD-2022-00152,20-Mar-22,C0030,P0283,"Ray-Ban Aviator Men's Sunglasses - Rb 3560-004/51 - 61-17-145 mm, Brown Lens",Eyewear,"Ray-Ban Aviator Men's Sunglasses - Rb 3560-004/51 - 61-17-145 mm, Brown Lens",2,840,1680,Debit Card,2022,3,March,Sunday
ORD-2022-00153,7-Mar-22,C0369,P0569,Casio Men Black Dial Resin Band Watch aeq-110bw-9a,Watches,Casio Men Black Dial Resin Band Watch aeq-110bw-9a,1,313.95,313.95,Debit Card,2022,3,March,Monday
ORD-2022-00154,26-Aug-22,C0280,P0355,"Juicy Couture Viva La Juicy for Women - Eau de Parfum, 100ml",Perfumes & Fragrances,"Juicy Couture Viva La Juicy for Women - Eau de Parfum, 100ml",4,218,872,Net Banking,2022,8,August,Friday
ORD-2023-00155,1-Jan-23,C0434,P0459,"Emporio Armani Men'S Black Dial Stainless Steel Band Watch Ar1977, Quartz, Analog",Watches,"Emporio Armani Men'S Black Dial Stainless Steel Band Watch Ar1977, Quartz, Analog",2,1148,2296,Net Banking,2023,1,January,Sunday
ORD-2024-00156,28-Jan-24,C0225,P0173,"Ray Ban Rectangle Sunglasses For Men - Gray Lens, Rb4179-601S82, 140 mm",Eyewear,"Ray Ban Rectangle Sunglasses For Men - Gray Lens, Rb4179-601S82, 140 mm",1,1680,1680,UPI,2024,1,January,Sunday
ORD-2024-00157,29-Jul-24,C0380,P0452,"Casio Analog, Casual Watch For Men - MTP-1314D-7AVDF, Stainless Steel",Watches,"Casio Analog, Casual Watch For Men - MTP-1314D-7AVDF, Stainless Steel",1,184,184,Debit Card,2024,7,July,Monday
ORD-2022-00158,21-Dec-22,C0273,P0169,"Ray-Ban Aviator Unisex Sunglasses - Rb3449-001/1359, Brown Lens",Eyewear,"Ray-Ban Aviator Unisex Sunglasses - Rb3449-001/1359, Brown Lens",2,1014,2028,Credit Card,2022,12,December,Wednesday
ORD-2024-00159,27-Aug-24,C0180,P0542,"JBW The G4 Calfskin Leather Band Men's Watch, 16 Diamonds, Swiss Multi-Function Movement (J6248LM)",Watches,"JBW The G4 Calfskin Leather Band Men's Watch, 16 Diamonds, Swiss Multi-Function Movement (J6248LM)",5,4481,22405,Wallet,2024,8,August,Tuesday
ORD-2023-00160,26-Mar-23,C0044,P0454,"Casio MTP-V004D-1B For Men Analog, Dress Watch , Stainless Steel",Watches,"Casio MTP-V004D-1B For Men Analog, Dress Watch , Stainless Steel",2,114,228,Net Banking,2023,3,March,Sunday
ORD-2023-00161,23-Dec-23,C0025,P0232,"Polaroid Sunglasses For Unisex, Black- Pld 2054/S-003 M9, Square Frame",Eyewear,"Polaroid Sunglasses For Unisex, Black- Pld 2054/S-003 M9, Square Frame",2,250,500,COD,2023,12,December,Saturday
ORD-2023-00162,23-Sep-23,C0298,P0352,"Brit Rhythm by Burberry for Men - Eau de Toilette, 50ml",Perfumes & Fragrances,"Brit Rhythm by Burberry for Men - Eau de Toilette, 50ml",3,399,1197,Debit Card,2023,9,September,Saturday
ORD-2023-00163,14-Nov-23,C0438,P0232,"Polaroid Sunglasses For Unisex, Black- Pld 2054/S-003 M9, Square Frame",Eyewear,"Polaroid Sunglasses For Unisex, Black- Pld 2054/S-003 M9, Square Frame",1,250,250,Wallet,2023,11,November,Tuesday
ORD-2023-00164,17-Nov-23,C0217,P0132,Lacoste Casual Shoe for Men Size 46 EU - White,Casual & Dress Shoes,Lacoste Casual Shoe for Men Size 46 EU - White,2,539,1078,Credit Card,2023,11,November,Friday
ORD-2023-00165,9-Jun-23,C0495,P0458,JBW Skye 0.05 ctw Diamond Women's White MOP Dial Genuine Leather Band Watch - J6378C,Watches,JBW Skye 0.05 ctw Diamond Women's White MOP Dial Genuine Leather Band Watch - J6378C,3,1879,5637,Credit Card,2023,6,June,Friday
ORD-2023-00166,28-Dec-23,C0112,P0243,Marc Jacobs Cat Eye Sunglasses for Unisex - Purple Lens,Eyewear,Marc Jacobs Cat Eye Sunglasses for Unisex - Purple Lens,1,850,850,COD,2023,12,December,Thursday
ORD-2023-00167,12-Feb-23,C0199,P0502,"Casio His & Hers Black Dial Stainless Steel Band Couple Watch - MTP/LTP-V004D-1B For Unisex, Analog, Japanese Quartz",Watches,"Casio His & Hers Black Dial Stainless Steel Band Couple Watch - MTP/LTP-V004D-1B For Unisex, Analog, Japanese Quartz",2,270,540,Wallet,2023,2,February,Sunday
ORD-2024-00168,28-Feb-24,C0131,P0084,"Asics Gel-Saga Sneakers for Women, White, 38 EU",Athletic Shoes,"Asics Gel-Saga Sneakers for Women, White, 38 EU",3,379,1137,COD,2024,2,February,Wednesday
ORD-2024-00169,17-May-24,C0173,P0336,"Calvin Klein Euphoria Intense for Men - Eau de Toilette, 100ml",Perfumes & Fragrances,"Calvin Klein Euphoria Intense for Men - Eau de Toilette, 100ml",2,282,564,UPI,2024,5,May,Friday
ORD-2022-00170,10-Nov-22,C0201,P0187,Ray Ban Clubmaster Unisex Sunglasses - RB3016W036-W0365 - 51-50 -25-145 mm,Eyewear,Ray Ban Clubmaster Unisex Sunglasses - RB3016W036-W0365 - 51-50 -25-145 mm,3,870,2610,Debit Card,2022,11,November,Thursday
ORD-2023-00171,4-Sep-23,C0554,P0380,adidas   Colorblock 3/4 Sport Leggings for Women - Black,Sportswear,adidas   Colorblock 3/4 Sport Leggings for Women - Black,2,169,338,UPI,2023,9,September,Monday
ORD-2024-00172,31-Jul-24,C0382,P0027,"adidas Grand Court Base Sneakers for Men, Size 42 2/3 EU, White - EE7904",Athletic Shoes,"adidas Grand Court Base Sneakers for Men, Size 42 2/3 EU, White - EE7904",4,569,2276,Debit Card,2024,7,July,Wednesday
ORD-2023-00173,26-Aug-23,C0284,P0481,"Burberry BU9006 For Men Analog, Casual Watch",Watches,"Burberry BU9006 For Men Analog, Casual Watch",1,2034,2034,Wallet,2023,8,August,Saturday
ORD-2022-00174,6-Jul-22,C0558,P0547,"Diesel Mr. Daddy Men'S Black Dial Leather Band Watch Dz7313, Japanese Quartz, Analog",Watches,"Diesel Mr. Daddy Men'S Black Dial Leather Band Watch Dz7313, Japanese Quartz, Analog",3,1345,4035,Debit Card,2022,7,July,Wednesday
ORD-2022-00175,23-Apr-22,C0641,P0380,adidas   Colorblock 3/4 Sport Leggings for Women - Black,Sportswear,adidas   Colorblock 3/4 Sport Leggings for Women - Black,2,169,338,Net Banking,2022,4,April,Saturday
ORD-2023-00176,18-Dec-23,C0643,P0119,"Lacoste Graduate Lace Up Shoes For Men Size 46 EU, White",Casual & Dress Shoes,"Lacoste Graduate Lace Up Shoes For Men Size 46 EU, White",1,449,449,Credit Card,2023,12,December,Monday
ORD-2022-00177,26-Mar-22,C0519,P0057,Nike Sb Check Solar Cnvs Sneaker For Men (Black - 43 EU),Athletic Shoes,Nike Sb Check Solar Cnvs Sneaker For Men (Black - 43 EU),1,299,299,Debit Card,2022,3,March,Saturday
ORD-2022-00178,27-Oct-22,C0166,P0199,"Ray-Ban 0rb3647n Non-Polarized Iridium Round Sunglasses, Gold, 51 mm",Eyewear,"Ray-Ban 0rb3647n Non-Polarized Iridium Round Sunglasses, Gold, 51 mm",4,1270,5080,Net Banking,2022,10,October,Thursday
ORD-2023-00179,8-Jan-23,C0375,P0119,"Lacoste Graduate Lace Up Shoes For Men Size 46 EU, White",Casual & Dress Shoes,"Lacoste Graduate Lace Up Shoes For Men Size 46 EU, White",1,449,449,UPI,2023,1,January,Sunday
ORD-2024-00180,25-Aug-24,C0360,P0162,"Carrera Aviator Men's Sunglasses - Carrera 113/S -003-57-17-145-QT, 145 mm Green",Eyewear,"Carrera Aviator Men's Sunglasses - Carrera 113/S -003-57-17-145-QT, 145 mm Green",2,750,1500,Credit Card,2024,8,August,Sunday
ORD-2024-00181,19-Nov-24,C0046,P0392,"Tommy Hilfiger Bifold WAllet For Women,LeAther,Multi Color",Wallets,"Tommy Hilfiger Bifold WAllet For Women,LeAther,Multi Color",7,469,3283,COD,2024,11,November,Tuesday
ORD-2023-00182,12-Jan-23,C0491,P0275,"Arnette Sunglasses, Square, For Women, Grey, 0An4243 252181 60",Eyewear,"Arnette Sunglasses, Square, For Women, Grey, 0An4243 252181 60",2,500,1000,UPI,2023,1,January,Thursday
ORD-2024-00183,6-Jan-24,C0140,P0021,"Nike Quest 2 Nylon-Mesh Contrast Side Logo Running Shoes for Men - White, 45",Athletic Shoes,"Nike Quest 2 Nylon-Mesh Contrast Side Logo Running Shoes for Men - White, 45",1,3553.17,3553.17,Wallet,2024,1,January,Saturday
ORD-2023-00184,7-Mar-23,C0274,P0423,"Calvin Klein Omega Billfold Wallet, Black, 12 cm K50K504998",Wallets,"Calvin Klein Omega Billfold Wallet, Black, 12 cm K50K504998",1,229,229,Wallet,2023,3,March,Tuesday
ORD-2024-00185,30-Dec-24,C0302,P0103,Jack and Jones Shoes for Men  - Navy - 44 EU,Casual & Dress Shoes,Jack and Jones Shoes for Men  - Navy - 44 EU,2,189,378,Debit Card,2024,12,December,Monday
ORD-2022-00186,28-Nov-22,C0404,P0244,Arnette AN 4185 2361/6Q Slickster - Matte Stone Washed Copper/Red by Arnette for Men - 58-16-145 mm,Eyewear,Arnette AN 4185 2361/6Q Slickster - Matte Stone Washed Copper/Red by Arnette for Men - 58-16-145 mm,1,390,390,Debit Card,2022,11,November,Monday
ORD-2025-00187,5-Apr-25,C0534,P0250,"Gucci Oval Unisex Sunglasses - Gg0124Sa00152 - 52-21-150 mm, Grey Lens",Eyewear,"Gucci Oval Unisex Sunglasses - Gg0124Sa00152 - 52-21-150 mm, Grey Lens",1,1619,1619,Net Banking,2025,4,April,Saturday
ORD-2022-00188,12-Nov-22,C0259,P0426,"Dickies Trifold Wallet for Men,Brown,31DI210003-Brown",Wallets,"Dickies Trifold Wallet for Men,Brown,31DI210003-Brown",4,60,240,UPI,2022,11,November,Saturday
ORD-2025-00189,24-Mar-25,C0405,P0558,JBW Men's G3 World Traveler Set 0.16 ctw Diamond Mesh Bracelet Watch - J6355-SetA,Watches,JBW Men's G3 World Traveler Set 0.16 ctw Diamond Mesh Bracelet Watch - J6355-SetA,2,4623,9246,COD,2025,3,March,Monday
ORD-2022-00190,27-Jan-22,C0428,P0224,"Ray-Ban Aviator Unisex Sunglasses - Rb3025-W0879-58-14-135, Green Lens",Eyewear,"Ray-Ban Aviator Unisex Sunglasses - Rb3025-W0879-58-14-135, Green Lens",3,945,2835,Debit Card,2022,1,January,Thursday
ORD-2023-00191,10-Jun-23,C0292,P0181,"Ray-Ban Sunglasses For Unisex, Grey, 3647N, Round Frame",Eyewear,"Ray-Ban Sunglasses For Unisex, Grey, 3647N, Round Frame",6,850,5100,Wallet,2023,6,June,Saturday
ORD-2025-00192,24-Mar-25,C0200,P0358,"Fatale by Agent Provocateur for Women - Eau de Parfum, 50ml",Perfumes & Fragrances,"Fatale by Agent Provocateur for Women - Eau de Parfum, 50ml",2,1893,3786,UPI,2025,3,March,Monday
ORD-2024-00193,4-Nov-24,C0401,P0254,"Ray-Ban Round Unisex Sunglasses - 4257 6092/55 53, Blue Lens",Eyewear,"Ray-Ban Round Unisex Sunglasses - 4257 6092/55 53, Blue Lens",2,890,1780,Credit Card,2024,11,November,Monday
ORD-2023-00194,26-Sep-23,C0592,P0188,"Carrera Sunglasses for Unisex Aviator- Grey Lens,  132/S 2M2",Eyewear,"Carrera Sunglasses for Unisex Aviator- Grey Lens,  132/S 2M2",2,765,1530,Debit Card,2023,9,September,Tuesday
ORD-2022-00195,25-Nov-22,C0344,P0446,"Casio Men's Ana-Digi Dial Resin Band Watch - AQ-S810W-2AV, Quartz",Watches,"Casio Men's Ana-Digi Dial Resin Band Watch - AQ-S810W-2AV, Quartz",2,208,416,Credit Card,2022,11,November,Friday
ORD-2025-00196,18-Jan-25,C0352,P0219,"Sunglasses For Unisex By Ray-Ban, Metal, Gold, Rb3025 001 62, Green Lens, Panto Frame",Eyewear,"Sunglasses For Unisex By Ray-Ban, Metal, Gold, Rb3025 001 62, Green Lens, Panto Frame",3,658,1974,UPI,2025,1,January,Saturday
ORD-2022-00197,10-Nov-22,C0380,P0592,"Emporio Armani Watch For Men Leather Quartz Ar1945, Analog",Watches,"Emporio Armani Watch For Men Leather Quartz Ar1945, Analog",1,980,980,Debit Card,2022,11,November,Thursday
ORD-2023-00198,17-Jan-23,C0173,P0148,"Ray-Ban Rectangular Unisex Sunglasses - Rb4165 601/71 54-16, Green Lens, Rectangle Frame",Eyewear,"Ray-Ban Rectangular Unisex Sunglasses - Rb4165 601/71 54-16, Green Lens, Rectangle Frame",2,725,1450,COD,2023,1,January,Tuesday
ORD-2025-00199,20-Jan-25,C0311,P0029,"Nike Flex Experience RN 8 Sneaker for Men , Size 42.5 EU , Grey",Athletic Shoes,"Nike Flex Experience RN 8 Sneaker for Men , Size 42.5 EU , Grey",1,359,359,Wallet,2025,1,January,Monday
ORD-2022-00200,14-Jun-22,C0448,P0517,"Casio Classic Unisex Gold Dial Resin Band Watch - MQ-24-9E, Analog, Quartz",Watches,"Casio Classic Unisex Gold Dial Resin Band Watch - MQ-24-9E, Analog, Quartz",7,45,315,Wallet,2022,6,June,Tuesday
ORD-2022-00201,21-May-22,C0447,P0386,Under Armour Mid Crossback Training Sports Bra for Women,Sportswear,Under Armour Mid Crossback Training Sports Bra for Women,4,139,556,COD,2022,5,May,Saturday
ORD-2023-00202,10-Dec-23,C0068,P0066,"Nike SB Charge Canvas Sneaker for Men , Size 40 EU , Black",Athletic Shoes,"Nike SB Charge Canvas Sneaker for Men , Size 40 EU , Black",6,259,1554,Debit Card,2023,12,December,Sunday
ORD-2022-00203,3-Dec-22,C0246,P0037,Nike Flex Essential Training Shoes for Women (Black - 38 EU),Athletic Shoes,Nike Flex Essential Training Shoes for Women (Black - 38 EU),4,309,1236,Debit Card,2022,12,December,Saturday
ORD-2024-00204,7-Dec-24,C0254,P0011,"NiKE Tanjun Sneaker for Women, Grey - 38 EU",Athletic Shoes,"NiKE Tanjun Sneaker for Women, Grey - 38 EU",4,359,1436,Debit Card,2024,12,December,Saturday
ORD-2023-00205,30-Jun-23,C0034,P0188,"Carrera Sunglasses for Unisex Aviator- Grey Lens,  132/S 2M2",Eyewear,"Carrera Sunglasses for Unisex Aviator- Grey Lens,  132/S 2M2",1,765,765,Net Banking,2023,6,June,Friday
ORD-2024-00206,22-Jun-24,C0390,P0055,"Skechers Flex Advantage Sr- Mcallen Sneaker For Men Size 46 EU, Black",Athletic Shoes,"Skechers Flex Advantage Sr- Mcallen Sneaker For Men Size 46 EU, Black",1,309,309,Net Banking,2024,6,June,Saturday
ORD-2023-00207,15-Jul-23,C0138,P0096,Lacoste Casual Shoe For Men Size 45 EU - White,Casual & Dress Shoes,Lacoste Casual Shoe For Men Size 45 EU - White,2,519,1038,Wallet,2023,7,July,Saturday
ORD-2025-00208,12-Apr-25,C0220,P0143,"Carrera Sunglasses for Unisex , Black Aviator",Eyewear,"Carrera Sunglasses for Unisex , Black Aviator",1,650,650,Debit Card,2025,4,April,Saturday
ORD-2022-00209,9-Apr-22,C0401,P0452,"Casio Analog, Casual Watch For Men - MTP-1314D-7AVDF, Stainless Steel",Watches,"Casio Analog, Casual Watch For Men - MTP-1314D-7AVDF, Stainless Steel",2,184,368,Net Banking,2022,4,April,Saturday
ORD-2022-00210,26-Dec-22,C0317,P0173,"Ray Ban Rectangle Sunglasses For Men - Gray Lens, Rb4179-601S82, 140 mm",Eyewear,"Ray Ban Rectangle Sunglasses For Men - Gray Lens, Rb4179-601S82, 140 mm",1,1680,1680,COD,2022,12,December,Monday
ORD-2023-00211,10-Dec-23,C0029,P0003,"Nike air Heights Sneaker for Women , Size 38 EU , White",Athletic Shoes,"Nike air Heights Sneaker for Women , Size 38 EU , White",7,419,2933,Net Banking,2023,12,December,Sunday
ORD-2024-00212,14-Dec-24,C0361,P0504,"Emporio Armani Men'S Black Dial Leather Band Watch Ar2482, Quartz, Analog",Watches,"Emporio Armani Men'S Black Dial Leather Band Watch Ar2482, Quartz, Analog",1,1095,1095,UPI,2024,12,December,Saturday
ORD-2022-00213,26-Feb-22,C0257,P0520,"Emporio Armani Classic Men'S Blue Dial Stainless Steel Band Watch Ar2477, Japanese Quartz, Analog",Watches,"Emporio Armani Classic Men'S Blue Dial Stainless Steel Band Watch Ar2477, Japanese Quartz, Analog",2,1149,2298,Wallet,2022,2,February,Saturday
ORD-2022-00214,15-Apr-22,C0521,P0485,Scuderia Ferrari Aspire Men's Black Dial Stainless Steel Band Watch - 830535,Watches,Scuderia Ferrari Aspire Men's Black Dial Stainless Steel Band Watch - 830535,1,1115,1115,Credit Card,2022,4,April,Friday
ORD-2022-00215,6-May-22,C0140,P0416,Levi's Men's Trifold Wallet [31LV1179],Wallets,Levi's Men's Trifold Wallet [31LV1179],3,120,360,UPI,2022,5,May,Friday
ORD-2022-00216,22-Jan-22,C0359,P0096,Lacoste Casual Shoe For Men Size 45 EU - White,Casual & Dress Shoes,Lacoste Casual Shoe For Men Size 45 EU - White,3,519,1557,UPI,2022,1,January,Saturday
ORD-2024-00217,7-Nov-24,C0560,P0576,JBW Victor Men's 16 Diamonds Gold Dial Gold-Plated Stainless Steel Band Watch - JB-8102-A,Watches,JBW Victor Men's 16 Diamonds Gold Dial Gold-Plated Stainless Steel Band Watch - JB-8102-A,2,3374,6748,Debit Card,2024,11,November,Thursday
ORD-2022-00218,13-Feb-22,C0128,P0328,"Chopard Wish for Women - Eau de Parfum, 75ml",Perfumes & Fragrances,"Chopard Wish for Women - Eau de Parfum, 75ml",2,209,418,Wallet,2022,2,February,Sunday
ORD-2024-00219,26-Dec-24,C0005,P0327,"Davidoff The Game for Men - Eau de Toilette, 100ml",Perfumes & Fragrances,"Davidoff The Game for Men - Eau de Toilette, 100ml",2,252,504,Net Banking,2024,12,December,Thursday
ORD-2022-00220,10-Oct-22,C0305,P0263,"Ray-Ban Men's Aviator Large Metal Aviator Sunglasses, Gold (Frames: gold Glass: Course light blue 001/3F), 58 mm",Eyewear,"Ray-Ban Men's Aviator Large Metal Aviator Sunglasses, Gold (Frames: gold Glass: Course light blue 001/3F), 58 mm",2,802,1604,Debit Card,2022,10,October,Monday
ORD-2023-00221,29-Dec-23,C0275,P0531,"Burgi Women's Mother of Pearl Dial Leather Band Watch - BUR087BU, Analog, Swiss Quartz",Watches,"Burgi Women's Mother of Pearl Dial Leather Band Watch - BUR087BU, Analog, Swiss Quartz",1,2240,2240,UPI,2023,12,December,Friday
ORD-2022-00222,18-Mar-22,C0379,P0228,Polaroid Unisex Round Sunglasses - PLD 2053/S 80751M9,Eyewear,Polaroid Unisex Round Sunglasses - PLD 2053/S 80751M9,2,250,500,Net Banking,2022,3,March,Friday
ORD-2023-00223,12-Aug-23,C0058,P0125,Lacoste Casual Shoe for Women Size 39 EU - Pink,Casual & Dress Shoes,Lacoste Casual Shoe for Women Size 39 EU - Pink,2,339,678,Net Banking,2023,8,August,Saturday
ORD-2025-00224,4-Jun-25,C0559,P0318,"Elizabeth Arden 5th Avenue for Women - Eau de Parfum, 125ml",Perfumes & Fragrances,"Elizabeth Arden 5th Avenue for Women - Eau de Parfum, 125ml",1,385,385,Credit Card,2025,6,June,Wednesday
ORD-2022-00225,27-Jan-22,C0519,P0077,"Asics GEL-Lyte V Sanze Sneakers for Unisex, Sand, 44 EU",Athletic Shoes,"Asics GEL-Lyte V Sanze Sneakers for Unisex, Sand, 44 EU",1,449,449,Wallet,2022,1,January,Thursday
ORD-2022-00226,14-Nov-22,C0532,P0254,"Ray-Ban Round Unisex Sunglasses - 4257 6092/55 53, Blue Lens",Eyewear,"Ray-Ban Round Unisex Sunglasses - 4257 6092/55 53, Blue Lens",1,890,890,UPI,2022,11,November,Monday
ORD-2023-00227,23-Dec-23,C0213,P0414,Levi's 31LV240021 RFID Tri-Fold Wallet BROWN,Wallets,Levi's 31LV240021 RFID Tri-Fold Wallet BROWN,8,110,880,Wallet,2023,12,December,Saturday
ORD-2023-00228,4-Jun-23,C0326,P0428,"Nautica 31NU22X026-200 Bowline Passcase Wallet for Men - Leather, Brown",Wallets,"Nautica 31NU22X026-200 Bowline Passcase Wallet for Men - Leather, Brown",1,100,100,Net Banking,2023,6,June,Sunday
ORD-2024-00229,25-Sep-24,C0107,P0209,"Emporio Armani Sunglasses For Men - Multi Color, 4115-56691W-54, Square Frame",Eyewear,"Emporio Armani Sunglasses For Men - Multi Color, 4115-56691W-54, Square Frame",7,730,5110,Credit Card,2024,9,September,Wednesday
ORD-2024-00230,18-May-24,C0024,P0486,"Akribos XXIV Swiss Quartz Chronograph Strap Men's Black Leather Band Watch - AK969BK, Analog",Watches,"Akribos XXIV Swiss Quartz Chronograph Strap Men's Black Leather Band Watch - AK969BK, Analog",1,1970,1970,Credit Card,2024,5,May,Saturday
ORD-2023-00231,26-Mar-23,C0325,P0150,"Polaroid Sunglasses for Unisex , Blue",Eyewear,"Polaroid Sunglasses for Unisex , Blue",2,250,500,COD,2023,3,March,Sunday
ORD-2024-00232,23-Nov-24,C0160,P0205,Polaroid Wayfarer Men's Sunglasses - PLD 2056/S 00358M9,Eyewear,Polaroid Wayfarer Men's Sunglasses - PLD 2056/S 00358M9,1,250,250,Credit Card,2024,11,November,Saturday
ORD-2022-00233,14-Jan-22,C0355,P0280,"Ray-Ban Half Frame Unisex Sunglasses - 4280 6289/B7 55, Blue Lens",Eyewear,"Ray-Ban Half Frame Unisex Sunglasses - 4280 6289/B7 55, Blue Lens",1,994,994,Wallet,2022,1,January,Friday
ORD-2022-00234,16-Oct-22,C0152,P0168,Carrera Carrera 126/S QGGHD (Black - Gun with Grey Gradient lenses),Eyewear,Carrera Carrera 126/S QGGHD (Black - Gun with Grey Gradient lenses),2,750,1500,COD,2022,10,October,Sunday
ORD-2022-00235,17-Aug-22,C0212,P0001,Nike SB Check Solar Cnvs Skateboarding Shoes for Men,Athletic Shoes,Nike SB Check Solar Cnvs Skateboarding Shoes for Men,3,299,897,Credit Card,2022,8,August,Wednesday
ORD-2024-00236,7-Jul-24,C0645,P0058,"Under Armour Jet Sneakers for Men , Size 41/42 EU",Athletic Shoes,"Under Armour Jet Sneakers for Men , Size 41/42 EU",1,369,369,Debit Card,2024,7,July,Sunday
ORD-2022-00237,24-Dec-22,C0082,P0494,JBW Jet Setter Men's 234 Diamonds Gold Dial Gold Plated Stainless Steel Band Watch - JB-6213-A,Watches,JBW Jet Setter Men's 234 Diamonds Gold Dial Gold Plated Stainless Steel Band Watch - JB-6213-A,1,29970,29970,Credit Card,2022,12,December,Saturday
ORD-2022-00238,14-Aug-22,C0252,P0004,"Nike Fitness Shoes For Men , 43 EU , Black",Athletic Shoes,"Nike Fitness Shoes For Men , 43 EU , Black",2,319,638,Net Banking,2022,8,August,Sunday
ORD-2023-00239,3-Dec-23,C0239,P0580,"August Steiner Men's Black Dial Stainless Steel Band Watch - AS8050RG, Analog, Swiss Quartz",Watches,"August Steiner Men's Black Dial Stainless Steel Band Watch - AS8050RG, Analog, Swiss Quartz",3,1490,4470,UPI,2023,12,December,Sunday
ORD-2023-00240,10-Oct-23,C0326,P0400,Kenneth Cole REACTION Men's RFID Security Blocking Slimfold Wallet,Wallets,Kenneth Cole REACTION Men's RFID Security Blocking Slimfold Wallet,1,125,125,Net Banking,2023,10,October,Tuesday
ORD-2022-00241,27-Nov-22,C0541,P0515,Michael Kors Parker Women's Pink Dial Stainless Steel Band Chronograph Watch - MK6140,Watches,Michael Kors Parker Women's Pink Dial Stainless Steel Band Chronograph Watch - MK6140,5,909,4545,UPI,2022,11,November,Sunday
ORD-2022-00242,16-Oct-22,C0349,P0441,"Casio  LTP-1275G-9A For Women Analog-Dress Watch, Stainless Steel, Quartz",Watches,"Casio  LTP-1275G-9A For Women Analog-Dress Watch, Stainless Steel, Quartz",1,162,162,COD,2022,10,October,Sunday
ORD-2022-00243,5-Aug-22,C0565,P0349,"Gucci Premiere for Women - Eau de Toilette, 75ml",Perfumes & Fragrances,"Gucci Premiere for Women - Eau de Toilette, 75ml",1,370,370,Debit Card,2022,8,August,Friday
ORD-2025-00244,27-Jan-25,C0031,P0151,"Polaroid Sunglasses For Women, Grey, Oval Frame",Eyewear,"Polaroid Sunglasses For Women, Grey, Oval Frame",2,250,500,Credit Card,2025,1,January,Monday
ORD-2022-00245,24-Dec-22,C0210,P0201,"U.S. Polo Assn. Sunglasses For Men - Brown, 711 BRN",Eyewear,"U.S. Polo Assn. Sunglasses For Men - Brown, 711 BRN",1,240,240,Credit Card,2022,12,December,Saturday
ORD-2024-00246,19-Aug-24,C0336,P0342,"S.T.Dupont Pour Homme for Men - Eau de Toilette, 100ml",Perfumes & Fragrances,"S.T.Dupont Pour Homme for Men - Eau de Toilette, 100ml",3,221,663,UPI,2024,8,August,Monday
ORD-2022-00247,17-Dec-22,C0371,P0194,"Emporio Armani Rectangle Sunglasses for Men , Grey Lenses , 8053672481389",Eyewear,"Emporio Armani Rectangle Sunglasses for Men , Grey Lenses , 8053672481389",6,890,5340,Wallet,2022,12,December,Saturday
ORD-2023-00248,21-Feb-23,C0303,P0210,Ray-Ban Pilot Sunglasses for Men - 3386-63-004-13,Eyewear,Ray-Ban Pilot Sunglasses for Men - 3386-63-004-13,1,1129.8,1129.8,Debit Card,2023,2,February,Tuesday
ORD-2024-00249,19-May-24,C0333,P0316,"Chopard Happy Spirit Forever for Women - Eau de Parfum, 75ml",Perfumes & Fragrances,"Chopard Happy Spirit Forever for Women - Eau de Parfum, 75ml",1,315,315,Wallet,2024,5,May,Sunday
ORD-2024-00250,29-Jun-24,C0262,P0302,"Roberto Cavalli For Women - Eau de Parfum, 75ml",Perfumes & Fragrances,"Roberto Cavalli For Women - Eau de Parfum, 75ml",1,525,525,Debit Card,2024,6,June,Saturday
ORD-2024-00251,6-Sep-24,C0515,P0421,guess Men's Wallet 31GUE13145-Brown,Wallets,guess Men's Wallet 31GUE13145-Brown,1,195,195,Debit Card,2024,9,September,Friday
ORD-2022-00252,28-Mar-22,C0655,P0515,Michael Kors Parker Women's Pink Dial Stainless Steel Band Chronograph Watch - MK6140,Watches,Michael Kors Parker Women's Pink Dial Stainless Steel Band Chronograph Watch - MK6140,1,909,909,Net Banking,2022,3,March,Monday
ORD-2024-00253,10-Nov-24,C0147,P0058,"Under Armour Jet Sneakers for Men , Size 41/42 EU",Athletic Shoes,"Under Armour Jet Sneakers for Men , Size 41/42 EU",1,369,369,COD,2024,11,November,Sunday
ORD-2022-00254,8-Nov-22,C0044,P0514,"Emporio Armani Casual Watch for Men - Stainless Steel, Analog - AR1933",Watches,"Emporio Armani Casual Watch for Men - Stainless Steel, Analog - AR1933",2,1360,2720,COD,2022,11,November,Tuesday
ORD-2024-00255,27-May-24,C0464,P0385,"Puma Lifestyle Sport Tights For Women , Black , L",Sportswear,"Puma Lifestyle Sport Tights For Women , Black , L",2,269,538,Net Banking,2024,5,May,Monday
ORD-2024-00256,19-Jan-24,C0311,P0189,"Carrera Sunglasses for Men , Grey Lenses",Eyewear,"Carrera Sunglasses for Men , Grey Lenses",3,700,2100,Credit Card,2024,1,January,Friday
ORD-2024-00257,11-Nov-24,C0397,P0111,"Lacoste La Piquee Fashion Sneakers Shoes for Men, Size 43 EU, Off White",Casual & Dress Shoes,"Lacoste La Piquee Fashion Sneakers Shoes for Men, Size 43 EU, Off White",3,589,1767,Net Banking,2024,11,November,Monday
ORD-2022-00258,10-Apr-22,C0516,P0264,"Ray-Ban Men's Injected Man Sunglass Polarized Iridium Rectangular, BLACK 64 mm",Eyewear,"Ray-Ban Men's Injected Man Sunglass Polarized Iridium Rectangular, BLACK 64 mm",1,1115,1115,Wallet,2022,4,April,Sunday
ORD-2024-00259,30-Sep-24,C0007,P0172,Ray-Ban Wrap Sunglasses for Men - RB3183-63-15-125,Eyewear,Ray-Ban Wrap Sunglasses for Men - RB3183-63-15-125,1,690,690,Net Banking,2024,9,September,Monday
ORD-2022-00260,24-Jul-22,C0383,P0065,"Nike Flexmethod Tr Nylon-Mesh Back Rubber Detail Training Shoes with Pull-Tab for Men - Wolf Grey, 43",Athletic Shoes,"Nike Flexmethod Tr Nylon-Mesh Back Rubber Detail Training Shoes with Pull-Tab for Men - Wolf Grey, 43",2,4281.83,8563.66,Credit Card,2022,7,July,Sunday
ORD-2024-00261,1-Nov-24,C0599,P0171,CARRERA Men's Sunglasses Rectangular 130/S - Gold,Eyewear,CARRERA Men's Sunglasses Rectangular 130/S - Gold,1,750,750,Credit Card,2024,11,November,Friday
ORD-2023-00262,9-Jul-23,C0235,P0513,Lacoste Casual Watch For Men Analog Leather - 2010910,Watches,Lacoste Casual Watch For Men Analog Leather - 2010910,3,575,1725,Net Banking,2023,7,July,Sunday
ORD-2023-00263,17-Aug-23,C0578,P0187,Ray Ban Clubmaster Unisex Sunglasses - RB3016W036-W0365 - 51-50 -25-145 mm,Eyewear,Ray Ban Clubmaster Unisex Sunglasses - RB3016W036-W0365 - 51-50 -25-145 mm,1,870,870,Credit Card,2023,8,August,Thursday
ORD-2023-00264,12-Nov-23,C0016,P0216,"Polaroid Sunglasses for Men , Grey Lenses",Eyewear,"Polaroid Sunglasses for Men , Grey Lenses",1,450,450,Wallet,2023,11,November,Sunday
ORD-2024-00265,31-Mar-24,C0117,P0402,"Tommy Hilfiger Bifold WAllet For Men,LeAther,BlAck",Wallets,"Tommy Hilfiger Bifold WAllet For Men,LeAther,BlAck",1,430,430,Credit Card,2024,3,March,Sunday
ORD-2023-00266,1-Oct-23,C0209,P0404,Montblanc bifold Wallet For Men Sartorial 118391-Black,Wallets,Montblanc bifold Wallet For Men Sartorial 118391-Black,3,850,2550,Debit Card,2023,10,October,Sunday
ORD-2022-00267,21-Nov-22,C0125,P0089,"Asics New York Sneakers for Women, Grey, 39 EU",Athletic Shoes,"Asics New York Sneakers for Women, Grey, 39 EU",2,299,598,UPI,2022,11,November,Monday
ORD-2022-00268,30-Dec-22,C0118,P0542,"JBW The G4 Calfskin Leather Band Men's Watch, 16 Diamonds, Swiss Multi-Function Movement (J6248LM)",Watches,"JBW The G4 Calfskin Leather Band Men's Watch, 16 Diamonds, Swiss Multi-Function Movement (J6248LM)",2,4481,8962,COD,2022,12,December,Friday
ORD-2024-00269,28-Jan-24,C0422,P0559,Casio Men's Black Dial Silicone Band Watch - GA-1000-1ADR,Watches,Casio Men's Black Dial Silicone Band Watch - GA-1000-1ADR,2,1034,2068,COD,2024,1,January,Sunday
ORD-2024-00270,16-Aug-24,C0016,P0176,CARRERA Men's Sunglasses Round Carrera 126/S Shnblckgd,Eyewear,CARRERA Men's Sunglasses Round Carrera 126/S Shnblckgd,3,750,2250,Credit Card,2024,8,August,Friday
ORD-2025-00271,11-Jun-25,C0551,P0534,Casio His & Her Gold Dial Stainless Steel Band Couple Watch - MTP/LTP-V001G-9BUDF,Watches,Casio His & Her Gold Dial Stainless Steel Band Couple Watch - MTP/LTP-V001G-9BUDF,1,3485.2,3485.2,Wallet,2025,6,June,Wednesday
ORD-2025-00272,20-Jun-25,C0204,P0494,JBW Jet Setter Men's 234 Diamonds Gold Dial Gold Plated Stainless Steel Band Watch - JB-6213-A,Watches,JBW Jet Setter Men's 234 Diamonds Gold Dial Gold Plated Stainless Steel Band Watch - JB-6213-A,1,29970,29970,Credit Card,2025,6,June,Friday
ORD-2023-00273,31-Mar-23,C0570,P0059,"adidas Pro Next 2019 GCA Sneaker for Men , Size 42.7 EU , Black",Athletic Shoes,"adidas Pro Next 2019 GCA Sneaker for Men , Size 42.7 EU , Black",1,389,389,Credit Card,2023,3,March,Friday
ORD-2023-00274,5-Oct-23,C0395,P0480,"Hugo Boss Dress Watch for Men , Leather , 1513628",Watches,"Hugo Boss Dress Watch for Men , Leather , 1513628",1,1365,1365,Wallet,2023,10,October,Thursday
ORD-2023-00275,15-Jan-23,C0535,P0530,"Emporio Armani Sportivo Men'S Black Dial Stainless Steel Band Watch Ar2457, Analog Quartz, Analog",Watches,"Emporio Armani Sportivo Men'S Black Dial Stainless Steel Band Watch Ar2457, Analog Quartz, Analog",4,947,3788,COD,2023,1,January,Sunday
ORD-2022-00276,20-Nov-22,C0459,P0154,"Diesel Wayfarer Unisex's Sunglasses - Dl0161 - 54-16-145 mm, Purple Lens",Eyewear,"Diesel Wayfarer Unisex's Sunglasses - Dl0161 - 54-16-145 mm, Purple Lens",2,755,1510,Debit Card,2022,11,November,Sunday
ORD-2025-00277,3-Apr-25,C0037,P0056,"Skechers FLEX ADVANTAGE 3.0 Sneaker for Men , Size 42 EU , Brown",Athletic Shoes,"Skechers FLEX ADVANTAGE 3.0 Sneaker for Men , Size 42 EU , Brown",1,269,269,Net Banking,2025,4,April,Thursday
ORD-2022-00278,27-Mar-22,C0351,P0283,"Ray-Ban Aviator Men's Sunglasses - Rb 3560-004/51 - 61-17-145 mm, Brown Lens",Eyewear,"Ray-Ban Aviator Men's Sunglasses - Rb 3560-004/51 - 61-17-145 mm, Brown Lens",1,840,840,Net Banking,2022,3,March,Sunday
ORD-2024-00279,3-May-24,C0141,P0150,"Polaroid Sunglasses for Unisex , Blue",Eyewear,"Polaroid Sunglasses for Unisex , Blue",2,250,500,Net Banking,2024,5,May,Friday
ORD-2025-00280,19-Apr-25,C0561,P0526,"Casio Women'S Blue Dial Stainless Steel Band Watch Ltp 1215A 2A2Df, Quartz, Analog",Watches,"Casio Women'S Blue Dial Stainless Steel Band Watch Ltp 1215A 2A2Df, Quartz, Analog",3,172,516,Debit Card,2025,4,April,Saturday
ORD-2024-00281,17-Mar-24,C0054,P0059,"adidas Pro Next 2019 GCA Sneaker for Men , Size 42.7 EU , Black",Athletic Shoes,"adidas Pro Next 2019 GCA Sneaker for Men , Size 42.7 EU , Black",4,389,1556,Debit Card,2024,3,March,Sunday
ORD-2023-00282,16-Mar-23,C0537,P0213,"Ray-Ban Sunglasses Unisex , Lense Size 54 mm , Brown",Eyewear,"Ray-Ban Sunglasses Unisex , Lense Size 54 mm , Brown",2,997,1994,Net Banking,2023,3,March,Thursday
ORD-2023-00283,21-Dec-23,C0004,P0298,"Davidoff Cool Water for Women - Eau de Toilette, 100ml",Perfumes & Fragrances,"Davidoff Cool Water for Women - Eau de Toilette, 100ml",1,279,279,UPI,2023,12,December,Thursday
ORD-2024-00284,31-Mar-24,C0436,P0491,"Emporio Armani Watch for Men , Analog , AR11053",Watches,"Emporio Armani Watch for Men , Analog , AR11053",1,1118,1118,Wallet,2024,3,March,Sunday
ORD-2025-00285,16-Jan-25,C0317,P0598,Invicta Pro Diver Men's Black Dial Stainless Steel Band Automatic Watch - INVICTA-8926,Watches,Invicta Pro Diver Men's Black Dial Stainless Steel Band Automatic Watch - INVICTA-8926,1,680.4,680.4,UPI,2025,1,January,Thursday
ORD-2024-00286,19-Dec-24,C0321,P0357,"Chanel Chance Eau Fraiche for Women - Eau de Toilette, 50ml",Perfumes & Fragrances,"Chanel Chance Eau Fraiche for Women - Eau de Toilette, 50ml",2,319,638,Wallet,2024,12,December,Thursday
ORD-2024-00287,4-Dec-24,C0028,P0289,"Ray-Ban Sunglasses For Unisex, Gold, 3538, Square Frame",Eyewear,"Ray-Ban Sunglasses For Unisex, Gold, 3538, Square Frame",2,880,1760,Debit Card,2024,12,December,Wednesday
ORD-2022-00288,6-Jul-22,C0246,P0476,Lacoste Men's Blue Dial Stainless Steel Band Watch - 2010953L,Watches,Lacoste Men's Blue Dial Stainless Steel Band Watch - 2010953L,1,965,965,COD,2022,7,July,Wednesday
ORD-2024-00289,10-Apr-24,C0220,P0379,adidas   Color Block High Rise 3/4 Logo Print Sport Tights for Women - Black,Sportswear,adidas   Color Block High Rise 3/4 Logo Print Sport Tights for Women - Black,3,189,567,COD,2024,4,April,Wednesday
ORD-2022-00290,28-Aug-22,C0057,P0476,Lacoste Men's Blue Dial Stainless Steel Band Watch - 2010953L,Watches,Lacoste Men's Blue Dial Stainless Steel Band Watch - 2010953L,1,965,965,Wallet,2022,8,August,Sunday
ORD-2024-00291,19-Dec-24,C0088,P0304,"Guess Girl for Women - Eau de Toilette, 100ml",Perfumes & Fragrances,"Guess Girl for Women - Eau de Toilette, 100ml",1,263,263,Credit Card,2024,12,December,Thursday
ORD-2025-00292,19-Feb-25,C0187,P0516,"Casio Men's Black Dial Leather Band Watch - MTP-1370L-1AV, Analog, Quartz",Watches,"Casio Men's Black Dial Leather Band Watch - MTP-1370L-1AV, Analog, Quartz",2,210,420,UPI,2025,2,February,Wednesday
ORD-2022-00293,17-Sep-22,C0141,P0513,Lacoste Casual Watch For Men Analog Leather - 2010910,Watches,Lacoste Casual Watch For Men Analog Leather - 2010910,9,575,5175,Net Banking,2022,9,September,Saturday
ORD-2024-00294,5-Mar-24,C0099,P0098,"Lacoste Europa Lace Up Shoes For Men Size 42 EU, Black",Casual & Dress Shoes,"Lacoste Europa Lace Up Shoes For Men Size 42 EU, Black",1,459,459,Net Banking,2024,3,March,Tuesday
ORD-2023-00295,14-May-23,C0623,P0602,"JBW Laurel Watch for Women , Stainless Steel , 9 Diamonds , J6330I",Watches,"JBW Laurel Watch for Women , Stainless Steel , 9 Diamonds , J6330I",1,4110,4110,Net Banking,2023,5,May,Sunday
ORD-2023-00296,27-Sep-23,C0669,P0563,"Hugo Boss Dress Watch for Men , Stainless Steel , 1513597",Watches,"Hugo Boss Dress Watch for Men , Stainless Steel , 1513597",3,1345,4035,UPI,2023,9,September,Wednesday
ORD-2024-00297,16-Jan-24,C0066,P0246,"Ray-Ban Aviator Men's Sunglasses - Rb 3549-002/T3 - 61-16-145 mm, Grey Lens",Eyewear,"Ray-Ban Aviator Men's Sunglasses - Rb 3549-002/T3 - 61-16-145 mm, Grey Lens",2,1000,2000,Debit Card,2024,1,January,Tuesday
ORD-2025-00298,4-Jun-25,C0120,P0458,JBW Skye 0.05 ctw Diamond Women's White MOP Dial Genuine Leather Band Watch - J6378C,Watches,JBW Skye 0.05 ctw Diamond Women's White MOP Dial Genuine Leather Band Watch - J6378C,1,1879,1879,Debit Card,2025,6,June,Wednesday
ORD-2023-00299,13-Nov-23,C0499,P0017,"Skechers GO WALK 5 Sneaker for Men , Size 43 EU , Black",Athletic Shoes,"Skechers GO WALK 5 Sneaker for Men , Size 43 EU , Black",4,349,1396,UPI,2023,11,November,Monday
ORD-2022-00300,13-Feb-22,C0241,P0384,"Puma Lifestyle Sport Pant For Men , Black , L",Sportswear,"Puma Lifestyle Sport Pant For Men , Black , L",3,279,837,Wallet,2022,2,February,Sunday
ORD-2025-00301,30-Mar-25,C0555,P0027,"adidas Grand Court Base Sneakers for Men, Size 42 2/3 EU, White - EE7904",Athletic Shoes,"adidas Grand Court Base Sneakers for Men, Size 42 2/3 EU, White - EE7904",1,569,569,Wallet,2025,3,March,Sunday
ORD-2024-00302,11-Jun-24,C0237,P0069,"Asics Gel-Quantum Infinity Sneakers for Men, Black, 43.5 EU",Athletic Shoes,"Asics Gel-Quantum Infinity Sneakers for Men, Black, 43.5 EU",2,749,1498,Net Banking,2024,6,June,Tuesday
ORD-2024-00303,9-Dec-24,C0007,P0461,Tissot Casual Watch For Women Analog Stainless Steel - T023.309.11.031.00,Watches,Tissot Casual Watch For Women Analog Stainless Steel - T023.309.11.031.00,1,1580,1580,Net Banking,2024,12,December,Monday
ORD-2022-00304,20-Dec-22,C0002,P0153,"Bvlgari Sunglasses for Men , Lens Color Grey , 8053672139723",Eyewear,"Bvlgari Sunglasses for Men , Lens Color Grey , 8053672139723",1,1329,1329,UPI,2022,12,December,Tuesday
ORD-2023-00305,11-Mar-23,C0471,P0398,guess Men's Wallet 31GUE13143-Black,Wallets,guess Men's Wallet 31GUE13143-Black,3,160,480,UPI,2023,3,March,Saturday
ORD-2024-00306,22-Jul-24,C0529,P0124,"Lacoste Europa Lace Up Shoes For Men Size 46 EU, White",Casual & Dress Shoes,"Lacoste Europa Lace Up Shoes For Men Size 46 EU, White",1,459,459,UPI,2024,7,July,Monday
ORD-2022-00307,12-Dec-22,C0542,P0032,"Nike Fitness Shoes For Men , 42.5 EU , Gray",Athletic Shoes,"Nike Fitness Shoes For Men , 42.5 EU , Gray",1,579,579,Credit Card,2022,12,December,Monday
ORD-2024-00308,4-Mar-24,C0422,P0538,Michael Kors Slim Runway Watch for Women - Analog Stainless Steel Band - MK3380,Watches,Michael Kors Slim Runway Watch for Women - Analog Stainless Steel Band - MK3380,1,710,710,UPI,2024,3,March,Monday
ORD-2025-00309,17-Mar-25,C0374,P0093,"Skechers BOUNDER Sneaker for Men , Size 42.5 EU , Black",Athletic Shoes,"Skechers BOUNDER Sneaker for Men , Size 42.5 EU , Black",2,4033.65,8067.3,Net Banking,2025,3,March,Monday
ORD-2022-00310,14-Nov-22,C0040,P0025,"Nike Sport Sneaker Shoes for Men , 44 EU , Black",Athletic Shoes,"Nike Sport Sneaker Shoes for Men , 44 EU , Black",1,319,319,COD,2022,11,November,Monday
ORD-2024-00311,24-Nov-24,C0631,P0336,"Calvin Klein Euphoria Intense for Men - Eau de Toilette, 100ml",Perfumes & Fragrances,"Calvin Klein Euphoria Intense for Men - Eau de Toilette, 100ml",2,282,564,COD,2024,11,November,Sunday
ORD-2023-00312,30-Sep-23,C0078,P0238,"Alexander McQueen - AM0037S, Geometric, acetate, men, HAVANA/GREY(003 D), 56/0/0",Eyewear,"Alexander McQueen - AM0037S, Geometric, acetate, men, HAVANA/GREY(003 D), 56/0/0",3,1496,4488,Debit Card,2023,9,September,Saturday
ORD-2022-00313,20-Jul-22,C0181,P0432,"Casio MTP1303L-1A For Men-Analog, Casual Watch, Leather",Watches,"Casio MTP1303L-1A For Men-Analog, Casual Watch, Leather",2,152,304,Net Banking,2022,7,July,Wednesday
ORD-2023-00314,15-Sep-23,C0123,P0173,"Ray Ban Rectangle Sunglasses For Men - Gray Lens, Rb4179-601S82, 140 mm",Eyewear,"Ray Ban Rectangle Sunglasses For Men - Gray Lens, Rb4179-601S82, 140 mm",7,1680,11760,UPI,2023,9,September,Friday
ORD-2025-00315,1-Feb-25,C0505,P0200,Polaroid P4139 Sunglasses,Eyewear,Polaroid P4139 Sunglasses,2,350,700,Wallet,2025,2,February,Saturday
ORD-2023-00316,17-Nov-23,C0483,P0363,"Under Armour Rival Fleece Training Sports Pants for Men Black, L",Sportswear,"Under Armour Rival Fleece Training Sports Pants for Men Black, L",1,229,229,Wallet,2023,11,November,Friday
ORD-2023-00317,2-Jan-23,C0414,P0494,JBW Jet Setter Men's 234 Diamonds Gold Dial Gold Plated Stainless Steel Band Watch - JB-6213-A,Watches,JBW Jet Setter Men's 234 Diamonds Gold Dial Gold Plated Stainless Steel Band Watch - JB-6213-A,2,29970,59940,Credit Card,2023,1,January,Monday
ORD-2024-00318,8-Mar-24,C0500,P0402,"Tommy Hilfiger Bifold WAllet For Men,LeAther,BlAck",Wallets,"Tommy Hilfiger Bifold WAllet For Men,LeAther,BlAck",3,430,1290,Debit Card,2024,3,March,Friday
ORD-2022-00319,2-Oct-22,C0407,P0205,Polaroid Wayfarer Men's Sunglasses - PLD 2056/S 00358M9,Eyewear,Polaroid Wayfarer Men's Sunglasses - PLD 2056/S 00358M9,1,250,250,Net Banking,2022,10,October,Sunday
ORD-2024-00320,30-Mar-24,C0171,P0479,"Diesel Mini Daddy For Men Black Dial Leather Band Watch Dz7307, Japanese Quartz, Analog",Watches,"Diesel Mini Daddy For Men Black Dial Leather Band Watch Dz7307, Japanese Quartz, Analog",8,1100,8800,UPI,2024,3,March,Saturday
ORD-2023-00321,30-Mar-23,C0216,P0134,Lacoste Casual Shoe for Men Size 44 EU - Black,Casual & Dress Shoes,Lacoste Casual Shoe for Men Size 44 EU - Black,2,639,1278,UPI,2023,3,March,Thursday
ORD-2025-00322,28-Mar-25,C0396,P0136,Lacoste Casual Shoe for Men Size 44 EU - Navy,Casual & Dress Shoes,Lacoste Casual Shoe for Men Size 44 EU - Navy,3,409,1227,UPI,2025,3,March,Friday
ORD-2024-00323,18-May-24,C0496,P0237,"Polaroid Aviator Sunglasses for Unisex, Silver",Eyewear,"Polaroid Aviator Sunglasses for Unisex, Silver",1,750,750,Wallet,2024,5,May,Saturday
ORD-2022-00324,30-Dec-22,C0389,P0240,"Vogue Sunglasses for Women - Size 54, Blue Frame, 0VO2990S 23254854",Eyewear,"Vogue Sunglasses for Women - Size 54, Blue Frame, 0VO2990S 23254854",2,714,1428,Credit Card,2022,12,December,Friday
ORD-2023-00325,30-Jul-23,C0588,P0048,"Adidas Sooraj Color Block Rubber Sole Lace-Up Running Shoes for Women - Core Black & Grey Five, 38",Athletic Shoes,"Adidas Sooraj Color Block Rubber Sole Lace-Up Running Shoes for Women - Core Black & Grey Five, 38",3,643.56,1930.68,UPI,2023,7,July,Sunday
ORD-2022-00326,20-Aug-22,C0013,P0395,"Vince Camuto Wallet for Women , White",Wallets,"Vince Camuto Wallet for Women , White",1,425,425,Credit Card,2022,8,August,Saturday
ORD-2023-00327,17-Dec-23,C0649,P0336,"Calvin Klein Euphoria Intense for Men - Eau de Toilette, 100ml",Perfumes & Fragrances,"Calvin Klein Euphoria Intense for Men - Eau de Toilette, 100ml",2,282,564,Net Banking,2023,12,December,Sunday
ORD-2024-00328,29-Feb-24,C0445,P0134,Lacoste Casual Shoe for Men Size 44 EU - Black,Casual & Dress Shoes,Lacoste Casual Shoe for Men Size 44 EU - Black,1,639,639,Debit Card,2024,2,February,Thursday
ORD-2022-00329,3-Jan-22,C0082,P0362,"Under Armour T-Shirt for Men, Size L - Grey",Sportswear,"Under Armour T-Shirt for Men, Size L - Grey",1,139,139,COD,2022,1,January,Monday
ORD-2022-00330,10-May-22,C0129,P0489,"Casio Enticer for Men - Casual Leather Band Watch - MTP1314L-7A, Analog",Watches,"Casio Enticer for Men - Casual Leather Band Watch - MTP1314L-7A, Analog",2,196,392,Credit Card,2022,5,May,Tuesday
ORD-2024-00331,4-Oct-24,C0158,P0250,"Gucci Oval Unisex Sunglasses - Gg0124Sa00152 - 52-21-150 mm, Grey Lens",Eyewear,"Gucci Oval Unisex Sunglasses - Gg0124Sa00152 - 52-21-150 mm, Grey Lens",2,1619,3238,UPI,2024,10,October,Friday
ORD-2024-00332,11-Mar-24,C0386,P0411,"DOWNTOWN MINI CC WALLET Men’s Purse, Multicolour (Testa Di Moro), 0.1x0.1x0.1 centimeters (B x H x T)",Wallets,"DOWNTOWN MINI CC WALLET Men’s Purse, Multicolour (Testa Di Moro), 0.1x0.1x0.1 centimeters (B x H x T)",4,399,1596,UPI,2024,3,March,Monday
ORD-2023-00333,21-Nov-23,C0140,P0215,"Ray-Ban Classic Aviator Unisex Sunglasses - Rb3025-112-58-19-135, Green Lens",Eyewear,"Ray-Ban Classic Aviator Unisex Sunglasses - Rb3025-112-58-19-135, Green Lens",3,1134,3402,COD,2023,11,November,Tuesday
ORD-2024-00334,6-Jan-24,C0609,P0270,"Ray-Ban Unisex's Rb4075 Sunglasses, Tortoise, 61",Eyewear,"Ray-Ban Unisex's Rb4075 Sunglasses, Tortoise, 61",3,1169,3507,UPI,2024,1,January,Saturday
ORD-2023-00335,30-Nov-23,C0193,P0584,Burberry Women's Gold Dial Stainless Steel Band Watch - BU9235,Watches,Burberry Women's Gold Dial Stainless Steel Band Watch - BU9235,1,2960,2960,Wallet,2023,11,November,Thursday
ORD-2023-00336,7-Jun-23,C0440,P0087,"Asics Gel-Saga SOU Sneakers for Women, White, 39 EU",Athletic Shoes,"Asics Gel-Saga SOU Sneakers for Women, White, 39 EU",1,339,339,Debit Card,2023,6,June,Wednesday
ORD-2024-00337,13-Dec-24,C0444,P0022,"Puma Ella Sneaker For Women, Size 39 EU - Color White",Athletic Shoes,"Puma Ella Sneaker For Women, Size 39 EU - Color White",1,249,249,UPI,2024,12,December,Friday
ORD-2024-00338,16-Jan-24,C0040,P0446,"Casio Men's Ana-Digi Dial Resin Band Watch - AQ-S810W-2AV, Quartz",Watches,"Casio Men's Ana-Digi Dial Resin Band Watch - AQ-S810W-2AV, Quartz",1,208,208,Credit Card,2024,1,January,Tuesday
ORD-2024-00339,12-Oct-24,C0443,P0376,adidas SID 360 ADI TEE WHITE for MALE,Sportswear,adidas SID 360 ADI TEE WHITE for MALE,3,139,417,Wallet,2024,10,October,Saturday
ORD-2023-00340,12-Nov-23,C0247,P0211,"Calvin Klein Cat Eye Sunglasses for Women - Black Lens, CK3206S-001",Eyewear,"Calvin Klein Cat Eye Sunglasses for Women - Black Lens, CK3206S-001",4,950,3800,Wallet,2023,11,November,Sunday
ORD-2024-00341,1-Dec-24,C0346,P0527,Tissot T055.217.16.033.01 For Men Analog Casual Watch Leather,Watches,Tissot T055.217.16.033.01 For Men Analog Casual Watch Leather,1,1840,1840,Wallet,2024,12,December,Sunday
ORD-2024-00342,6-Aug-24,C0526,P0023,Adidas Asweerun Running Shoes For Men - Core Black,Athletic Shoes,Adidas Asweerun Running Shoes For Men - Core Black,2,255,510,Net Banking,2024,8,August,Tuesday
ORD-2024-00343,25-May-24,C0072,P0462,Michael Kors Lexington Watch for Men - Analog Stainless Steel Band - MK8344,Watches,Michael Kors Lexington Watch for Men - Analog Stainless Steel Band - MK8344,2,2420,4840,Net Banking,2024,5,May,Saturday
ORD-2023-00344,17-Dec-23,C0117,P0322,"Dunhill Fresh by Dunhill for Men - Eau de Toilette, 100ml",Perfumes & Fragrances,"Dunhill Fresh by Dunhill for Men - Eau de Toilette, 100ml",2,263,526,Credit Card,2023,12,December,Sunday
ORD-2022-00345,9-Dec-22,C0594,P0491,"Emporio Armani Watch for Men , Analog , AR11053",Watches,"Emporio Armani Watch for Men , Analog , AR11053",2,1118,2236,COD,2022,12,December,Friday
ORD-2022-00346,16-Aug-22,C0380,P0137,Lacoste Casual Shoe for Men Size 44 EU - White,Casual & Dress Shoes,Lacoste Casual Shoe for Men Size 44 EU - White,1,499,499,Wallet,2022,8,August,Tuesday
ORD-2023-00347,25-Dec-23,C0469,P0499,Casio Casual Watch For Men Analog-Digital Resin - AEQ-110W-1BV,Watches,Casio Casual Watch For Men Analog-Digital Resin - AEQ-110W-1BV,2,4087.91,8175.82,UPI,2023,12,December,Monday
ORD-2024-00348,15-Mar-24,C0493,P0205,Polaroid Wayfarer Men's Sunglasses - PLD 2056/S 00358M9,Eyewear,Polaroid Wayfarer Men's Sunglasses - PLD 2056/S 00358M9,2,250,500,COD,2024,3,March,Friday
ORD-2024-00349,22-Jul-24,C0189,P0232,"Polaroid Sunglasses For Unisex, Black- Pld 2054/S-003 M9, Square Frame",Eyewear,"Polaroid Sunglasses For Unisex, Black- Pld 2054/S-003 M9, Square Frame",4,250,1000,UPI,2024,7,July,Monday
ORD-2023-00350,15-Mar-23,C0416,P0144,"Carrera Sunglasses For Unisex - Green Lens, 149/S-6Lb, Aviator Frame",Eyewear,"Carrera Sunglasses For Unisex - Green Lens, 149/S-6Lb, Aviator Frame",7,750,5250,COD,2023,3,March,Wednesday
ORD-2025-00351,3-Mar-25,C0087,P0083,"Asics Gel-Kayano 5 OG Sneakers for Men, White, 42.5 EU",Athletic Shoes,"Asics Gel-Kayano 5 OG Sneakers for Men, White, 42.5 EU",1,489,489,Credit Card,2025,3,March,Monday
ORD-2023-00352,7-Oct-23,C0052,P0398,guess Men's Wallet 31GUE13143-Black,Wallets,guess Men's Wallet 31GUE13143-Black,3,160,480,Net Banking,2023,10,October,Saturday
ORD-2023-00353,10-Dec-23,C0591,P0111,"Lacoste La Piquee Fashion Sneakers Shoes for Men, Size 43 EU, Off White",Casual & Dress Shoes,"Lacoste La Piquee Fashion Sneakers Shoes for Men, Size 43 EU, Off White",2,589,1178,COD,2023,12,December,Sunday
ORD-2024-00354,10-Nov-24,C0015,P0056,"Skechers FLEX ADVANTAGE 3.0 Sneaker for Men , Size 42 EU , Brown",Athletic Shoes,"Skechers FLEX ADVANTAGE 3.0 Sneaker for Men , Size 42 EU , Brown",3,269,807,Net Banking,2024,11,November,Sunday
ORD-2024-00355,28-Nov-24,C0534,P0585,Casio MTP-1314D-2A Analog Quartz Stainless Steel Casual Watch for Men - Silver,Watches,Casio MTP-1314D-2A Analog Quartz Stainless Steel Casual Watch for Men - Silver,1,400,400,Credit Card,2024,11,November,Thursday
ORD-2024-00356,28-Oct-24,C0234,P0560,"Fossil Nate Men'S Black Dial Stainless Steel Band Watch Jr1527, Quartz, Analog",Watches,"Fossil Nate Men'S Black Dial Stainless Steel Band Watch Jr1527, Quartz, Analog",1,775,775,Credit Card,2024,10,October,Monday
ORD-2024-00357,20-Dec-24,C0384,P0324,"Jaguar Classic Gold for Men - Eau de Toilette, 100ml",Perfumes & Fragrances,"Jaguar Classic Gold for Men - Eau de Toilette, 100ml",1,231,231,UPI,2024,12,December,Friday
ORD-2022-00358,10-Nov-22,C0412,P0595,Scuderia Ferrari Forza Men's Black Dial Silicone Band Watch - 830574,Watches,Scuderia Ferrari Forza Men's Black Dial Silicone Band Watch - 830574,4,585,2340,Wallet,2022,11,November,Thursday
ORD-2024-00359,3-Nov-24,C0451,P0365,adidas Logo Sport Tank Top for Women - Black,Sportswear,adidas Logo Sport Tank Top for Women - Black,3,155,465,Wallet,2024,11,November,Sunday
ORD-2022-00360,7-Dec-22,C0412,P0323,"Dunhill Custom for Men - Eau de Toilette, 100ml",Perfumes & Fragrances,"Dunhill Custom for Men - Eau de Toilette, 100ml",1,263,263,COD,2022,12,December,Wednesday
ORD-2024-00361,11-Aug-24,C0418,P0512,"Burberry Watch for Women , Quartz , Leather , BU9111",Watches,"Burberry Watch for Women , Quartz , Leather , BU9111",1,1766,1766,Wallet,2024,8,August,Sunday
ORD-2024-00362,2-Jun-24,C0362,P0436,"Fossil Townsman Watch For Men Analog Stainless Steel Band Me3103, Automatic",Watches,"Fossil Townsman Watch For Men Analog Stainless Steel Band Me3103, Automatic",2,929,1858,Wallet,2024,6,June,Sunday
ORD-2024-00363,23-Aug-24,C0352,P0201,"U.S. Polo Assn. Sunglasses For Men - Brown, 711 BRN",Eyewear,"U.S. Polo Assn. Sunglasses For Men - Brown, 711 BRN",1,240,240,UPI,2024,8,August,Friday
ORD-2022-00364,12-Nov-22,C0664,P0170,"Esprit Women's Sunglasses - Brown Frame,Brown Gradient Lens- ET19461/535, size 56-16-142",Eyewear,"Esprit Women's Sunglasses - Brown Frame,Brown Gradient Lens- ET19461/535, size 56-16-142",1,336,336,Net Banking,2022,11,November,Saturday
ORD-2022-00365,12-Feb-22,C0308,P0251,"Ray-Ban Erika Unisex Sunglasses - 4243 6225/19 49, Blue Lens",Eyewear,"Ray-Ban Erika Unisex Sunglasses - 4243 6225/19 49, Blue Lens",2,720,1440,UPI,2022,2,February,Saturday
ORD-2025-00366,25-May-25,C0436,P0498,Fossil Grant Sport Men's Blue Dial Leather Band Watch - ME3140,Watches,Fossil Grant Sport Men's Blue Dial Leather Band Watch - ME3140,1,2202,2202,Wallet,2025,5,May,Sunday
ORD-2023-00367,5-Nov-23,C0158,P0545,"Casio Dual Time Anadigi AW-80D-1AV for Men (Digital, Casual Watch), Stainless Steel, Quartz",Watches,"Casio Dual Time Anadigi AW-80D-1AV for Men (Digital, Casual Watch), Stainless Steel, Quartz",2,250,500,Wallet,2023,11,November,Sunday
ORD-2023-00368,5-Nov-23,C0163,P0379,adidas   Color Block High Rise 3/4 Logo Print Sport Tights for Women - Black,Sportswear,adidas   Color Block High Rise 3/4 Logo Print Sport Tights for Women - Black,3,189,567,UPI,2023,11,November,Sunday
ORD-2025-00369,19-Apr-25,C0264,P0284,"Ray Ban Sunglasses For Unisex, Rb3025 001/51 58-14, Brown Lens, Aviator Frame",Eyewear,"Ray Ban Sunglasses For Unisex, Rb3025 001/51 58-14, Brown Lens, Aviator Frame",1,770,770,COD,2025,4,April,Saturday
ORD-2025-00370,26-Jan-25,C0463,P0082,"Asics Gel-Quantum 90 Sneakers for Men, Multicolour, 42.5 EU",Athletic Shoes,"Asics Gel-Quantum 90 Sneakers for Men, Multicolour, 42.5 EU",4,379,1516,UPI,2025,1,January,Sunday
ORD-2025-00371,24-Feb-25,C0023,P0515,Michael Kors Parker Women's Pink Dial Stainless Steel Band Chronograph Watch - MK6140,Watches,Michael Kors Parker Women's Pink Dial Stainless Steel Band Chronograph Watch - MK6140,2,909,1818,UPI,2025,2,February,Monday
ORD-2023-00372,8-Jul-23,C0240,P0429,Michael Kors Lexington Women's Silver Dial Stainless Steel Band Watch - MK5735,Watches,Michael Kors Lexington Women's Silver Dial Stainless Steel Band Watch - MK5735,2,1698,3396,UPI,2023,7,July,Saturday
ORD-2022-00373,17-Nov-22,C0085,P0150,"Polaroid Sunglasses for Unisex , Blue",Eyewear,"Polaroid Sunglasses for Unisex , Blue",2,250,500,Wallet,2022,11,November,Thursday
ORD-2025-00374,8-Feb-25,C0646,P0433,"Burberry BU9509 For Women (Analog, Casual Watch), Leather",Watches,"Burberry BU9509 For Women (Analog, Casual Watch), Leather",1,2040,2040,Net Banking,2025,2,February,Saturday
ORD-2024-00375,31-Mar-24,C0604,P0535,Hugo Boss Essential Men's Silver White Dial Stainless Steel Band Watch - 1513650,Watches,Hugo Boss Essential Men's Silver White Dial Stainless Steel Band Watch - 1513650,2,1125,2250,COD,2024,3,March,Sunday
ORD-2022-00376,14-Nov-22,C0272,P0543,"JBW Wrist Watch for Women Diamond Inlay 16 Piece , Leather ,J6345B",Watches,"JBW Wrist Watch for Women Diamond Inlay 16 Piece , Leather ,J6345B",1,1800,1800,Wallet,2022,11,November,Monday
ORD-2024-00377,13-May-24,C0151,P0437,"Emporio Armani Watch For Men Stainless Steel Quartz Ar2499, Analog",Watches,"Emporio Armani Watch For Men Stainless Steel Quartz Ar2499, Analog",1,1596,1596,UPI,2024,5,May,Monday
ORD-2023-00378,3-Dec-23,C0327,P0199,"Ray-Ban 0rb3647n Non-Polarized Iridium Round Sunglasses, Gold, 51 mm",Eyewear,"Ray-Ban 0rb3647n Non-Polarized Iridium Round Sunglasses, Gold, 51 mm",1,1270,1270,Credit Card,2023,12,December,Sunday
ORD-2024-00379,3-Jan-24,C0627,P0386,Under Armour Mid Crossback Training Sports Bra for Women,Sportswear,Under Armour Mid Crossback Training Sports Bra for Women,8,139,1112,Wallet,2024,1,January,Wednesday
ORD-2025-00380,2-Feb-25,C0374,P0098,"Lacoste Europa Lace Up Shoes For Men Size 42 EU, Black",Casual & Dress Shoes,"Lacoste Europa Lace Up Shoes For Men Size 42 EU, Black",1,459,459,Debit Card,2025,2,February,Sunday
ORD-2024-00381,16-Nov-24,C0494,P0424,Dickies Trifold Wallet for Men - 31DI210004-Red,Wallets,Dickies Trifold Wallet for Men - 31DI210004-Red,1,60,60,Credit Card,2024,11,November,Saturday
ORD-2024-00382,19-Nov-24,C0425,P0293,"Ray-Ban Square Unisex Sunglasses - 4258 6231/1N 50, Blue Lens",Eyewear,"Ray-Ban Square Unisex Sunglasses - 4258 6231/1N 50, Blue Lens",2,840,1680,COD,2024,11,November,Tuesday
ORD-2022-00383,24-Dec-22,C0512,P0126,"Lacoste Graduate Lace Up Shoes For Women Size 40 EU, Black",Casual & Dress Shoes,"Lacoste Graduate Lace Up Shoes For Women Size 40 EU, Black",3,449,1347,Credit Card,2022,12,December,Saturday
ORD-2024-00384,3-Dec-24,C0259,P0279,"Ray-Ban Aviator Unisex Sunglasses - 3540 198/9U 56, Blue Lens",Eyewear,"Ray-Ban Aviator Unisex Sunglasses - 3540 198/9U 56, Blue Lens",1,950,950,UPI,2024,12,December,Tuesday
ORD-2023-00385,29-Nov-23,C0007,P0107,"Polo Ralph Lauren Hanford Sneakers for Men, Black - 43 EU",Casual & Dress Shoes,"Polo Ralph Lauren Hanford Sneakers for Men, Black - 43 EU",6,269,1614,Wallet,2023,11,November,Wednesday
ORD-2023-00386,21-Jan-23,C0533,P0012,"Adidas VS Pace Nubuck Contrast Side Stripe Sport Sneakers for Men - White, 43 1/3",Athletic Shoes,"Adidas VS Pace Nubuck Contrast Side Stripe Sport Sneakers for Men - White, 43 1/3",8,259,2072,Credit Card,2023,1,January,Saturday
ORD-2023-00387,26-Aug-23,C0131,P0178,"Polaroid Sunglasses for Men, Black- PLD 7005/S 223783YYV63RC",Eyewear,"Polaroid Sunglasses for Men, Black- PLD 7005/S 223783YYV63RC",3,250,750,Wallet,2023,8,August,Saturday
ORD-2024-00388,22-Jan-24,C0437,P0467,"Fossil Grant Watch For Men Analog Leather Band Fs5151, Quartz",Watches,"Fossil Grant Watch For Men Analog Leather Band Fs5151, Quartz",3,756,2268,Credit Card,2024,1,January,Monday
ORD-2023-00389,16-Nov-23,C0255,P0390,"Under Armour Armour Sport Ss7 T-Shirt For Women Medium, Blue",Sportswear,"Under Armour Armour Sport Ss7 T-Shirt For Women Medium, Blue",1,139,139,Net Banking,2023,11,November,Thursday
ORD-2025-00390,11-Feb-25,C0279,P0051,"adidas ASWEERUN Sneaker for Womens, PINK - Size 39.3 EU",Athletic Shoes,"adidas ASWEERUN Sneaker for Womens, PINK - Size 39.3 EU",4,259,1036,COD,2025,2,February,Tuesday
ORD-2024-00391,29-Dec-24,C0122,P0210,Ray-Ban Pilot Sunglasses for Men - 3386-63-004-13,Eyewear,Ray-Ban Pilot Sunglasses for Men - 3386-63-004-13,1,1129.8,1129.8,Credit Card,2024,12,December,Sunday
ORD-2024-00392,6-Mar-24,C0451,P0049,"Nike Precision III Sneaker for Men , Size 41 EU , Black",Athletic Shoes,"Nike Precision III Sneaker for Men , Size 41 EU , Black",1,389,389,Wallet,2024,3,March,Wednesday
ORD-2024-00393,27-Dec-24,C0337,P0407,"Michael Kors Wristlet for Women, Yellow",Wallets,"Michael Kors Wristlet for Women, Yellow",1,620,620,Credit Card,2024,12,December,Friday
ORD-2023-00394,2-Nov-23,C0339,P0402,"Tommy Hilfiger Bifold WAllet For Men,LeAther,BlAck",Wallets,"Tommy Hilfiger Bifold WAllet For Men,LeAther,BlAck",2,430,860,UPI,2023,11,November,Thursday
ORD-2024-00395,5-Sep-24,C0614,P0457,"Akribos XXIV Men's Black Dial Metal Band Watch - AK814TTB, Analog, Japanese Quartz",Watches,"Akribos XXIV Men's Black Dial Metal Band Watch - AK814TTB, Analog, Japanese Quartz",1,1860,1860,Debit Card,2024,9,September,Thursday
ORD-2023-00396,19-May-23,C0654,P0273,"Arnette Sunglasses, Square, For Women, Grey, 0An4243 25226G 60",Eyewear,"Arnette Sunglasses, Square, For Women, Grey, 0An4243 25226G 60",1,400,400,Net Banking,2023,5,May,Friday
ORD-2024-00397,18-May-24,C0263,P0422,"The North Face Flap WALLET For UNISEX, Multi Color - NOT0CE69-JK3",Wallets,"The North Face Flap WALLET For UNISEX, Multi Color - NOT0CE69-JK3",2,123,246,UPI,2024,5,May,Saturday
ORD-2023-00398,19-Nov-23,C0591,P0414,Levi's 31LV240021 RFID Tri-Fold Wallet BROWN,Wallets,Levi's 31LV240021 RFID Tri-Fold Wallet BROWN,1,110,110,COD,2023,11,November,Sunday
ORD-2023-00399,5-Dec-23,C0444,P0043,"Adidas Grand Court Base Faux Leather Contrast Side Stripe Heel Tab Logo Tennis Shoes for Women - White, 40",Athletic Shoes,"Adidas Grand Court Base Faux Leather Contrast Side Stripe Heel Tab Logo Tennis Shoes for Women - White, 40",1,259,259,Debit Card,2023,12,December,Tuesday
ORD-2022-00400,12-Nov-22,C0437,P0209,"Emporio Armani Sunglasses For Men - Multi Color, 4115-56691W-54, Square Frame",Eyewear,"Emporio Armani Sunglasses For Men - Multi Color, 4115-56691W-54, Square Frame",7,730,5110,Debit Card,2022,11,November,Saturday
ORD-2024-00401,18-Dec-24,C0132,P0432,"Casio MTP1303L-1A For Men-Analog, Casual Watch, Leather",Watches,"Casio MTP1303L-1A For Men-Analog, Casual Watch, Leather",1,152,152,COD,2024,12,December,Wednesday
ORD-2024-00402,16-Nov-24,C0074,P0368,Adidas Must Haves 3-Stripes Sport T-Shirt for Men - Black & White,Sportswear,Adidas Must Haves 3-Stripes Sport T-Shirt for Men - Black & White,5,140,700,Net Banking,2024,11,November,Saturday
ORD-2024-00403,23-Jun-24,C0203,P0394,"Tommy Hilfiger Honey Lrg Za Wallet, Tommy Navy Metallic, 19 cm AW0AW07446",Wallets,"Tommy Hilfiger Honey Lrg Za Wallet, Tommy Navy Metallic, 19 cm AW0AW07446",1,469,469,Credit Card,2024,6,June,Sunday
ORD-2024-00404,17-Oct-24,C0195,P0460,"Fossil Grant Watch For Men Analog Leather Band Fs4813, Quartz",Watches,"Fossil Grant Watch For Men Analog Leather Band Fs4813, Quartz",1,472,472,Wallet,2024,10,October,Thursday
ORD-2023-00405,8-Oct-23,C0141,P0600,JBW Victory Women's 16 Diamonds Mother of Pearl Dial Stainless Steel Band Watch - JB-6210-N,Watches,JBW Victory Women's 16 Diamonds Mother of Pearl Dial Stainless Steel Band Watch - JB-6210-N,3,5587,16761,Debit Card,2023,10,October,Sunday
ORD-2025-00406,23-May-25,C0247,P0513,Lacoste Casual Watch For Men Analog Leather - 2010910,Watches,Lacoste Casual Watch For Men Analog Leather - 2010910,1,575,575,COD,2025,5,May,Friday
ORD-2025-00407,19-Jan-25,C0041,P0250,"Gucci Oval Unisex Sunglasses - Gg0124Sa00152 - 52-21-150 mm, Grey Lens",Eyewear,"Gucci Oval Unisex Sunglasses - Gg0124Sa00152 - 52-21-150 mm, Grey Lens",4,1619,6476,Wallet,2025,1,January,Sunday
ORD-2023-00408,14-Mar-23,C0614,P0352,"Brit Rhythm by Burberry for Men - Eau de Toilette, 50ml",Perfumes & Fragrances,"Brit Rhythm by Burberry for Men - Eau de Toilette, 50ml",3,399,1197,Net Banking,2023,3,March,Tuesday
ORD-2025-00409,9-Apr-25,C0204,P0375,Adidas  D2M HR 34 T Sport Tight for Women - Black,Sportswear,Adidas  D2M HR 34 T Sport Tight for Women - Black,1,180,180,Credit Card,2025,4,April,Wednesday
ORD-2023-00410,11-Dec-23,C0176,P0477,August Steiner Women's Silver Dial Stainless Steel Band Watch - AS8228SS,Watches,August Steiner Women's Silver Dial Stainless Steel Band Watch - AS8228SS,6,703,4218,Debit Card,2023,12,December,Monday
ORD-2023-00411,14-Nov-23,C0500,P0008,"Nike Fitness Shoes For Men , 44.5 EU , Gray",Athletic Shoes,"Nike Fitness Shoes For Men , 44.5 EU , Gray",5,389,1945,UPI,2023,11,November,Tuesday
ORD-2022-00412,17-Aug-22,C0310,P0076,"Asics GEL-Nimbus 20 Sneaker for Women, Multi Color, 37 EU",Athletic Shoes,"Asics GEL-Nimbus 20 Sneaker for Women, Multi Color, 37 EU",1,749,749,COD,2022,8,August,Wednesday
ORD-2024-00413,4-Dec-24,C0630,P0009,"Nike Air Zoom Pegasus 36 Running Sneakers for Men , Black , Size 43 EU",Athletic Shoes,"Nike Air Zoom Pegasus 36 Running Sneakers for Men , Black , Size 43 EU",1,609,609,Net Banking,2024,12,December,Wednesday
ORD-2022-00414,24-Jun-22,C0111,P0345,"MONTALE Roses Musk for Women - Eau de Parfum, 100ml",Perfumes & Fragrances,"MONTALE Roses Musk for Women - Eau de Parfum, 100ml",1,439,439,Wallet,2022,6,June,Friday
ORD-2023-00415,27-Aug-23,C0064,P0467,"Fossil Grant Watch For Men Analog Leather Band Fs5151, Quartz",Watches,"Fossil Grant Watch For Men Analog Leather Band Fs5151, Quartz",4,756,3024,COD,2023,8,August,Sunday
ORD-2023-00416,16-Dec-23,C0185,P0375,Adidas  D2M HR 34 T Sport Tight for Women - Black,Sportswear,Adidas  D2M HR 34 T Sport Tight for Women - Black,3,180,540,UPI,2023,12,December,Saturday
ORD-2024-00417,27-Sep-24,C0546,P0138,Lacoste Casual Shoe for Men Size 43 EU - White,Casual & Dress Shoes,Lacoste Casual Shoe for Men Size 43 EU - White,1,529,529,UPI,2024,9,September,Friday
ORD-2023-00418,3-Nov-23,C0536,P0228,Polaroid Unisex Round Sunglasses - PLD 2053/S 80751M9,Eyewear,Polaroid Unisex Round Sunglasses - PLD 2053/S 80751M9,4,250,1000,Credit Card,2023,11,November,Friday
ORD-2022-00419,5-Jun-22,C0458,P0115,"Puma Fashion Sneakers Casual Shoe  For Men , Navy , 43 EU",Casual & Dress Shoes,"Puma Fashion Sneakers Casual Shoe  For Men , Navy , 43 EU",1,255,255,Net Banking,2022,6,June,Sunday
ORD-2024-00420,14-May-24,C0439,P0274,"Puma Sunglass For Men - Pu0016S_005, Blue Lens, Square Frame",Eyewear,"Puma Sunglass For Men - Pu0016S_005, Blue Lens, Square Frame",3,365,1095,Credit Card,2024,5,May,Tuesday
ORD-2024-00421,17-Nov-24,C0183,P0553,Casio Standard Analog Watch MTP-1374D-2AV,Watches,Casio Standard Analog Watch MTP-1374D-2AV,3,288.75,866.25,Net Banking,2024,11,November,Sunday
ORD-2024-00422,24-Feb-24,C0115,P0453,"Casio Men's Black Dial Stainless Steel Band Watch - MTP-1314SG-1AV, Analog, Quartz",Watches,"Casio Men's Black Dial Stainless Steel Band Watch - MTP-1314SG-1AV, Analog, Quartz",3,300,900,UPI,2024,2,February,Saturday
ORD-2025-00423,24-Jan-25,C0600,P0598,Invicta Pro Diver Men's Black Dial Stainless Steel Band Automatic Watch - INVICTA-8926,Watches,Invicta Pro Diver Men's Black Dial Stainless Steel Band Automatic Watch - INVICTA-8926,2,680.4,1360.8,Wallet,2025,1,January,Friday
ORD-2025-00424,29-Jan-25,C0367,P0547,"Diesel Mr. Daddy Men'S Black Dial Leather Band Watch Dz7313, Japanese Quartz, Analog",Watches,"Diesel Mr. Daddy Men'S Black Dial Leather Band Watch Dz7313, Japanese Quartz, Analog",1,1345,1345,UPI,2025,1,January,Wednesday
ORD-2023-00425,6-Dec-23,C0578,P0605,Puma Casual Watch For Men Analog Stainless Steel - PU103951004,Watches,Puma Casual Watch For Men Analog Stainless Steel - PU103951004,2,679,1358,COD,2023,12,December,Wednesday
ORD-2025-00426,16-Mar-25,C0538,P0206,Lacoste Men's Sunglasses Rectangular Petit Pique Black,Eyewear,Lacoste Men's Sunglasses Rectangular Petit Pique Black,3,793,2379,Debit Card,2025,3,March,Sunday
ORD-2023-00427,10-Jan-23,C0502,P0346,"Sheikh Al Shuyukh Luxe Edition For Men, Eau De Parfum, 100 ml",Perfumes & Fragrances,"Sheikh Al Shuyukh Luxe Edition For Men, Eau De Parfum, 100 ml",3,3715.8,11147.4,Credit Card,2023,1,January,Tuesday
ORD-2024-00428,9-Nov-24,C0016,P0062,"Nike Pico 5 GS Sneaker for Kids , Size 40 EU , Dark Blue",Athletic Shoes,"Nike Pico 5 GS Sneaker for Kids , Size 40 EU , Dark Blue",3,209,627,UPI,2024,11,November,Saturday
ORD-2025-00429,24-May-25,C0401,P0405,Montblanc Meisterstuck 6 CC Leather Wallet -114462-Black,Wallets,Montblanc Meisterstuck 6 CC Leather Wallet -114462-Black,1,1100,1100,Wallet,2025,5,May,Saturday
ORD-2023-00430,24-Aug-23,C0448,P0432,"Casio MTP1303L-1A For Men-Analog, Casual Watch, Leather",Watches,"Casio MTP1303L-1A For Men-Analog, Casual Watch, Leather",4,152,608,Wallet,2023,8,August,Thursday
ORD-2024-00431,20-Mar-24,C0092,P0358,"Fatale by Agent Provocateur for Women - Eau de Parfum, 50ml",Perfumes & Fragrances,"Fatale by Agent Provocateur for Women - Eau de Parfum, 50ml",1,4559.89,4559.89,Net Banking,2024,3,March,Wednesday
ORD-2025-00432,11-Mar-25,C0406,P0365,adidas Logo Sport Tank Top for Women - Black,Sportswear,adidas Logo Sport Tank Top for Women - Black,4,155,620,Net Banking,2025,3,March,Tuesday
ORD-2022-00433,21-May-22,C0236,P0596,Scuderia Ferrari Men's Grey  Dial Color Rubber Band Watch - 830342,Watches,Scuderia Ferrari Men's Grey  Dial Color Rubber Band Watch - 830342,5,1045,5225,UPI,2022,5,May,Saturday
ORD-2022-00434,17-Aug-22,C0174,P0287,Sunglasses Diane von Furstenberg DVF 143 S FIONA 237 DARK TORTOISE,Eyewear,Sunglasses Diane von Furstenberg DVF 143 S FIONA 237 DARK TORTOISE,2,594,1188,Credit Card,2022,8,August,Wednesday
ORD-2023-00435,18-Apr-23,C0633,P0567,"Lacoste Watch for Women , Quartz , Stainless Steel - 2001095",Watches,"Lacoste Watch for Women , Quartz , Stainless Steel - 2001095",1,2800.78,2800.78,UPI,2023,4,April,Tuesday
ORD-2024-00436,2-Oct-24,C0008,P0015,"adidas ASWEERUN Sneaker for Mens, Black - Size 42 EU",Athletic Shoes,"adidas ASWEERUN Sneaker for Mens, Black - Size 42 EU",1,259,259,COD,2024,10,October,Wednesday
ORD-2022-00437,21-May-22,C0061,P0567,"Lacoste Watch for Women , Quartz , Stainless Steel - 2001095",Watches,"Lacoste Watch for Women , Quartz , Stainless Steel - 2001095",2,2280.29,4560.58,Debit Card,2022,5,May,Saturday
ORD-2024-00438,31-Mar-24,C0025,P0001,Nike SB Check Solar Cnvs Skateboarding Shoes for Men,Athletic Shoes,Nike SB Check Solar Cnvs Skateboarding Shoes for Men,4,299,1196,Debit Card,2024,3,March,Sunday
ORD-2024-00439,22-Jul-24,C0245,P0320,"Bentley Intense for Men - Eau de Parfum, 100ml",Perfumes & Fragrances,"Bentley Intense for Men - Eau de Parfum, 100ml",2,294,588,COD,2024,7,July,Monday
ORD-2022-00440,17-Jun-22,C0206,P0223,"Polaroid Sunglassess for Men, Grey- PLD 1015/S D28/Y2,Rectangle Shape",Eyewear,"Polaroid Sunglassess for Men, Grey- PLD 1015/S D28/Y2,Rectangle Shape",2,250,500,Credit Card,2022,6,June,Friday
ORD-2024-00441,1-Sep-24,C0383,P0335,"Fendi Furiosa for Women - Eau de Parfum, 50ml",Perfumes & Fragrances,"Fendi Furiosa for Women - Eau de Parfum, 50ml",3,439,1317,UPI,2024,9,September,Sunday
ORD-2024-00442,28-Dec-24,C0450,P0084,"Asics Gel-Saga Sneakers for Women, White, 38 EU",Athletic Shoes,"Asics Gel-Saga Sneakers for Women, White, 38 EU",1,379,379,Debit Card,2024,12,December,Saturday
ORD-2022-00443,6-Jul-22,C0319,P0289,"Ray-Ban Sunglasses For Unisex, Gold, 3538, Square Frame",Eyewear,"Ray-Ban Sunglasses For Unisex, Gold, 3538, Square Frame",1,880,880,COD,2022,7,July,Wednesday
ORD-2022-00444,15-Dec-22,C0326,P0314,Crystal Noir by Versace  for Women - Eau de Parfum- 90 ml,Perfumes & Fragrances,Crystal Noir by Versace  for Women - Eau de Parfum- 90 ml,5,315,1575,COD,2022,12,December,Thursday
ORD-2022-00445,17-Apr-22,C0371,P0133,Lacoste Casual Shoe for Men Size 46 EU - Navy,Casual & Dress Shoes,Lacoste Casual Shoe for Men Size 46 EU - Navy,1,539,539,UPI,2022,4,April,Sunday
ORD-2024-00446,16-Aug-24,C0407,P0540,"Burberry BU9350 For Men (Analog, Casual Watch), Stainless Steel",Watches,"Burberry BU9350 For Men (Analog, Casual Watch), Stainless Steel",1,2865,2865,UPI,2024,8,August,Friday
ORD-2024-00447,16-Dec-24,C0013,P0361,"Under Armour Men's Ua Pursuit Pullover Hoodies, Yellow (Golden Yellow/Black), 2X-Large",Sportswear,"Under Armour Men's Ua Pursuit Pullover Hoodies, Yellow (Golden Yellow/Black), 2X-Large",3,389,1167,Credit Card,2024,12,December,Monday
ORD-2025-00448,24-May-25,C0553,P0093,"Skechers BOUNDER Sneaker for Men , Size 42.5 EU , Black",Athletic Shoes,"Skechers BOUNDER Sneaker for Men , Size 42.5 EU , Black",3,2281.48,6844.44,Net Banking,2025,5,May,Saturday
ORD-2024-00449,21-Nov-24,C0251,P0472,hugo boss Jet Men's White Dial Leather Band Watch - 1513282,Watches,hugo boss Jet Men's White Dial Leather Band Watch - 1513282,3,1140,3420,Net Banking,2024,11,November,Thursday
ORD-2024-00450,21-Oct-24,C0103,P0172,Ray-Ban Wrap Sunglasses for Men - RB3183-63-15-125,Eyewear,Ray-Ban Wrap Sunglasses for Men - RB3183-63-15-125,7,690,4830,Net Banking,2024,10,October,Monday
ORD-2024-00451,17-Sep-24,C0547,P0097,"Lacoste Fairlead Fashion Sneakers Shoes For Men, Size 46 EU, Black and Grey",Casual & Dress Shoes,"Lacoste Fairlead Fashion Sneakers Shoes For Men, Size 46 EU, Black and Grey",3,469,1407,UPI,2024,9,September,Tuesday
ORD-2024-00452,7-Feb-24,C0206,P0021,"Nike Quest 2 Nylon-Mesh Contrast Side Logo Running Shoes for Men - White, 45",Athletic Shoes,"Nike Quest 2 Nylon-Mesh Contrast Side Logo Running Shoes for Men - White, 45",1,3988.14,3988.14,Net Banking,2024,2,February,Wednesday
ORD-2023-00453,6-Dec-23,C0165,P0175,"Ray Ban Sunglasses for Men - Size 55, Black Frame, 0RB4165 622 2V55",Eyewear,"Ray Ban Sunglasses for Men - Size 55, Black Frame, 0RB4165 622 2V55",1,820,820,Credit Card,2023,12,December,Wednesday
ORD-2024-00454,15-Feb-24,C0417,P0541,"Fossil Pilot 54 Men'S Black Dial Leather Band Chronograph Watch Fs5157, Quartz, Analog",Watches,"Fossil Pilot 54 Men'S Black Dial Leather Band Chronograph Watch Fs5157, Quartz, Analog",1,670,670,UPI,2024,2,February,Thursday
ORD-2025-00455,4-Feb-25,C0368,P0206,Lacoste Men's Sunglasses Rectangular Petit Pique Black,Eyewear,Lacoste Men's Sunglasses Rectangular Petit Pique Black,1,793,793,Wallet,2025,2,February,Tuesday
ORD-2023-00456,13-Feb-23,C0175,P0293,"Ray-Ban Square Unisex Sunglasses - 4258 6231/1N 50, Blue Lens",Eyewear,"Ray-Ban Square Unisex Sunglasses - 4258 6231/1N 50, Blue Lens",4,840,3360,Wallet,2023,2,February,Monday
ORD-2024-00457,11-Feb-24,C0503,P0563,"Hugo Boss Dress Watch for Men , Stainless Steel , 1513597",Watches,"Hugo Boss Dress Watch for Men , Stainless Steel , 1513597",1,1345,1345,UPI,2024,2,February,Sunday
ORD-2022-00458,27-Oct-22,C0664,P0127,"Nike Air Force 1 '07 Sneaker For Men , Grey",Casual & Dress Shoes,"Nike Air Force 1 '07 Sneaker For Men , Grey",4,529,2116,Wallet,2022,10,October,Thursday
ORD-2022-00459,23-Nov-22,C0586,P0506,JBW Victory Women's 16 Diamonds Mother of Pearl Dial Gold Plated Stainless Steel Band Watch - JB-6210-A,Watches,JBW Victory Women's 16 Diamonds Mother of Pearl Dial Gold Plated Stainless Steel Band Watch - JB-6210-A,3,5870,17610,UPI,2022,11,November,Wednesday
ORD-2022-00460,22-Aug-22,C0566,P0604,Michael Kors Lexington Women's White Dial Stainless Steel Band Watch - MK3229,Watches,Michael Kors Lexington Women's White Dial Stainless Steel Band Watch - MK3229,3,762,2286,COD,2022,8,August,Monday
ORD-2024-00461,30-Mar-24,C0112,P0599,Invicta Pro Diver Men's Black Dial Stainless Steel Band Automatic Watch - INVICTA-8929OB,Watches,Invicta Pro Diver Men's Black Dial Stainless Steel Band Automatic Watch - INVICTA-8929OB,2,1181,2362,Wallet,2024,3,March,Saturday
ORD-2022-00462,31-Mar-22,C0473,P0202,"Ray-Ban Sunglasses For Unisex, Size 55, Brown, 3025, 55, 004, 51, 55-14-135, Aviator Frame",Eyewear,"Ray-Ban Sunglasses For Unisex, Size 55, Brown, 3025, 55, 004, 51, 55-14-135, Aviator Frame",3,709,2127,UPI,2022,3,March,Thursday
ORD-2023-00463,28-Jan-23,C0660,P0577,Akribos XXIV Men's Classic Bubble Crystal 3 Interchangeable Leather Watch Set - AK1104RGBU-S,Watches,Akribos XXIV Men's Classic Bubble Crystal 3 Interchangeable Leather Watch Set - AK1104RGBU-S,3,1565.73,4697.19,Net Banking,2023,1,January,Saturday
ORD-2025-00464,7-May-25,C0247,P0303,"United Colors Of Benetton Hot for Women - Eau de Toilette, 100ml",Perfumes & Fragrances,"United Colors Of Benetton Hot for Women - Eau de Toilette, 100ml",1,79,79,COD,2025,5,May,Wednesday
ORD-2023-00465,9-Feb-23,C0239,P0525,"Diesel Mr. Daddy 2.0 Men'S Black Dial Stainless Steel Band Watch Dz7312, Japanese Quartz, Analog",Watches,"Diesel Mr. Daddy 2.0 Men'S Black Dial Stainless Steel Band Watch Dz7312, Japanese Quartz, Analog",1,1502,1502,UPI,2023,2,February,Thursday
ORD-2023-00466,9-Apr-23,C0142,P0511,Timberland Templeton Men's White Dial Leather Band Watch - TBL14811JSU-07,Watches,Timberland Templeton Men's White Dial Leather Band Watch - TBL14811JSU-07,1,938,938,UPI,2023,4,April,Sunday
ORD-2022-00467,30-Nov-22,C0001,P0571,"Olivia Burton Marble Florals Dial Watch for Women, Analog, PU Leather Band - OB16CS19",Watches,"Olivia Burton Marble Florals Dial Watch for Women, Analog, PU Leather Band - OB16CS19",3,805,2415,Debit Card,2022,11,November,Wednesday
ORD-2023-00468,23-Feb-23,C0308,P0365,adidas Logo Sport Tank Top for Women - Black,Sportswear,adidas Logo Sport Tank Top for Women - Black,2,155,310,Wallet,2023,2,February,Thursday
ORD-2024-00469,9-May-24,C0345,P0349,"Gucci Premiere for Women - Eau de Toilette, 75ml",Perfumes & Fragrances,"Gucci Premiere for Women - Eau de Toilette, 75ml",1,370,370,Credit Card,2024,5,May,Thursday
ORD-2022-00470,25-Jun-22,C0658,P0378,"Champion Hemmed Edge Pants For Men, S, Black",Sportswear,"Champion Hemmed Edge Pants For Men, S, Black",1,159,159,UPI,2022,6,June,Saturday
ORD-2023-00471,1-Apr-23,C0658,P0383,"Bodytalk Training T-shirt for Men, Size M, Cotton - White",Sportswear,"Bodytalk Training T-shirt for Men, Size M, Cotton - White",2,69,138,COD,2023,4,April,Saturday
ORD-2024-00472,26-Nov-24,C0581,P0306,"Roberto Cavalli Nero Assoluto for Women - Eau de Parfum, 75ml",Perfumes & Fragrances,"Roberto Cavalli Nero Assoluto for Women - Eau de Parfum, 75ml",1,210,210,Net Banking,2024,11,November,Tuesday
ORD-2024-00473,14-Nov-24,C0646,P0586,"Watch for Men by Casio , Analog , Chronograph , Stainless Steel , Silver , MTP-1374D-2AV",Watches,"Watch for Men by Casio , Analog , Chronograph , Stainless Steel , Silver , MTP-1374D-2AV",2,269,538,Net Banking,2024,11,November,Thursday
ORD-2024-00474,25-Aug-24,C0637,P0355,"Juicy Couture Viva La Juicy for Women - Eau de Parfum, 100ml",Perfumes & Fragrances,"Juicy Couture Viva La Juicy for Women - Eau de Parfum, 100ml",1,218,218,Wallet,2024,8,August,Sunday
ORD-2023-00475,15-Jun-23,C0190,P0376,adidas SID 360 ADI TEE WHITE for MALE,Sportswear,adidas SID 360 ADI TEE WHITE for MALE,1,139,139,Credit Card,2023,6,June,Thursday
ORD-2024-00476,21-Aug-24,C0516,P0080,"Asics Gel-Saga SOU Sneakers for Men, White, 42.5 EU",Athletic Shoes,"Asics Gel-Saga SOU Sneakers for Men, White, 42.5 EU",5,339,1695,UPI,2024,8,August,Wednesday
ORD-2023-00477,14-Oct-23,C0650,P0177,"Ray-Ban Sunglasses for Men, Black, 3548N",Eyewear,"Ray-Ban Sunglasses for Men, Black, 3548N",7,1286,9002,UPI,2023,10,October,Saturday
ORD-2022-00478,28-Aug-22,C0145,P0465,Hugo Boss Dress Watch For Men Analog Leather - 1513279,Watches,Hugo Boss Dress Watch For Men Analog Leather - 1513279,4,1435,5740,COD,2022,8,August,Sunday
ORD-2022-00479,24-Oct-22,C0120,P0150,"Polaroid Sunglasses for Unisex , Blue",Eyewear,"Polaroid Sunglasses for Unisex , Blue",3,250,750,Wallet,2022,10,October,Monday
ORD-2024-00480,22-Mar-24,C0301,P0300,"Guess by Marciano for Women - Eau de Parfum, 100ml",Perfumes & Fragrances,"Guess by Marciano for Women - Eau de Parfum, 100ml",1,147,147,Net Banking,2024,3,March,Friday
ORD-2023-00481,23-Sep-23,C0276,P0047,"asics GEL-NIMBUS 22 Running Shoes for Women, Pink, 38 EU",Athletic Shoes,"asics GEL-NIMBUS 22 Running Shoes for Women, Pink, 38 EU",2,839,1678,Credit Card,2023,9,September,Saturday
ORD-2023-00482,24-Nov-23,C0520,P0571,"Olivia Burton Marble Florals Dial Watch for Women, Analog, PU Leather Band - OB16CS19",Watches,"Olivia Burton Marble Florals Dial Watch for Women, Analog, PU Leather Band - OB16CS19",1,805,805,Debit Card,2023,11,November,Friday
ORD-2022-00483,7-Apr-22,C0218,P0376,adidas SID 360 ADI TEE WHITE for MALE,Sportswear,adidas SID 360 ADI TEE WHITE for MALE,2,139,278,Wallet,2022,4,April,Thursday
ORD-2023-00484,15-Jun-23,C0036,P0027,"adidas Grand Court Base Sneakers for Men, Size 42 2/3 EU, White - EE7904",Athletic Shoes,"adidas Grand Court Base Sneakers for Men, Size 42 2/3 EU, White - EE7904",7,569,3983,Debit Card,2023,6,June,Thursday
ORD-2023-00485,28-Dec-23,C0567,P0386,Under Armour Mid Crossback Training Sports Bra for Women,Sportswear,Under Armour Mid Crossback Training Sports Bra for Women,1,139,139,Credit Card,2023,12,December,Thursday
ORD-2024-00486,20-Nov-24,C0269,P0247,Ray-Ban Aviator Unisex Sunglasses - Rb3025-019/Z258,Eyewear,Ray-Ban Aviator Unisex Sunglasses - Rb3025-019/Z258,3,855,2565,Credit Card,2024,11,November,Wednesday
ORD-2022-00487,4-Feb-22,C0264,P0405,Montblanc Meisterstuck 6 CC Leather Wallet -114462-Black,Wallets,Montblanc Meisterstuck 6 CC Leather Wallet -114462-Black,1,1100,1100,Wallet,2022,2,February,Friday
ORD-2022-00488,26-Dec-22,C0262,P0503,"Diesel Mega Chief Dz4329, Analog",Watches,"Diesel Mega Chief Dz4329, Analog",2,990,1980,Wallet,2022,12,December,Monday
ORD-2023-00489,10-Jan-23,C0220,P0512,"Burberry Watch for Women , Quartz , Leather , BU9111",Watches,"Burberry Watch for Women , Quartz , Leather , BU9111",1,1766,1766,UPI,2023,1,January,Tuesday
ORD-2022-00490,27-Dec-22,C0586,P0432,"Casio MTP1303L-1A For Men-Analog, Casual Watch, Leather",Watches,"Casio MTP1303L-1A For Men-Analog, Casual Watch, Leather",1,152,152,Credit Card,2022,12,December,Tuesday
ORD-2022-00491,22-Jun-22,C0460,P0229,"Polaroid Cat Eye Women's Sunglasses - Pld 4066/S 08657La, Brown Lens",Eyewear,"Polaroid Cat Eye Women's Sunglasses - Pld 4066/S 08657La, Brown Lens",4,250,1000,Credit Card,2022,6,June,Wednesday
ORD-2023-00492,8-Jan-23,C0044,P0573,Lacoste Casual Watch For Women Analog Silicone - 2001024,Watches,Lacoste Casual Watch For Women Analog Silicone - 2001024,2,895,1790,Debit Card,2023,1,January,Sunday
ORD-2023-00493,14-Nov-23,C0572,P0592,"Emporio Armani Watch For Men Leather Quartz Ar1945, Analog",Watches,"Emporio Armani Watch For Men Leather Quartz Ar1945, Analog",1,980,980,Net Banking,2023,11,November,Tuesday
ORD-2023-00494,7-Dec-23,C0669,P0001,Nike SB Check Solar Cnvs Skateboarding Shoes for Men,Athletic Shoes,Nike SB Check Solar Cnvs Skateboarding Shoes for Men,1,299,299,Debit Card,2023,12,December,Thursday
ORD-2023-00495,22-Apr-23,C0210,P0012,"Adidas VS Pace Nubuck Contrast Side Stripe Sport Sneakers for Men - White, 43 1/3",Athletic Shoes,"Adidas VS Pace Nubuck Contrast Side Stripe Sport Sneakers for Men - White, 43 1/3",1,259,259,Debit Card,2023,4,April,Saturday
ORD-2025-00496,19-Mar-25,C0452,P0558,JBW Men's G3 World Traveler Set 0.16 ctw Diamond Mesh Bracelet Watch - J6355-SetA,Watches,JBW Men's G3 World Traveler Set 0.16 ctw Diamond Mesh Bracelet Watch - J6355-SetA,3,4623,13869,UPI,2025,3,March,Wednesday
ORD-2024-00497,28-Feb-24,C0010,P0568,JBW Victor Men's 16 Diamonds Black Dial Black Ion-Plated Stainless Steel Band Watch - JB-8102-G,Watches,JBW Victor Men's 16 Diamonds Black Dial Black Ion-Plated Stainless Steel Band Watch - JB-8102-G,6,4490,26940,Debit Card,2024,2,February,Wednesday
ORD-2023-00498,24-Dec-23,C0005,P0376,adidas SID 360 ADI TEE WHITE for MALE,Sportswear,adidas SID 360 ADI TEE WHITE for MALE,2,139,278,UPI,2023,12,December,Sunday
ORD-2024-00499,21-Dec-24,C0298,P0396,guess Men's Wallet 31GUE13142-Black,Wallets,guess Men's Wallet 31GUE13142-Black,1,195,195,UPI,2024,12,December,Saturday
ORD-2025-00500,23-Apr-25,C0477,P0318,"Elizabeth Arden 5th Avenue for Women - Eau de Parfum, 125ml",Perfumes & Fragrances,"Elizabeth Arden 5th Avenue for Women - Eau de Parfum, 125ml",3,385,1155,Debit Card,2025,4,April,Wednesday
ORD-2024-00501,27-May-24,C0252,P0498,Fossil Grant Sport Men's Blue Dial Leather Band Watch - ME3140,Watches,Fossil Grant Sport Men's Blue Dial Leather Band Watch - ME3140,4,2202,8808,Debit Card,2024,5,May,Monday
ORD-2024-00502,5-Oct-24,C0581,P0361,"Under Armour Men's Ua Pursuit Pullover Hoodies, Yellow (Golden Yellow/Black), 2X-Large",Sportswear,"Under Armour Men's Ua Pursuit Pullover Hoodies, Yellow (Golden Yellow/Black), 2X-Large",3,389,1167,Net Banking,2024,10,October,Saturday
ORD-2025-00503,29-Mar-25,C0128,P0299,"GUESS Marciano for Men - Eau de Toilette, 100ml",Perfumes & Fragrances,"GUESS Marciano for Men - Eau de Toilette, 100ml",2,273,546,Net Banking,2025,3,March,Saturday
ORD-2023-00504,20-Sep-23,C0529,P0103,Jack and Jones Shoes for Men  - Navy - 44 EU,Casual & Dress Shoes,Jack and Jones Shoes for Men  - Navy - 44 EU,2,189,378,UPI,2023,9,September,Wednesday
ORD-2023-00505,2-Jul-23,C0647,P0172,Ray-Ban Wrap Sunglasses for Men - RB3183-63-15-125,Eyewear,Ray-Ban Wrap Sunglasses for Men - RB3183-63-15-125,2,690,1380,COD,2023,7,July,Sunday
ORD-2024-00506,17-Apr-24,C0644,P0260,"Gucci Oval Unisex Sunglasses - Gg0124S00450 - 50-22-145 mm, Brown Lens",Eyewear,"Gucci Oval Unisex Sunglasses - Gg0124S00450 - 50-22-145 mm, Brown Lens",1,1619,1619,UPI,2024,4,April,Wednesday
ORD-2024-00507,17-Aug-24,C0377,P0419,guess Men's Wallet 31GUE11028-Brown,Wallets,guess Men's Wallet 31GUE11028-Brown,1,140,140,Debit Card,2024,8,August,Saturday
ORD-2024-00508,13-Oct-24,C0566,P0496,Fossil Coachman Men's Black Dial Leather Band Chronograph Watch - CH2891,Watches,Fossil Coachman Men's Black Dial Leather Band Chronograph Watch - CH2891,6,1265,7590,COD,2024,10,October,Sunday
ORD-2022-00509,12-Jan-22,C0301,P0247,Ray-Ban Aviator Unisex Sunglasses - Rb3025-019/Z258,Eyewear,Ray-Ban Aviator Unisex Sunglasses - Rb3025-019/Z258,3,855,2565,Wallet,2022,1,January,Wednesday
ORD-2023-00510,7-Apr-23,C0596,P0404,Montblanc bifold Wallet For Men Sartorial 118391-Black,Wallets,Montblanc bifold Wallet For Men Sartorial 118391-Black,1,850,850,Wallet,2023,4,April,Friday
ORD-2024-00511,27-Jul-24,C0388,P0218,"Ray-Ban RB1971 914731 Square Sunglasses for Unisex , Lens 54 mm",Eyewear,"Ray-Ban RB1971 914731 Square Sunglasses for Unisex , Lens 54 mm",1,997,997,UPI,2024,7,July,Saturday
ORD-2024-00512,24-Nov-24,C0597,P0506,JBW Victory Women's 16 Diamonds Mother of Pearl Dial Gold Plated Stainless Steel Band Watch - JB-6210-A,Watches,JBW Victory Women's 16 Diamonds Mother of Pearl Dial Gold Plated Stainless Steel Band Watch - JB-6210-A,2,5870,11740,UPI,2024,11,November,Sunday
ORD-2024-00513,15-Feb-24,C0456,P0438,"Casio Women'S White Dial Resin Band Watch Lrw 200H 4B2V, Quartz, Analog",Watches,"Casio Women'S White Dial Resin Band Watch Lrw 200H 4B2V, Quartz, Analog",1,1764.3,1764.3,Debit Card,2024,2,February,Thursday
ORD-2022-00514,10-Sep-22,C0361,P0071,Ellesse Smash Shoe For Men (White - 43 EU),Athletic Shoes,Ellesse Smash Shoe For Men (White - 43 EU),1,289,289,COD,2022,9,September,Saturday
ORD-2023-00515,21-Apr-23,C0653,P0089,"Asics New York Sneakers for Women, Grey, 39 EU",Athletic Shoes,"Asics New York Sneakers for Women, Grey, 39 EU",5,299,1495,Credit Card,2023,4,April,Friday
ORD-2025-00516,1-Feb-25,C0179,P0505,Lacoste Legacy Men's Black Dial Leather Band Watch - 2010982,Watches,Lacoste Legacy Men's Black Dial Leather Band Watch - 2010982,1,855,855,Credit Card,2025,2,February,Saturday
ORD-2023-00517,16-Dec-23,C0559,P0532,JBW Men's 10 YR Anniversary GMT Globetrotter 0.21 ctw Diamond Watch - J6365-10A,Watches,JBW Men's 10 YR Anniversary GMT Globetrotter 0.21 ctw Diamond Watch - J6365-10A,2,2243,4486,Net Banking,2023,12,December,Saturday
ORD-2022-00518,14-May-22,C0304,P0172,Ray-Ban Wrap Sunglasses for Men - RB3183-63-15-125,Eyewear,Ray-Ban Wrap Sunglasses for Men - RB3183-63-15-125,2,690,1380,Net Banking,2022,5,May,Saturday
ORD-2022-00519,21-Sep-22,C0176,P0298,"Davidoff Cool Water for Women - Eau de Toilette, 100ml",Perfumes & Fragrances,"Davidoff Cool Water for Women - Eau de Toilette, 100ml",1,279,279,Net Banking,2022,9,September,Wednesday
ORD-2023-00520,1-Dec-23,C0106,P0119,"Lacoste Graduate Lace Up Shoes For Men Size 46 EU, White",Casual & Dress Shoes,"Lacoste Graduate Lace Up Shoes For Men Size 46 EU, White",1,449,449,Debit Card,2023,12,December,Friday
ORD-2022-00521,21-Jul-22,C0067,P0432,"Casio MTP1303L-1A For Men-Analog, Casual Watch, Leather",Watches,"Casio MTP1303L-1A For Men-Analog, Casual Watch, Leather",1,152,152,Credit Card,2022,7,July,Thursday
ORD-2025-00522,19-Apr-25,C0221,P0569,Casio Men Black Dial Resin Band Watch aeq-110bw-9a,Watches,Casio Men Black Dial Resin Band Watch aeq-110bw-9a,2,313.95,627.9,UPI,2025,4,April,Saturday
ORD-2022-00523,24-Dec-22,C0487,P0285,"Guess Cat Eye Women's Sunglasses - Gu7485-56F-51 - 51-25- 135 mm, Brown Lens",Eyewear,"Guess Cat Eye Women's Sunglasses - Gu7485-56F-51 - 51-25- 135 mm, Brown Lens",3,600,1800,Debit Card,2022,12,December,Saturday
ORD-2023-00524,20-Aug-23,C0584,P0008,"Nike Fitness Shoes For Men , 44.5 EU , Gray",Athletic Shoes,"Nike Fitness Shoes For Men , 44.5 EU , Gray",4,389,1556,Wallet,2023,8,August,Sunday
ORD-2024-00525,7-Apr-24,C0600,P0122,Lacoste Casual Shoe For Men Size 45 EU - White,Casual & Dress Shoes,Lacoste Casual Shoe For Men Size 45 EU - White,1,449,449,Credit Card,2024,4,April,Sunday
ORD-2024-00526,27-Dec-24,C0289,P0002,"Nike Md Runner 2 Two-Tone Textile-Mesh Suede-Accent Side-Logo Lace-Up Running Athletic Shoes for Men - Wolf Grey, 42.5",Athletic Shoes,"Nike Md Runner 2 Two-Tone Textile-Mesh Suede-Accent Side-Logo Lace-Up Running Athletic Shoes for Men - Wolf Grey, 42.5",3,349,1047,Wallet,2024,12,December,Friday
ORD-2023-00527,17-Dec-23,C0434,P0477,August Steiner Women's Silver Dial Stainless Steel Band Watch - AS8228SS,Watches,August Steiner Women's Silver Dial Stainless Steel Band Watch - AS8228SS,2,703,1406,Net Banking,2023,12,December,Sunday
ORD-2024-00528,22-Jan-24,C0060,P0107,"Polo Ralph Lauren Hanford Sneakers for Men, Black - 43 EU",Casual & Dress Shoes,"Polo Ralph Lauren Hanford Sneakers for Men, Black - 43 EU",2,269,538,Debit Card,2024,1,January,Monday
ORD-2022-00529,16-Sep-22,C0226,P0174,"Carrera Aviator Sunglasses for Unisex , 8010/S-R80-59-12-140-WJ",Eyewear,"Carrera Aviator Sunglasses for Unisex , 8010/S-R80-59-12-140-WJ",1,525,525,UPI,2022,9,September,Friday
ORD-2022-00530,5-Jun-22,C0557,P0096,Lacoste Casual Shoe For Men Size 45 EU - White,Casual & Dress Shoes,Lacoste Casual Shoe For Men Size 45 EU - White,1,519,519,UPI,2022,6,June,Sunday
ORD-2024-00531,27-Mar-24,C0443,P0155,"Ray-Ban Sunglasses for Unisex , 0RB4246 1197Z251",Eyewear,"Ray-Ban Sunglasses for Unisex , 0RB4246 1197Z251",3,1110,3330,UPI,2024,3,March,Wednesday
ORD-2025-00532,19-Apr-25,C0197,P0110,Lacoste Casual Shoe for Women Size 39 EU - Black,Casual & Dress Shoes,Lacoste Casual Shoe for Women Size 39 EU - Black,3,499,1497,UPI,2025,4,April,Saturday
ORD-2023-00533,11-Aug-23,C0647,P0192,Lacoste Rectangular Sport Inspired Matte Khaki Sunglasses For Men 54-19-145mm,Eyewear,Lacoste Rectangular Sport Inspired Matte Khaki Sunglasses For Men 54-19-145mm,8,547,4376,Credit Card,2023,8,August,Friday
ORD-2024-00534,4-May-24,C0409,P0182,"Ray Ban Aviator Sunglasses for Unisex - Green Lens, RB3025 55 W3234",Eyewear,"Ray Ban Aviator Sunglasses for Unisex - Green Lens, RB3025 55 W3234",1,1039.5,1039.5,UPI,2024,5,May,Saturday
ORD-2025-00535,14-Feb-25,C0188,P0048,"Adidas Sooraj Color Block Rubber Sole Lace-Up Running Shoes for Women - Core Black & Grey Five, 38",Athletic Shoes,"Adidas Sooraj Color Block Rubber Sole Lace-Up Running Shoes for Women - Core Black & Grey Five, 38",1,1001.4,1001.4,Net Banking,2025,2,February,Friday
ORD-2024-00536,12-Sep-24,C0203,P0558,JBW Men's G3 World Traveler Set 0.16 ctw Diamond Mesh Bracelet Watch - J6355-SetA,Watches,JBW Men's G3 World Traveler Set 0.16 ctw Diamond Mesh Bracelet Watch - J6355-SetA,2,4623,9246,UPI,2024,9,September,Thursday
ORD-2024-00537,18-Nov-24,C0585,P0452,"Casio Analog, Casual Watch For Men - MTP-1314D-7AVDF, Stainless Steel",Watches,"Casio Analog, Casual Watch For Men - MTP-1314D-7AVDF, Stainless Steel",1,184,184,Net Banking,2024,11,November,Monday
ORD-2023-00538,28-Feb-23,C0425,P0521,"Casio Watch For Men Stainless Steel Mtp 1374D 2Avdf, Analog",Watches,"Casio Watch For Men Stainless Steel Mtp 1374D 2Avdf, Analog",5,374,1870,Debit Card,2023,2,February,Tuesday
ORD-2023-00539,12-Dec-23,C0531,P0205,Polaroid Wayfarer Men's Sunglasses - PLD 2056/S 00358M9,Eyewear,Polaroid Wayfarer Men's Sunglasses - PLD 2056/S 00358M9,2,250,500,Credit Card,2023,12,December,Tuesday
ORD-2022-00540,28-Aug-22,C0640,P0460,"Fossil Grant Watch For Men Analog Leather Band Fs4813, Quartz",Watches,"Fossil Grant Watch For Men Analog Leather Band Fs4813, Quartz",2,472,944,Credit Card,2022,8,August,Sunday
ORD-2023-00541,30-Dec-23,C0008,P0052,Nike SB Check Solar Cnvs Skate Boarding Shoes For Men,Athletic Shoes,Nike SB Check Solar Cnvs Skate Boarding Shoes For Men,1,279,279,Debit Card,2023,12,December,Saturday
ORD-2022-00542,23-Jan-22,C0242,P0389,"Nike 886191, Men's Tank Top, Men's, 886191, black, Medium",Sportswear,"Nike 886191, Men's Tank Top, Men's, 886191, black, Medium",1,269,269,Net Banking,2022,1,January,Sunday
ORD-2022-00543,12-Nov-22,C0002,P0099,"Lacoste Jouer Fashion Sneakers Shoes for Men, Size 42 EU, Navy and White",Casual & Dress Shoes,"Lacoste Jouer Fashion Sneakers Shoes for Men, Size 42 EU, Navy and White",1,459,459,Net Banking,2022,11,November,Saturday
ORD-2024-00544,14-Dec-24,C0273,P0062,"Nike Pico 5 GS Sneaker for Kids , Size 40 EU , Dark Blue",Athletic Shoes,"Nike Pico 5 GS Sneaker for Kids , Size 40 EU , Dark Blue",3,209,627,Wallet,2024,12,December,Saturday
ORD-2024-00545,13-Jun-24,C0608,P0076,"Asics GEL-Nimbus 20 Sneaker for Women, Multi Color, 37 EU",Athletic Shoes,"Asics GEL-Nimbus 20 Sneaker for Women, Multi Color, 37 EU",1,749,749,Credit Card,2024,6,June,Thursday
ORD-2024-00546,27-Jul-24,C0634,P0021,"Nike Quest 2 Nylon-Mesh Contrast Side Logo Running Shoes for Men - White, 45",Athletic Shoes,"Nike Quest 2 Nylon-Mesh Contrast Side Logo Running Shoes for Men - White, 45",2,665.79,1331.58,Net Banking,2024,7,July,Saturday
ORD-2024-00547,4-Nov-24,C0433,P0045,"Asics GEL-NIMBUS 22 Running Shoes for Women, Rose Gold, 38 EU",Athletic Shoes,"Asics GEL-NIMBUS 22 Running Shoes for Women, Rose Gold, 38 EU",1,839,839,COD,2024,11,November,Monday
ORD-2022-00548,11-Dec-22,C0281,P0541,"Fossil Pilot 54 Men'S Black Dial Leather Band Chronograph Watch Fs5157, Quartz, Analog",Watches,"Fossil Pilot 54 Men'S Black Dial Leather Band Chronograph Watch Fs5157, Quartz, Analog",1,670,670,Debit Card,2022,12,December,Sunday
ORD-2022-00549,26-Apr-22,C0267,P0089,"Asics New York Sneakers for Women, Grey, 39 EU",Athletic Shoes,"Asics New York Sneakers for Women, Grey, 39 EU",1,299,299,COD,2022,4,April,Tuesday
ORD-2024-00550,15-Jul-24,C0359,P0187,Ray Ban Clubmaster Unisex Sunglasses - RB3016W036-W0365 - 51-50 -25-145 mm,Eyewear,Ray Ban Clubmaster Unisex Sunglasses - RB3016W036-W0365 - 51-50 -25-145 mm,1,870,870,UPI,2024,7,July,Monday
ORD-2024-00551,8-Feb-24,C0060,P0470,Fossil Coachman Men's Silver Dial Leather Band Chronograph Watch - CH2565,Watches,Fossil Coachman Men's Silver Dial Leather Band Chronograph Watch - CH2565,1,839,839,UPI,2024,2,February,Thursday
ORD-2022-00552,19-Dec-22,C0483,P0386,Under Armour Mid Crossback Training Sports Bra for Women,Sportswear,Under Armour Mid Crossback Training Sports Bra for Women,1,139,139,COD,2022,12,December,Monday
ORD-2022-00553,1-Jun-22,C0307,P0112,Lacoste Casual Shoe for Men Size 43 EU - Black,Casual & Dress Shoes,Lacoste Casual Shoe for Men Size 43 EU - Black,3,519,1557,UPI,2022,6,June,Wednesday
ORD-2023-00554,27-Oct-23,C0146,P0185,"Ray-Ban Aviator Unisex Sunglasses - Rb3025 001-57, Brown Lens",Eyewear,"Ray-Ban Aviator Unisex Sunglasses - Rb3025 001-57, Brown Lens",2,1040,2080,UPI,2023,10,October,Friday
ORD-2025-00555,17-May-25,C0134,P0518,"Fossil Townsman Men'S Black Dial Stainless Steel Band Watch Me3107, Automatic, Analog",Watches,"Fossil Townsman Men'S Black Dial Stainless Steel Band Watch Me3107, Automatic, Analog",1,991,991,Credit Card,2025,5,May,Saturday
ORD-2024-00556,20-Aug-24,C0011,P0091,Nike air Max Motion 2 Running Shoes for Men - atmosphere Grey/White (44 EU),Athletic Shoes,Nike air Max Motion 2 Running Shoes for Men - atmosphere Grey/White (44 EU),2,589,1178,Wallet,2024,8,August,Tuesday
ORD-2024-00557,21-Jul-24,C0604,P0263,"Ray-Ban Men's Aviator Large Metal Aviator Sunglasses, Gold (Frames: gold Glass: Course light blue 001/3F), 58 mm",Eyewear,"Ray-Ban Men's Aviator Large Metal Aviator Sunglasses, Gold (Frames: gold Glass: Course light blue 001/3F), 58 mm",1,802,802,Wallet,2024,7,July,Sunday
ORD-2025-00558,6-Jan-25,C0612,P0577,Akribos XXIV Men's Classic Bubble Crystal 3 Interchangeable Leather Watch Set - AK1104RGBU-S,Watches,Akribos XXIV Men's Classic Bubble Crystal 3 Interchangeable Leather Watch Set - AK1104RGBU-S,1,3812.34,3812.34,COD,2025,1,January,Monday
ORD-2022-00559,1-Apr-22,C0552,P0433,"Burberry BU9509 For Women (Analog, Casual Watch), Leather",Watches,"Burberry BU9509 For Women (Analog, Casual Watch), Leather",1,2040,2040,Debit Card,2022,4,April,Friday
ORD-2024-00560,2-Aug-24,C0515,P0200,Polaroid P4139 Sunglasses,Eyewear,Polaroid P4139 Sunglasses,2,350,700,Debit Card,2024,8,August,Friday
ORD-2022-00561,17-Nov-22,C0375,P0070,Ellesse Pamplona Shoe For Women (Black - 38 EU),Athletic Shoes,Ellesse Pamplona Shoe For Women (Black - 38 EU),1,289,289,Debit Card,2022,11,November,Thursday
ORD-2024-00562,7-Sep-24,C0553,P0290,"Ray-Ban Sunglasses For Unisex, 0Rb3578 186/B150, Multi Color Lens, Round Frame",Eyewear,"Ray-Ban Sunglasses For Unisex, 0Rb3578 186/B150, Multi Color Lens, Round Frame",2,1110,2220,COD,2024,9,September,Saturday
ORD-2023-00563,2-Jul-23,C0622,P0203,"Polaroid Sunglasses for Women, Black- PLD 4049/S 807",Eyewear,"Polaroid Sunglasses for Women, Black- PLD 4049/S 807",1,450,450,Credit Card,2023,7,July,Sunday
ORD-2022-00564,27-Feb-22,C0118,P0064,"Nike Flex Method TR Sneaker for Men , Size 43 EU , Black",Athletic Shoes,"Nike Flex Method TR Sneaker for Men , Size 43 EU , Black",1,389,389,Wallet,2022,2,February,Sunday
ORD-2024-00565,19-Nov-24,C0074,P0272,"Flamingo Rectangle Sunglasseses For Unisex,Plastic,Blue",Eyewear,"Flamingo Rectangle Sunglasseses For Unisex,Plastic,Blue",1,279,279,Net Banking,2024,11,November,Tuesday
ORD-2023-00566,23-Jul-23,C0095,P0592,"Emporio Armani Watch For Men Leather Quartz Ar1945, Analog",Watches,"Emporio Armani Watch For Men Leather Quartz Ar1945, Analog",2,980,1960,Debit Card,2023,7,July,Sunday
ORD-2024-00567,24-Nov-24,C0594,P0208,"Calvin Klein Round Sunglasses for Men - Blue lens, CK18104S-045",Eyewear,"Calvin Klein Round Sunglasses for Men - Blue lens, CK18104S-045",1,890,890,COD,2024,11,November,Sunday
ORD-2024-00568,17-May-24,C0318,P0060,Nike Shoes for Women -  Multi Color -  Size 39 EU,Athletic Shoes,Nike Shoes for Women -  Multi Color -  Size 39 EU,4,399,1596,Wallet,2024,5,May,Friday
ORD-2025-00569,2-Jan-25,C0098,P0401,Steve Madden Men's Leather Wallets N80058-Black,Wallets,Steve Madden Men's Leather Wallets N80058-Black,4,125,500,Net Banking,2025,1,January,Thursday
ORD-2024-00570,5-Oct-24,C0165,P0309,"Davidoff Hot Water for Men - Eau de Toilette, 110ml",Perfumes & Fragrances,"Davidoff Hot Water for Men - Eau de Toilette, 110ml",6,294,1764,Wallet,2024,10,October,Saturday
ORD-2024-00571,2-Dec-24,C0067,P0207,"Emporio armani Wayfarer Sunglassese for Women , Grey Lens , B00G8VTQ64",Eyewear,"Emporio armani Wayfarer Sunglassese for Women , Grey Lens , B00G8VTQ64",1,1119,1119,COD,2024,12,December,Monday
ORD-2025-00572,23-Feb-25,C0215,P0100,Lacoste Casual Shoe for Men Size 42 EU - Black,Casual & Dress Shoes,Lacoste Casual Shoe for Men Size 42 EU - Black,3,539,1617,UPI,2025,2,February,Sunday
ORD-2023-00573,14-Feb-23,C0266,P0351,"Joop! Homme for Men - Eau de Toilette, 125ml",Perfumes & Fragrances,"Joop! Homme for Men - Eau de Toilette, 125ml",1,126,126,UPI,2023,2,February,Tuesday
ORD-2025-00574,17-Mar-25,C0266,P0152,"Ray-Ban 3025 Aviator Large Metal Non-Mirrored Non-Polarized Sunglasses, Silver/Light Grey Gradient (003/32), 58mm",Eyewear,"Ray-Ban 3025 Aviator Large Metal Non-Mirrored Non-Polarized Sunglasses, Silver/Light Grey Gradient (003/32), 58mm",1,1130,1130,Net Banking,2025,3,March,Monday
ORD-2023-00575,19-Nov-23,C0039,P0346,"Sheikh Al Shuyukh Luxe Edition For Men, Eau De Parfum, 100 ml",Perfumes & Fragrances,"Sheikh Al Shuyukh Luxe Edition For Men, Eau De Parfum, 100 ml",3,601.01,1803.03,Credit Card,2023,11,November,Sunday
ORD-2024-00576,5-Apr-24,C0383,P0560,"Fossil Nate Men'S Black Dial Stainless Steel Band Watch Jr1527, Quartz, Analog",Watches,"Fossil Nate Men'S Black Dial Stainless Steel Band Watch Jr1527, Quartz, Analog",3,775,2325,COD,2024,4,April,Friday
ORD-2024-00577,8-Feb-24,C0139,P0522,Michael Kors Skylar Champagne Dial Gold-tone Ladies Watch - MK5867,Watches,Michael Kors Skylar Champagne Dial Gold-tone Ladies Watch - MK5867,2,1013,2026,UPI,2024,2,February,Thursday
ORD-2022-00578,11-Aug-22,C0050,P0010,"Nike Court Lite 2 Sneaker for Men , Size 42 EU , Black",Athletic Shoes,"Nike Court Lite 2 Sneaker for Men , Size 42 EU , Black",3,339,1017,COD,2022,8,August,Thursday
ORD-2022-00579,21-Aug-22,C0104,P0463,Tissot Womens Round Black Dial Silicone Bracelet Watch [T048.217.27.057.00],Watches,Tissot Womens Round Black Dial Silicone Bracelet Watch [T048.217.27.057.00],1,2370,2370,COD,2022,8,August,Sunday
ORD-2025-00580,2-Feb-25,C0385,P0577,Akribos XXIV Men's Classic Bubble Crystal 3 Interchangeable Leather Watch Set - AK1104RGBU-S,Watches,Akribos XXIV Men's Classic Bubble Crystal 3 Interchangeable Leather Watch Set - AK1104RGBU-S,1,761.78,761.78,UPI,2025,2,February,Sunday
ORD-2025-00581,28-Jun-25,C0493,P0463,Tissot Womens Round Black Dial Silicone Bracelet Watch [T048.217.27.057.00],Watches,Tissot Womens Round Black Dial Silicone Bracelet Watch [T048.217.27.057.00],3,2370,7110,Credit Card,2025,6,June,Saturday
ORD-2023-00582,22-Jun-23,C0281,P0462,Michael Kors Lexington Watch for Men - Analog Stainless Steel Band - MK8344,Watches,Michael Kors Lexington Watch for Men - Analog Stainless Steel Band - MK8344,1,2420,2420,Net Banking,2023,6,June,Thursday
ORD-2023-00583,8-Nov-23,C0323,P0204,"Ray-Ban Square Sunglasses for Men , Green , RB2140F 901 54",Eyewear,"Ray-Ban Square Sunglasses for Men , Green , RB2140F 901 54",1,910,910,UPI,2023,11,November,Wednesday
ORD-2023-00584,26-Feb-23,C0258,P0089,"Asics New York Sneakers for Women, Grey, 39 EU",Athletic Shoes,"Asics New York Sneakers for Women, Grey, 39 EU",3,299,897,Debit Card,2023,2,February,Sunday
ORD-2025-00585,15-Feb-25,C0330,P0418,TOMMY HILFIGER Honey 2 in 1 Washbag Golden Haze,Wallets,TOMMY HILFIGER Honey 2 in 1 Washbag Golden Haze,2,210,420,UPI,2025,2,February,Saturday
ORD-2022-00586,28-Nov-22,C0532,P0419,guess Men's Wallet 31GUE11028-Brown,Wallets,guess Men's Wallet 31GUE11028-Brown,1,140,140,UPI,2022,11,November,Monday
ORD-2023-00587,5-May-23,C0335,P0047,"asics GEL-NIMBUS 22 Running Shoes for Women, Pink, 38 EU",Athletic Shoes,"asics GEL-NIMBUS 22 Running Shoes for Women, Pink, 38 EU",1,839,839,UPI,2023,5,May,Friday
ORD-2024-00588,21-Dec-24,C0549,P0017,"Skechers GO WALK 5 Sneaker for Men , Size 43 EU , Black",Athletic Shoes,"Skechers GO WALK 5 Sneaker for Men , Size 43 EU , Black",1,349,349,Credit Card,2024,12,December,Saturday
ORD-2025-00589,20-Jun-25,C0237,P0561,"JBW Wrist Watch for Women Diamond Inlay 12 Piece , Stainless Steel ,J6346C",Watches,"JBW Wrist Watch for Women Diamond Inlay 12 Piece , Stainless Steel ,J6346C",2,3749,7498,UPI,2025,6,June,Friday
ORD-2024-00590,26-Aug-24,C0073,P0493,"Casio F-200W-2ADF For Men- Digital, Casual Watch, Resin, Quartz",Watches,"Casio F-200W-2ADF For Men- Digital, Casual Watch, Resin, Quartz",1,84,84,UPI,2024,8,August,Monday
ORD-2024-00591,27-Sep-24,C0233,P0156,Ray Ban Classic Aviator Gold Unisex Sunglasses - Rb3025 -58-14-135,Eyewear,Ray Ban Classic Aviator Gold Unisex Sunglasses - Rb3025 -58-14-135,2,850,1700,UPI,2024,9,September,Friday
ORD-2022-00592,17-Mar-22,C0191,P0021,"Nike Quest 2 Nylon-Mesh Contrast Side Logo Running Shoes for Men - White, 45",Athletic Shoes,"Nike Quest 2 Nylon-Mesh Contrast Side Logo Running Shoes for Men - White, 45",3,1020.54,3061.62,Wallet,2022,3,March,Thursday
ORD-2024-00593,12-Sep-24,C0543,P0116,Lacoste Casual Shoe for Men Size 43 EU - Navy,Casual & Dress Shoes,Lacoste Casual Shoe for Men Size 43 EU - Navy,2,539,1078,COD,2024,9,September,Thursday
ORD-2022-00594,3-Jul-22,C0115,P0447,Tissot Everytime Women's Silver Dial Stainless Steel Band Watch - T057.910.22.037.00,Watches,Tissot Everytime Women's Silver Dial Stainless Steel Band Watch - T057.910.22.037.00,5,1680,8400,Credit Card,2022,7,July,Sunday
ORD-2022-00595,25-Jul-22,C0249,P0594,"Esprit Casual Watch for Women , Analog , Stainless Steel Band , ES1L038M0105",Watches,"Esprit Casual Watch for Women , Analog , Stainless Steel Band , ES1L038M0105",1,568,568,Wallet,2022,7,July,Monday
ORD-2023-00596,22-Mar-23,C0627,P0174,"Carrera Aviator Sunglasses for Unisex , 8010/S-R80-59-12-140-WJ",Eyewear,"Carrera Aviator Sunglasses for Unisex , 8010/S-R80-59-12-140-WJ",2,525,1050,Debit Card,2023,3,March,Wednesday
ORD-2024-00597,19-Jan-24,C0247,P0507,Casio AE-1000W-1A Digital Quartz Resin Sport Watch for Men - Black,Watches,Casio AE-1000W-1A Digital Quartz Resin Sport Watch for Men - Black,1,2977.05,2977.05,Net Banking,2024,1,January,Friday
ORD-2022-00598,3-Nov-22,C0015,P0089,"Asics New York Sneakers for Women, Grey, 39 EU",Athletic Shoes,"Asics New York Sneakers for Women, Grey, 39 EU",1,299,299,Debit Card,2022,11,November,Thursday
ORD-2025-00599,28-Apr-25,C0376,P0108,Lacoste Casual Shoe For Women Size 39 EU - White,Casual & Dress Shoes,Lacoste Casual Shoe For Women Size 39 EU - White,2,399,798,UPI,2025,4,April,Monday
ORD-2023-00600,8-Dec-23,C0004,P0232,"Polaroid Sunglasses For Unisex, Black- Pld 2054/S-003 M9, Square Frame",Eyewear,"Polaroid Sunglasses For Unisex, Black- Pld 2054/S-003 M9, Square Frame",2,250,500,Net Banking,2023,12,December,Friday
ORD-2022-00601,4-Aug-22,C0151,P0419,guess Men's Wallet 31GUE11028-Brown,Wallets,guess Men's Wallet 31GUE11028-Brown,1,140,140,COD,2022,8,August,Thursday
ORD-2022-00602,8-Dec-22,C0291,P0250,"Gucci Oval Unisex Sunglasses - Gg0124Sa00152 - 52-21-150 mm, Grey Lens",Eyewear,"Gucci Oval Unisex Sunglasses - Gg0124Sa00152 - 52-21-150 mm, Grey Lens",1,1619,1619,Wallet,2022,12,December,Thursday
ORD-2022-00603,24-Aug-22,C0387,P0174,"Carrera Aviator Sunglasses for Unisex , 8010/S-R80-59-12-140-WJ",Eyewear,"Carrera Aviator Sunglasses for Unisex , 8010/S-R80-59-12-140-WJ",1,525,525,Net Banking,2022,8,August,Wednesday
ORD-2024-00604,7-Jan-24,C0166,P0293,"Ray-Ban Square Unisex Sunglasses - 4258 6231/1N 50, Blue Lens",Eyewear,"Ray-Ban Square Unisex Sunglasses - 4258 6231/1N 50, Blue Lens",8,840,6720,Credit Card,2024,1,January,Sunday
ORD-2024-00605,2-Nov-24,C0632,P0187,Ray Ban Clubmaster Unisex Sunglasses - RB3016W036-W0365 - 51-50 -25-145 mm,Eyewear,Ray Ban Clubmaster Unisex Sunglasses - RB3016W036-W0365 - 51-50 -25-145 mm,1,870,870,Net Banking,2024,11,November,Saturday
ORD-2022-00606,3-May-22,C0122,P0052,Nike SB Check Solar Cnvs Skate Boarding Shoes For Men,Athletic Shoes,Nike SB Check Solar Cnvs Skate Boarding Shoes For Men,2,279,558,Credit Card,2022,5,May,Tuesday
ORD-2023-00607,20-Dec-23,C0244,P0379,adidas   Color Block High Rise 3/4 Logo Print Sport Tights for Women - Black,Sportswear,adidas   Color Block High Rise 3/4 Logo Print Sport Tights for Women - Black,2,189,378,Net Banking,2023,12,December,Wednesday
ORD-2024-00608,14-Dec-24,C0512,P0587,"Casio GA-100B-4A For Men- Analog-Digital, Casual Watch, Resin, Quartz",Watches,"Casio GA-100B-4A For Men- Analog-Digital, Casual Watch, Resin, Quartz",1,885,885,Debit Card,2024,12,December,Saturday
ORD-2023-00609,19-Sep-23,C0552,P0551,Michael Kors Runway Women's Gold Dial Stainless Steel Band Watch - MK3222,Watches,Michael Kors Runway Women's Gold Dial Stainless Steel Band Watch - MK3222,1,762,762,Net Banking,2023,9,September,Tuesday
ORD-2023-00610,2-Feb-23,C0066,P0565,August Steiner Men's Black Dial Metal Band Watch - AS8097SSB,Watches,August Steiner Men's Black Dial Metal Band Watch - AS8097SSB,5,693,3465,Credit Card,2023,2,February,Thursday
ORD-2024-00611,7-Sep-24,C0369,P0109,"Polo Ralph Lauren Fashion Sneakers For Men Size 44 EU , Black",Casual & Dress Shoes,"Polo Ralph Lauren Fashion Sneakers For Men Size 44 EU , Black",2,329,658,Debit Card,2024,9,September,Saturday
ORD-2022-00612,28-Mar-22,C0262,P0157,"Ray Ban 3025, W3234 (55 mm) Sunglass, Green Lens, Aviator Frame, For Men",Eyewear,"Ray Ban 3025, W3234 (55 mm) Sunglass, Green Lens, Aviator Frame, For Men",1,750,750,Wallet,2022,3,March,Monday
ORD-2022-00613,3-Nov-22,C0518,P0540,"Burberry BU9350 For Men (Analog, Casual Watch), Stainless Steel",Watches,"Burberry BU9350 For Men (Analog, Casual Watch), Stainless Steel",1,2865,2865,Credit Card,2022,11,November,Thursday
ORD-2023-00614,6-Sep-23,C0201,P0273,"Arnette Sunglasses, Square, For Women, Grey, 0An4243 25226G 60",Eyewear,"Arnette Sunglasses, Square, For Women, Grey, 0An4243 25226G 60",1,400,400,COD,2023,9,September,Wednesday
ORD-2024-00615,6-Oct-24,C0261,P0340,"S.T.Dupont for Women - Eau de Parfum, 100ml",Perfumes & Fragrances,"S.T.Dupont for Women - Eau de Parfum, 100ml",7,141,987,COD,2024,10,October,Sunday
ORD-2024-00616,10-May-24,C0022,P0177,"Ray-Ban Sunglasses for Men, Black, 3548N",Eyewear,"Ray-Ban Sunglasses for Men, Black, 3548N",2,1286,2572,Net Banking,2024,5,May,Friday
ORD-2022-00617,18-May-22,C0660,P0578,"Akribos XXIV Men's Brown Dial Leather Band Watch - AK916RG, Analog, Japanese Quartz Movement",Watches,"Akribos XXIV Men's Brown Dial Leather Band Watch - AK916RG, Analog, Japanese Quartz Movement",1,1490,1490,Net Banking,2022,5,May,Wednesday
ORD-2022-00618,26-Nov-22,C0131,P0323,"Dunhill Custom for Men - Eau de Toilette, 100ml",Perfumes & Fragrances,"Dunhill Custom for Men - Eau de Toilette, 100ml",1,263,263,Credit Card,2022,11,November,Saturday
ORD-2025-00619,6-Jan-25,C0668,P0214,"Polaroid Sunglasses For Men Pld 1016/Sdl550Lb, Dark Green Lens, Square Frame",Eyewear,"Polaroid Sunglasses For Men Pld 1016/Sdl550Lb, Dark Green Lens, Square Frame",7,200,1400,Net Banking,2025,1,January,Monday
ORD-2024-00620,11-Jul-24,C0511,P0385,"Puma Lifestyle Sport Tights For Women , Black , L",Sportswear,"Puma Lifestyle Sport Tights For Women , Black , L",4,269,1076,UPI,2024,7,July,Thursday
ORD-2022-00621,23-Jul-22,C0304,P0099,"Lacoste Jouer Fashion Sneakers Shoes for Men, Size 42 EU, Navy and White",Casual & Dress Shoes,"Lacoste Jouer Fashion Sneakers Shoes for Men, Size 42 EU, Navy and White",4,459,1836,Net Banking,2022,7,July,Saturday
ORD-2022-00622,7-Sep-22,C0089,P0342,"S.T.Dupont Pour Homme for Men - Eau de Toilette, 100ml",Perfumes & Fragrances,"S.T.Dupont Pour Homme for Men - Eau de Toilette, 100ml",5,221,1105,Net Banking,2022,9,September,Wednesday
ORD-2024-00623,25-Jan-24,C0504,P0538,Michael Kors Slim Runway Watch for Women - Analog Stainless Steel Band - MK3380,Watches,Michael Kors Slim Runway Watch for Women - Analog Stainless Steel Band - MK3380,3,710,2130,COD,2024,1,January,Thursday
ORD-2024-00624,2-Jun-24,C0575,P0118,"Puma Fashion Sneakers Casual Shoe  For Women , White & Black , 41 EU",Casual & Dress Shoes,"Puma Fashion Sneakers Casual Shoe  For Women , White & Black , 41 EU",4,389,1556,Credit Card,2024,6,June,Sunday
ORD-2022-00625,13-Jun-22,C0537,P0110,Lacoste Casual Shoe for Women Size 39 EU - Black,Casual & Dress Shoes,Lacoste Casual Shoe for Women Size 39 EU - Black,1,499,499,Net Banking,2022,6,June,Monday
ORD-2022-00626,7-Feb-22,C0089,P0029,"Nike Flex Experience RN 8 Sneaker for Men , Size 42.5 EU , Grey",Athletic Shoes,"Nike Flex Experience RN 8 Sneaker for Men , Size 42.5 EU , Grey",1,359,359,Net Banking,2022,2,February,Monday
ORD-2023-00627,26-Dec-23,C0627,P0078,"Asics Gel-Kayano 5.1 Sneakers for Men, Black, 44 EU",Athletic Shoes,"Asics Gel-Kayano 5.1 Sneakers for Men, Black, 44 EU",2,379,758,Credit Card,2023,12,December,Tuesday
ORD-2024-00628,17-Nov-24,C0325,P0458,JBW Skye 0.05 ctw Diamond Women's White MOP Dial Genuine Leather Band Watch - J6378C,Watches,JBW Skye 0.05 ctw Diamond Women's White MOP Dial Genuine Leather Band Watch - J6378C,3,1879,5637,Credit Card,2024,11,November,Sunday
ORD-2023-00629,9-Aug-23,C0563,P0519,"Fossil Jacqueline Women'S Rose Gold Dial Stainless Steel Band Watch Es3546, Quartz, Analog",Watches,"Fossil Jacqueline Women'S Rose Gold Dial Stainless Steel Band Watch Es3546, Quartz, Analog",1,1452,1452,Wallet,2023,8,August,Wednesday
ORD-2024-00630,18-Feb-24,C0261,P0477,August Steiner Women's Silver Dial Stainless Steel Band Watch - AS8228SS,Watches,August Steiner Women's Silver Dial Stainless Steel Band Watch - AS8228SS,5,703,3515,Net Banking,2024,2,February,Sunday
ORD-2023-00631,6-Jun-23,C0007,P0310,"Oud Sharqia for Unisex - Eau de Parfum, 80ml",Perfumes & Fragrances,"Oud Sharqia for Unisex - Eau de Parfum, 80ml",2,157,314,Debit Card,2023,6,June,Tuesday
ORD-2022-00632,13-Oct-22,C0117,P0241,"Ray-Ban Sunglasses for Man , Lens Color Dark Green , 0RB3654 60 002/71",Eyewear,"Ray-Ban Sunglasses for Man , Lens Color Dark Green , 0RB3654 60 002/71",1,1060,1060,COD,2022,10,October,Thursday
ORD-2022-00633,20-Jan-22,C0457,P0510,JBW Women's Mondrian Jewelry Set 0.16 ctw Diamond 18k Gold-plated Stainless Steel Watch - J6303-SetB,Watches,JBW Women's Mondrian Jewelry Set 0.16 ctw Diamond 18k Gold-plated Stainless Steel Watch - J6303-SetB,1,4440.33,4440.33,Credit Card,2022,1,January,Thursday
ORD-2023-00634,9-Apr-23,C0613,P0377,adidas FL_SPR Z FT 3ST BLACK for MALE,Sportswear,adidas FL_SPR Z FT 3ST BLACK for MALE,1,139,139,Debit Card,2023,4,April,Sunday
ORD-2023-00635,24-Dec-23,C0092,P0496,Fossil Coachman Men's Black Dial Leather Band Chronograph Watch - CH2891,Watches,Fossil Coachman Men's Black Dial Leather Band Chronograph Watch - CH2891,1,1265,1265,COD,2023,12,December,Sunday
ORD-2025-00636,10-May-25,C0656,P0511,Timberland Templeton Men's White Dial Leather Band Watch - TBL14811JSU-07,Watches,Timberland Templeton Men's White Dial Leather Band Watch - TBL14811JSU-07,1,938,938,Credit Card,2025,5,May,Saturday
ORD-2024-00637,29-Dec-24,C0284,P0328,"Chopard Wish for Women - Eau de Parfum, 75ml",Perfumes & Fragrances,"Chopard Wish for Women - Eau de Parfum, 75ml",1,209,209,Net Banking,2024,12,December,Sunday
ORD-2024-00638,3-Nov-24,C0281,P0116,Lacoste Casual Shoe for Men Size 43 EU - Navy,Casual & Dress Shoes,Lacoste Casual Shoe for Men Size 43 EU - Navy,1,539,539,Wallet,2024,11,November,Sunday
ORD-2024-00639,15-Apr-24,C0428,P0281,"Ray-Ban Butterfly Unisex Sunglasses - 4250 671/55 52, Blue Lens",Eyewear,"Ray-Ban Butterfly Unisex Sunglasses - 4250 671/55 52, Blue Lens",4,1170,4680,UPI,2024,4,April,Monday
ORD-2022-00640,16-Sep-22,C0365,P0476,Lacoste Men's Blue Dial Stainless Steel Band Watch - 2010953L,Watches,Lacoste Men's Blue Dial Stainless Steel Band Watch - 2010953L,1,965,965,COD,2022,9,September,Friday
ORD-2023-00641,27-Dec-23,C0434,P0037,Nike Flex Essential Training Shoes for Women (Black - 38 EU),Athletic Shoes,Nike Flex Essential Training Shoes for Women (Black - 38 EU),1,309,309,COD,2023,12,December,Wednesday
ORD-2022-00642,25-May-22,C0256,P0245,"Miu Miu Rimless Women's Sunglasses - 56Ts-Xej1A1 - 63 mm, Black Lens",Eyewear,"Miu Miu Rimless Women's Sunglasses - 56Ts-Xej1A1 - 63 mm, Black Lens",3,2000,6000,COD,2022,5,May,Wednesday
ORD-2024-00643,25-Jan-24,C0034,P0328,"Chopard Wish for Women - Eau de Parfum, 75ml",Perfumes & Fragrances,"Chopard Wish for Women - Eau de Parfum, 75ml",2,209,418,Debit Card,2024,1,January,Thursday
ORD-2024-00644,6-Jul-24,C0211,P0015,"adidas ASWEERUN Sneaker for Mens, Black - Size 42 EU",Athletic Shoes,"adidas ASWEERUN Sneaker for Mens, Black - Size 42 EU",2,259,518,Credit Card,2024,7,July,Saturday
ORD-2022-00645,17-Aug-22,C0636,P0293,"Ray-Ban Square Unisex Sunglasses - 4258 6231/1N 50, Blue Lens",Eyewear,"Ray-Ban Square Unisex Sunglasses - 4258 6231/1N 50, Blue Lens",2,840,1680,Debit Card,2022,8,August,Wednesday
ORD-2023-00646,21-Jan-23,C0592,P0290,"Ray-Ban Sunglasses For Unisex, 0Rb3578 186/B150, Multi Color Lens, Round Frame",Eyewear,"Ray-Ban Sunglasses For Unisex, 0Rb3578 186/B150, Multi Color Lens, Round Frame",2,1110,2220,Wallet,2023,1,January,Saturday
ORD-2025-00647,27-Mar-25,C0660,P0473,Michael Kors Darci Watch for Women - Analog Stainless Steel Band - MK3191,Watches,Michael Kors Darci Watch for Women - Analog Stainless Steel Band - MK3191,3,859,2577,UPI,2025,3,March,Thursday
ORD-2025-00648,20-Apr-25,C0549,P0113,"Lacoste Carnaby Lace Up Shoes For Men Size 42 EU, White",Casual & Dress Shoes,"Lacoste Carnaby Lace Up Shoes For Men Size 42 EU, White",2,519,1038,Debit Card,2025,4,April,Sunday
ORD-2024-00649,23-Nov-24,C0321,P0531,"Burgi Women's Mother of Pearl Dial Leather Band Watch - BUR087BU, Analog, Swiss Quartz",Watches,"Burgi Women's Mother of Pearl Dial Leather Band Watch - BUR087BU, Analog, Swiss Quartz",1,2240,2240,UPI,2024,11,November,Saturday
ORD-2022-00650,25-Mar-22,C0174,P0488,JBW Jet Setter Men's 234 Diamonds Gold Dial Stainless Steel Band Watch - JB-6213-E,Watches,JBW Jet Setter Men's 234 Diamonds Gold Dial Stainless Steel Band Watch - JB-6213-E,3,26220,78660,Wallet,2022,3,March,Friday
ORD-2024-00651,22-Jun-24,C0037,P0112,Lacoste Casual Shoe for Men Size 43 EU - Black,Casual & Dress Shoes,Lacoste Casual Shoe for Men Size 43 EU - Black,2,519,1038,Credit Card,2024,6,June,Saturday
ORD-2023-00652,7-Jun-23,C0464,P0480,"Hugo Boss Dress Watch for Men , Leather , 1513628",Watches,"Hugo Boss Dress Watch for Men , Leather , 1513628",3,1365,4095,Net Banking,2023,6,June,Wednesday
ORD-2023-00653,28-Dec-23,C0250,P0369,adidas Essentials Plain Sport T-shirt for Men - White,Sportswear,adidas Essentials Plain Sport T-shirt for Men - White,1,100,100,Wallet,2023,12,December,Thursday
ORD-2024-00654,30-Apr-24,C0168,P0056,"Skechers FLEX ADVANTAGE 3.0 Sneaker for Men , Size 42 EU , Brown",Athletic Shoes,"Skechers FLEX ADVANTAGE 3.0 Sneaker for Men , Size 42 EU , Brown",7,269,1883,COD,2024,4,April,Tuesday
ORD-2023-00655,4-Nov-23,C0597,P0212,"Emporio Armani Square Sunglasses For Men - Blue, EA4117 570380 57",Eyewear,"Emporio Armani Square Sunglasses For Men - Blue, EA4117 570380 57",2,780,1560,COD,2023,11,November,Saturday
ORD-2023-00656,27-Jan-23,C0234,P0186,"Ray-Ban RB1971 91493F Square Sunglasses for Unisex , Lens 54 mm",Eyewear,"Ray-Ban RB1971 91493F Square Sunglasses for Unisex , Lens 54 mm",3,997,2991,Debit Card,2023,1,January,Friday
ORD-2023-00657,9-Dec-23,C0128,P0188,"Carrera Sunglasses for Unisex Aviator- Grey Lens,  132/S 2M2",Eyewear,"Carrera Sunglasses for Unisex Aviator- Grey Lens,  132/S 2M2",2,765,1530,Wallet,2023,12,December,Saturday
ORD-2025-00658,17-May-25,C0059,P0227,"Polaroid Sunglasses for Unisex, Grey- PLD 1017/S 22763900358WJ",Eyewear,"Polaroid Sunglasses for Unisex, Grey- PLD 1017/S 22763900358WJ",1,250,250,Wallet,2025,5,May,Saturday
ORD-2024-00659,11-Jun-24,C0009,P0435,JBW 562 Men's 12 Diamonds Gold Dial Gold-Plated Stainless Steel Band Watch - JB-6225-M,Watches,JBW 562 Men's 12 Diamonds Gold Dial Gold-Plated Stainless Steel Band Watch - JB-6225-M,3,2749,8247,Wallet,2024,6,June,Tuesday
ORD-2023-00660,30-Jun-23,C0069,P0318,"Elizabeth Arden 5th Avenue for Women - Eau de Parfum, 125ml",Perfumes & Fragrances,"Elizabeth Arden 5th Avenue for Women - Eau de Parfum, 125ml",1,385,385,Credit Card,2023,6,June,Friday
ORD-2024-00661,1-Sep-24,C0387,P0553,Casio Standard Analog Watch MTP-1374D-2AV,Watches,Casio Standard Analog Watch MTP-1374D-2AV,1,288.75,288.75,COD,2024,9,September,Sunday
ORD-2023-00662,7-Nov-23,C0025,P0197,"Ray-Ban Aviator Unisex Sunglasses - Rb3025-001/58-62 - 62-14-140 mm , Polarized Lens",Eyewear,"Ray-Ban Aviator Unisex Sunglasses - Rb3025-001/58-62 - 62-14-140 mm , Polarized Lens",5,980,4900,UPI,2023,11,November,Tuesday
ORD-2024-00663,9-Jun-24,C0555,P0481,"Burberry BU9006 For Men Analog, Casual Watch",Watches,"Burberry BU9006 For Men Analog, Casual Watch",2,2034,4068,UPI,2024,6,June,Sunday
ORD-2023-00664,15-Feb-23,C0075,P0227,"Polaroid Sunglasses for Unisex, Grey- PLD 1017/S 22763900358WJ",Eyewear,"Polaroid Sunglasses for Unisex, Grey- PLD 1017/S 22763900358WJ",2,250,500,Net Banking,2023,2,February,Wednesday
ORD-2022-00665,24-Jun-22,C0355,P0297,"Lattafa Pure Musk for Unisex - Eau de Parfum, 100ml",Perfumes & Fragrances,"Lattafa Pure Musk for Unisex - Eau de Parfum, 100ml",1,55,55,UPI,2022,6,June,Friday
ORD-2023-00666,26-Dec-23,C0228,P0412,"Tommy Hilfiger Corp Plaque Mini Cc Money Clip Wallets, Card Cases & Money Organizers, Black, 0 AM0AM05062",Wallets,"Tommy Hilfiger Corp Plaque Mini Cc Money Clip Wallets, Card Cases & Money Organizers, Black, 0 AM0AM05062",2,399,798,UPI,2023,12,December,Tuesday
ORD-2023-00667,11-Jul-23,C0035,P0449,"Scuderia Ferrari Casual Watch for Unisex , Silicone , 830482",Watches,"Scuderia Ferrari Casual Watch for Unisex , Silicone , 830482",5,395,1975,Debit Card,2023,7,July,Tuesday
ORD-2024-00668,1-Sep-24,C0341,P0367,"Adidas Essentials Linear Sport Tank Top For Women - Black White, M",Sportswear,"Adidas Essentials Linear Sport Tank Top For Women - Black White, M",2,109,218,Wallet,2024,9,September,Sunday
ORD-2023-00669,11-Jun-23,C0516,P0224,"Ray-Ban Aviator Unisex Sunglasses - Rb3025-W0879-58-14-135, Green Lens",Eyewear,"Ray-Ban Aviator Unisex Sunglasses - Rb3025-W0879-58-14-135, Green Lens",1,945,945,Wallet,2023,6,June,Sunday
ORD-2024-00670,21-May-24,C0589,P0501,JBW Mondrain for Women - Dress Stainless Steel Band Watch - J6303G,Watches,JBW Mondrain for Women - Dress Stainless Steel Band Watch - J6303G,1,2990,2990,Credit Card,2024,5,May,Tuesday
ORD-2022-00671,27-Nov-22,C0062,P0479,"Diesel Mini Daddy For Men Black Dial Leather Band Watch Dz7307, Japanese Quartz, Analog",Watches,"Diesel Mini Daddy For Men Black Dial Leather Band Watch Dz7307, Japanese Quartz, Analog",1,1100,1100,Net Banking,2022,11,November,Sunday
ORD-2023-00672,5-Mar-23,C0206,P0463,Tissot Womens Round Black Dial Silicone Bracelet Watch [T048.217.27.057.00],Watches,Tissot Womens Round Black Dial Silicone Bracelet Watch [T048.217.27.057.00],2,2370,4740,Net Banking,2023,3,March,Sunday
ORD-2024-00673,19-Aug-24,C0134,P0056,"Skechers FLEX ADVANTAGE 3.0 Sneaker for Men , Size 42 EU , Brown",Athletic Shoes,"Skechers FLEX ADVANTAGE 3.0 Sneaker for Men , Size 42 EU , Brown",10,269,2690,Debit Card,2024,8,August,Monday
ORD-2025-00674,9-May-25,C0534,P0195,"Tom Ford Men's Sunglasses Aviator Marley, Black/Blue",Eyewear,"Tom Ford Men's Sunglasses Aviator Marley, Black/Blue",1,1256,1256,COD,2025,5,May,Friday
ORD-2025-00675,13-Jun-25,C0453,P0333,"Brown Orchid for Men - Eau de Parfum, 80ml",Perfumes & Fragrances,"Brown Orchid for Men - Eau de Parfum, 80ml",4,59,236,Credit Card,2025,6,June,Friday
ORD-2023-00676,17-Jan-23,C0346,P0413,"Calvin Klein Elevated Slimfold 6cc, Men’s Credit Card Case, Black, 8.6x1.8x10.199999999999999 cm (B x H T)",Wallets,"Calvin Klein Elevated Slimfold 6cc, Men’s Credit Card Case, Black, 8.6x1.8x10.199999999999999 cm (B x H T)",1,250,250,Debit Card,2023,1,January,Tuesday
ORD-2025-00677,28-Feb-25,C0599,P0365,adidas Logo Sport Tank Top for Women - Black,Sportswear,adidas Logo Sport Tank Top for Women - Black,4,155,620,Debit Card,2025,2,February,Friday
ORD-2022-00678,17-Jul-22,C0606,P0424,Dickies Trifold Wallet for Men - 31DI210004-Red,Wallets,Dickies Trifold Wallet for Men - 31DI210004-Red,2,60,120,COD,2022,7,July,Sunday
ORD-2025-00679,1-Mar-25,C0495,P0105,Jack and Jones Shoes for Men  - Black - 43 EU,Casual & Dress Shoes,Jack and Jones Shoes for Men  - Black - 43 EU,6,209,1254,UPI,2025,3,March,Saturday
ORD-2024-00680,23-Sep-24,C0132,P0452,"Casio Analog, Casual Watch For Men - MTP-1314D-7AVDF, Stainless Steel",Watches,"Casio Analog, Casual Watch For Men - MTP-1314D-7AVDF, Stainless Steel",1,184,184,COD,2024,9,September,Monday
ORD-2024-00681,18-Nov-24,C0552,P0167,Ray-Ban Sunglasses for Unisex -0RB3552i,Eyewear,Ray-Ban Sunglasses for Unisex -0RB3552i,3,614,1842,Debit Card,2024,11,November,Monday
ORD-2025-00682,5-May-25,C0509,P0494,JBW Jet Setter Men's 234 Diamonds Gold Dial Gold Plated Stainless Steel Band Watch - JB-6213-A,Watches,JBW Jet Setter Men's 234 Diamonds Gold Dial Gold Plated Stainless Steel Band Watch - JB-6213-A,3,29970,89910,Net Banking,2025,5,May,Monday
ORD-2024-00683,29-Jun-24,C0384,P0256,CARRERA Men's Sunglasses Aviator Carrera 1005/S Whit Gold,Eyewear,CARRERA Men's Sunglasses Aviator Carrera 1005/S Whit Gold,3,800,2400,Debit Card,2024,6,June,Saturday
ORD-2024-00684,1-Dec-24,C0518,P0272,"Flamingo Rectangle Sunglasseses For Unisex,Plastic,Blue",Eyewear,"Flamingo Rectangle Sunglasseses For Unisex,Plastic,Blue",4,279,1116,Credit Card,2024,12,December,Sunday
ORD-2022-00685,14-Dec-22,C0150,P0273,"Arnette Sunglasses, Square, For Women, Grey, 0An4243 25226G 60",Eyewear,"Arnette Sunglasses, Square, For Women, Grey, 0An4243 25226G 60",5,400,2000,Wallet,2022,12,December,Wednesday
ORD-2024-00686,28-Mar-24,C0518,P0495,"Casio Unisex Ana Digi Dial Stainless Steel Band Watch Aq230A 1Dmq, Quartz, Analog Digital",Watches,"Casio Unisex Ana Digi Dial Stainless Steel Band Watch Aq230A 1Dmq, Quartz, Analog Digital",2,154,308,UPI,2024,3,March,Thursday
ORD-2024-00687,3-May-24,C0392,P0264,"Ray-Ban Men's Injected Man Sunglass Polarized Iridium Rectangular, BLACK 64 mm",Eyewear,"Ray-Ban Men's Injected Man Sunglass Polarized Iridium Rectangular, BLACK 64 mm",2,1115,2230,Credit Card,2024,5,May,Friday
ORD-2023-00688,18-Mar-23,C0204,P0235,"Polaroid  Aviator Sunglasses For Unisex  - Multi Color , PLD 6012/N",Eyewear,"Polaroid  Aviator Sunglasses For Unisex  - Multi Color , PLD 6012/N",1,350,350,UPI,2023,3,March,Saturday
ORD-2023-00689,17-Jul-23,C0402,P0282,"Bottega Veneta Sunglasses For Unisex, Bv0013S-001-59, Brown Lens, Round Frame",Eyewear,"Bottega Veneta Sunglasses For Unisex, Bv0013S-001-59, Brown Lens, Round Frame",2,2094,4188,Wallet,2023,7,July,Monday
ORD-2024-00690,29-Mar-24,C0415,P0563,"Hugo Boss Dress Watch for Men , Stainless Steel , 1513597",Watches,"Hugo Boss Dress Watch for Men , Stainless Steel , 1513597",3,1345,4035,Net Banking,2024,3,March,Friday
ORD-2023-00691,21-Mar-23,C0425,P0349,"Gucci Premiere for Women - Eau de Toilette, 75ml",Perfumes & Fragrances,"Gucci Premiere for Women - Eau de Toilette, 75ml",3,370,1110,UPI,2023,3,March,Tuesday
ORD-2023-00692,1-Oct-23,C0255,P0345,"MONTALE Roses Musk for Women - Eau de Parfum, 100ml",Perfumes & Fragrances,"MONTALE Roses Musk for Women - Eau de Parfum, 100ml",1,439,439,COD,2023,10,October,Sunday
ORD-2022-00693,15-Dec-22,C0109,P0152,"Ray-Ban 3025 Aviator Large Metal Non-Mirrored Non-Polarized Sunglasses, Silver/Light Grey Gradient (003/32), 58mm",Eyewear,"Ray-Ban 3025 Aviator Large Metal Non-Mirrored Non-Polarized Sunglasses, Silver/Light Grey Gradient (003/32), 58mm",4,1130,4520,Debit Card,2022,12,December,Thursday
ORD-2022-00694,26-Nov-22,C0579,P0465,Hugo Boss Dress Watch For Men Analog Leather - 1513279,Watches,Hugo Boss Dress Watch For Men Analog Leather - 1513279,2,1435,2870,Debit Card,2022,11,November,Saturday
ORD-2024-00695,6-Nov-24,C0337,P0276,"Calvin Klein Square Sunglasseses for Unisex , Grey ,  CKJ818S",Eyewear,"Calvin Klein Square Sunglasseses for Unisex , Grey ,  CKJ818S",2,950,1900,Net Banking,2024,11,November,Wednesday
ORD-2022-00696,10-Jun-22,C0533,P0560,"Fossil Nate Men'S Black Dial Stainless Steel Band Watch Jr1527, Quartz, Analog",Watches,"Fossil Nate Men'S Black Dial Stainless Steel Band Watch Jr1527, Quartz, Analog",3,775,2325,Debit Card,2022,6,June,Friday
ORD-2022-00697,31-Jul-22,C0670,P0589,"Casio EF-558D-7A For Men-Analog, Sport Watch, Stainless Steel",Watches,"Casio EF-558D-7A For Men-Analog, Sport Watch, Stainless Steel",2,931,1862,COD,2022,7,July,Sunday
ORD-2025-00698,13-Jan-25,C0341,P0562,JBW Vanquish Men's Silver Pave Dial Stainless Steel Band Chronograph Watch - J6337C,Watches,JBW Vanquish Men's Silver Pave Dial Stainless Steel Band Chronograph Watch - J6337C,2,5231,10462,COD,2025,1,January,Monday
ORD-2024-00699,15-Nov-24,C0018,P0292,"Oakley Men's Crossrange Sunglasses, Matte Black W/Prizm Black Polarized, 57",Eyewear,"Oakley Men's Crossrange Sunglasses, Matte Black W/Prizm Black Polarized, 57",1,1100,1100,UPI,2024,11,November,Friday
ORD-2022-00700,7-Aug-22,C0399,P0452,"Casio Analog, Casual Watch For Men - MTP-1314D-7AVDF, Stainless Steel",Watches,"Casio Analog, Casual Watch For Men - MTP-1314D-7AVDF, Stainless Steel",3,184,552,Debit Card,2022,8,August,Sunday
ORD-2024-00701,30-Nov-24,C0054,P0357,"Chanel Chance Eau Fraiche for Women - Eau de Toilette, 50ml",Perfumes & Fragrances,"Chanel Chance Eau Fraiche for Women - Eau de Toilette, 50ml",2,319,638,Credit Card,2024,11,November,Saturday
ORD-2024-00702,10-Dec-24,C0075,P0339,"Elite Musk Forever for Unisex - Eau de Parfum, 100ml",Perfumes & Fragrances,"Elite Musk Forever for Unisex - Eau de Parfum, 100ml",1,157,157,Wallet,2024,12,December,Tuesday
ORD-2022-00703,8-Aug-22,C0089,P0533,"Citizen Watch for Men Stainless Steel Band , Analog, AN3600-59L",Watches,"Citizen Watch for Men Stainless Steel Band , Analog, AN3600-59L",7,1292,9044,COD,2022,8,August,Monday
ORD-2023-00704,17-Nov-23,C0105,P0082,"Asics Gel-Quantum 90 Sneakers for Men, Multicolour, 42.5 EU",Athletic Shoes,"Asics Gel-Quantum 90 Sneakers for Men, Multicolour, 42.5 EU",2,379,758,Credit Card,2023,11,November,Friday
ORD-2025-00705,5-Jan-25,C0273,P0330,"Calvin Klein Ck One Shock for Women - Eau de Toilette, 200ml",Perfumes & Fragrances,"Calvin Klein Ck One Shock for Women - Eau de Toilette, 200ml",2,284,568,COD,2025,1,January,Sunday
ORD-2025-00706,12-Apr-25,C0411,P0239,"Arnette Men's Booger Non-Polarized Iridium Rectangular Sunglasses, Matte Black, 61 mm",Eyewear,"Arnette Men's Booger Non-Polarized Iridium Rectangular Sunglasses, Matte Black, 61 mm",1,449,449,Wallet,2025,4,April,Saturday
ORD-2025-00707,21-Apr-25,C0428,P0305,"Calvin Klein Beauty for Women - Eau de Parfum, 100ml",Perfumes & Fragrances,"Calvin Klein Beauty for Women - Eau de Parfum, 100ml",2,357,714,Wallet,2025,4,April,Monday
ORD-2024-00708,14-Dec-24,C0589,P0144,"Carrera Sunglasses For Unisex - Green Lens, 149/S-6Lb, Aviator Frame",Eyewear,"Carrera Sunglasses For Unisex - Green Lens, 149/S-6Lb, Aviator Frame",1,750,750,Net Banking,2024,12,December,Saturday
ORD-2025-00709,20-Feb-25,C0196,P0510,JBW Women's Mondrian Jewelry Set 0.16 ctw Diamond 18k Gold-plated Stainless Steel Watch - J6303-SetB,Watches,JBW Women's Mondrian Jewelry Set 0.16 ctw Diamond 18k Gold-plated Stainless Steel Watch - J6303-SetB,1,1623.45,1623.45,Net Banking,2025,2,February,Thursday
ORD-2022-00710,4-Aug-22,C0569,P0211,"Calvin Klein Cat Eye Sunglasses for Women - Black Lens, CK3206S-001",Eyewear,"Calvin Klein Cat Eye Sunglasses for Women - Black Lens, CK3206S-001",1,950,950,UPI,2022,8,August,Thursday
ORD-2024-00711,7-Mar-24,C0225,P0597,Hugo Boss Men's Black Dial Silicone Band Watch - 1513116,Watches,Hugo Boss Men's Black Dial Silicone Band Watch - 1513116,1,685,685,UPI,2024,3,March,Thursday
ORD-2024-00712,11-Sep-24,C0613,P0353,"Roberto Cavalli Paradiso for Women - Eau de Parfum, 50ml",Perfumes & Fragrances,"Roberto Cavalli Paradiso for Women - Eau de Parfum, 50ml",2,510,1020,UPI,2024,9,September,Wednesday
ORD-2023-00713,26-Sep-23,C0061,P0123,Lacoste Casual Shoe for Men Size 44 EU - White,Casual & Dress Shoes,Lacoste Casual Shoe for Men Size 44 EU - White,1,359,359,Net Banking,2023,9,September,Tuesday
ORD-2024-00714,17-Nov-24,C0136,P0393,"Tommy Hilfiger Bifold Wallet For Women,Leather,Multi Color",Wallets,"Tommy Hilfiger Bifold Wallet For Women,Leather,Multi Color",1,469,469,Wallet,2024,11,November,Sunday
ORD-2023-00715,7-May-23,C0382,P0407,"Michael Kors Wristlet for Women, Yellow",Wallets,"Michael Kors Wristlet for Women, Yellow",2,620,1240,Wallet,2023,5,May,Sunday
ORD-2024-00716,2-Dec-24,C0016,P0008,"Nike Fitness Shoes For Men , 44.5 EU , Gray",Athletic Shoes,"Nike Fitness Shoes For Men , 44.5 EU , Gray",2,389,778,Wallet,2024,12,December,Monday
ORD-2024-00717,28-Sep-24,C0546,P0138,Lacoste Casual Shoe for Men Size 43 EU - White,Casual & Dress Shoes,Lacoste Casual Shoe for Men Size 43 EU - White,2,529,1058,Credit Card,2024,9,September,Saturday
ORD-2024-00718,10-Dec-24,C0051,P0146,"Ray-Ban Aviator Classic Sunglasses for Men , RB3025 L0205 58-14",Eyewear,"Ray-Ban Aviator Classic Sunglasses for Men , RB3025 L0205 58-14",1,1050,1050,Credit Card,2024,12,December,Tuesday
ORD-2024-00719,31-Oct-24,C0543,P0177,"Ray-Ban Sunglasses for Men, Black, 3548N",Eyewear,"Ray-Ban Sunglasses for Men, Black, 3548N",2,1286,2572,COD,2024,10,October,Thursday
ORD-2023-00720,27-Aug-23,C0495,P0577,Akribos XXIV Men's Classic Bubble Crystal 3 Interchangeable Leather Watch Set - AK1104RGBU-S,Watches,Akribos XXIV Men's Classic Bubble Crystal 3 Interchangeable Leather Watch Set - AK1104RGBU-S,1,3462.91,3462.91,COD,2023,8,August,Sunday
ORD-2023-00721,3-Sep-23,C0199,P0185,"Ray-Ban Aviator Unisex Sunglasses - Rb3025 001-57, Brown Lens",Eyewear,"Ray-Ban Aviator Unisex Sunglasses - Rb3025 001-57, Brown Lens",1,1040,1040,Net Banking,2023,9,September,Sunday
ORD-2022-00722,7-Nov-22,C0245,P0169,"Ray-Ban Aviator Unisex Sunglasses - Rb3449-001/1359, Brown Lens",Eyewear,"Ray-Ban Aviator Unisex Sunglasses - Rb3449-001/1359, Brown Lens",1,1014,1014,COD,2022,11,November,Monday
ORD-2022-00723,2-Jan-22,C0300,P0512,"Burberry Watch for Women , Quartz , Leather , BU9111",Watches,"Burberry Watch for Women , Quartz , Leather , BU9111",1,1766,1766,Credit Card,2022,1,January,Sunday
ORD-2025-00724,4-Jan-25,C0661,P0527,Tissot T055.217.16.033.01 For Men Analog Casual Watch Leather,Watches,Tissot T055.217.16.033.01 For Men Analog Casual Watch Leather,1,1840,1840,Wallet,2025,1,January,Saturday
ORD-2022-00725,18-Sep-22,C0571,P0563,"Hugo Boss Dress Watch for Men , Stainless Steel , 1513597",Watches,"Hugo Boss Dress Watch for Men , Stainless Steel , 1513597",1,1345,1345,Net Banking,2022,9,September,Sunday
ORD-2025-00726,8-Jun-25,C0268,P0089,"Asics New York Sneakers for Women, Grey, 39 EU",Athletic Shoes,"Asics New York Sneakers for Women, Grey, 39 EU",1,299,299,COD,2025,6,June,Sunday
ORD-2023-00727,23-Dec-23,C0176,P0373,"Adidas W E Lin Slim Tk Tank For Women - Black (Dp2359), S",Sportswear,"Adidas W E Lin Slim Tk Tank For Women - Black (Dp2359), S",1,100,100,Credit Card,2023,12,December,Saturday
ORD-2023-00728,19-Dec-23,C0600,P0593,"Esprit Casual Watch for Women , Digital , Stainless Steel Band , ES1L036M0085",Watches,"Esprit Casual Watch for Women , Digital , Stainless Steel Band , ES1L036M0085",2,437,874,COD,2023,12,December,Tuesday
ORD-2024-00729,15-Jun-24,C0435,P0535,Hugo Boss Essential Men's Silver White Dial Stainless Steel Band Watch - 1513650,Watches,Hugo Boss Essential Men's Silver White Dial Stainless Steel Band Watch - 1513650,2,1125,2250,COD,2024,6,June,Saturday
ORD-2022-00730,5-Nov-22,C0030,P0100,Lacoste Casual Shoe for Men Size 42 EU - Black,Casual & Dress Shoes,Lacoste Casual Shoe for Men Size 42 EU - Black,2,539,1078,UPI,2022,11,November,Saturday
ORD-2024-00731,1-Dec-24,C0651,P0580,"August Steiner Men's Black Dial Stainless Steel Band Watch - AS8050RG, Analog, Swiss Quartz",Watches,"August Steiner Men's Black Dial Stainless Steel Band Watch - AS8050RG, Analog, Swiss Quartz",1,1490,1490,COD,2024,12,December,Sunday
ORD-2025-00732,8-Feb-25,C0636,P0208,"Calvin Klein Round Sunglasses for Men - Blue lens, CK18104S-045",Eyewear,"Calvin Klein Round Sunglasses for Men - Blue lens, CK18104S-045",1,890,890,Wallet,2025,2,February,Saturday
ORD-2023-00733,18-Jan-23,C0346,P0319,"Sheikh Al Shuyukh by Lattafa for Unisex - Eau de Parfum, 50ml",Perfumes & Fragrances,"Sheikh Al Shuyukh by Lattafa for Unisex - Eau de Parfum, 50ml",1,95,95,Net Banking,2023,1,January,Wednesday
ORD-2025-00734,16-Feb-25,C0183,P0040,"adidas STRUTTER Sneaker for Men , Size 42.7 EU , White",Athletic Shoes,"adidas STRUTTER Sneaker for Men , Size 42.7 EU , White",2,289,578,Debit Card,2025,2,February,Sunday
ORD-2025-00735,9-Mar-25,C0608,P0371,"Adidas Design 2 Move Solid Sport T-Shirt For Women - Black, Ds8722, M",Sportswear,"Adidas Design 2 Move Solid Sport T-Shirt For Women - Black, Ds8722, M",7,155,1085,Net Banking,2025,3,March,Sunday
ORD-2025-00736,12-May-25,C0516,P0135,Lacoste Casual Shoe for Men Size 44 EU - White,Casual & Dress Shoes,Lacoste Casual Shoe for Men Size 44 EU - White,2,469,938,Wallet,2025,5,May,Monday
ORD-2022-00737,13-Aug-22,C0487,P0123,Lacoste Casual Shoe for Men Size 44 EU - White,Casual & Dress Shoes,Lacoste Casual Shoe for Men Size 44 EU - White,3,359,1077,Debit Card,2022,8,August,Saturday
ORD-2023-00738,27-Mar-23,C0034,P0525,"Diesel Mr. Daddy 2.0 Men'S Black Dial Stainless Steel Band Watch Dz7312, Japanese Quartz, Analog",Watches,"Diesel Mr. Daddy 2.0 Men'S Black Dial Stainless Steel Band Watch Dz7312, Japanese Quartz, Analog",3,1502,4506,COD,2023,3,March,Monday
ORD-2023-00739,12-Aug-23,C0337,P0260,"Gucci Oval Unisex Sunglasses - Gg0124S00450 - 50-22-145 mm, Brown Lens",Eyewear,"Gucci Oval Unisex Sunglasses - Gg0124S00450 - 50-22-145 mm, Brown Lens",1,1619,1619,Wallet,2023,8,August,Saturday
ORD-2025-00740,4-Apr-25,C0627,P0159,"Ray Ban 4165, 710/13 (51 mm) Sunglass, Brown Lens, Rectangular Frame",Eyewear,"Ray Ban 4165, 710/13 (51 mm) Sunglass, Brown Lens, Rectangular Frame",5,690,3450,UPI,2025,4,April,Friday
ORD-2024-00741,9-Feb-24,C0006,P0253,"Ray Ban Unisex Sunglasses - 3025, 58, 004/78, Grey Lens, Aviator Frame",Eyewear,"Ray Ban Unisex Sunglasses - 3025, 58, 004/78, Grey Lens, Aviator Frame",5,1065,5325,UPI,2024,2,February,Friday
ORD-2022-00742,2-Aug-22,C0609,P0324,"Jaguar Classic Gold for Men - Eau de Toilette, 100ml",Perfumes & Fragrances,"Jaguar Classic Gold for Men - Eau de Toilette, 100ml",1,231,231,Wallet,2022,8,August,Tuesday
ORD-2023-00743,12-Jul-23,C0394,P0150,"Polaroid Sunglasses for Unisex , Blue",Eyewear,"Polaroid Sunglasses for Unisex , Blue",2,250,500,Credit Card,2023,7,July,Wednesday
ORD-2023-00744,27-Jun-23,C0129,P0112,Lacoste Casual Shoe for Men Size 43 EU - Black,Casual & Dress Shoes,Lacoste Casual Shoe for Men Size 43 EU - Black,2,519,1038,UPI,2023,6,June,Tuesday
ORD-2023-00745,18-Dec-23,C0291,P0108,Lacoste Casual Shoe For Women Size 39 EU - White,Casual & Dress Shoes,Lacoste Casual Shoe For Women Size 39 EU - White,1,399,399,UPI,2023,12,December,Monday
ORD-2024-00746,28-Jan-24,C0281,P0429,Michael Kors Lexington Women's Silver Dial Stainless Steel Band Watch - MK5735,Watches,Michael Kors Lexington Women's Silver Dial Stainless Steel Band Watch - MK5735,1,1698,1698,Credit Card,2024,1,January,Sunday
ORD-2023-00747,15-Jul-23,C0659,P0284,"Ray Ban Sunglasses For Unisex, Rb3025 001/51 58-14, Brown Lens, Aviator Frame",Eyewear,"Ray Ban Sunglasses For Unisex, Rb3025 001/51 58-14, Brown Lens, Aviator Frame",1,770,770,Wallet,2023,7,July,Saturday
ORD-2022-00748,18-Aug-22,C0578,P0450,"Burberry Watch For Men,Stainless Steel Band, Quartz, BU9351, Analog",Watches,"Burberry Watch For Men,Stainless Steel Band, Quartz, BU9351, Analog",3,2865,8595,UPI,2022,8,August,Thursday
ORD-2024-00749,22-Dec-24,C0519,P0128,Puma Fashion Sneaker for Women (Black - 33 EU),Casual & Dress Shoes,Puma Fashion Sneaker for Women (Black - 33 EU),1,289,289,Credit Card,2024,12,December,Sunday
ORD-2022-00750,18-Apr-22,C0030,P0433,"Burberry BU9509 For Women (Analog, Casual Watch), Leather",Watches,"Burberry BU9509 For Women (Analog, Casual Watch), Leather",2,2040,4080,Net Banking,2022,4,April,Monday
ORD-2024-00751,22-Jun-24,C0572,P0514,"Emporio Armani Casual Watch for Men - Stainless Steel, Analog - AR1933",Watches,"Emporio Armani Casual Watch for Men - Stainless Steel, Analog - AR1933",7,1360,9520,Wallet,2024,6,June,Saturday
ORD-2024-00752,5-Jul-24,C0586,P0186,"Ray-Ban RB1971 91493F Square Sunglasses for Unisex , Lens 54 mm",Eyewear,"Ray-Ban RB1971 91493F Square Sunglasses for Unisex , Lens 54 mm",3,997,2991,UPI,2024,7,July,Friday
ORD-2023-00753,24-Jun-23,C0085,P0420,"Levi's Men Slimfold Wallet, Brown 31LV220010",Wallets,"Levi's Men Slimfold Wallet, Brown 31LV220010",6,110,660,COD,2023,6,June,Saturday
ORD-2024-00754,28-Mar-24,C0647,P0581,"August Steiner Men's Gun/White Dial Metal Band Watch - AS8102BK, Analog, Japanese Quartz",Watches,"August Steiner Men's Gun/White Dial Metal Band Watch - AS8102BK, Analog, Japanese Quartz",4,1670,6680,UPI,2024,3,March,Thursday
ORD-2022-00755,6-Dec-22,C0105,P0402,"Tommy Hilfiger Bifold WAllet For Men,LeAther,BlAck",Wallets,"Tommy Hilfiger Bifold WAllet For Men,LeAther,BlAck",3,430,1290,Debit Card,2022,12,December,Tuesday
ORD-2022-00756,9-Feb-22,C0185,P0379,adidas   Color Block High Rise 3/4 Logo Print Sport Tights for Women - Black,Sportswear,adidas   Color Block High Rise 3/4 Logo Print Sport Tights for Women - Black,1,189,189,Credit Card,2022,2,February,Wednesday
ORD-2025-00757,14-Jun-25,C0589,P0384,"Puma Lifestyle Sport Pant For Men , Black , L",Sportswear,"Puma Lifestyle Sport Pant For Men , Black , L",2,279,558,Credit Card,2025,6,June,Saturday
ORD-2024-00758,11-Oct-24,C0344,P0285,"Guess Cat Eye Women's Sunglasses - Gu7485-56F-51 - 51-25- 135 mm, Brown Lens",Eyewear,"Guess Cat Eye Women's Sunglasses - Gu7485-56F-51 - 51-25- 135 mm, Brown Lens",3,600,1800,Debit Card,2024,10,October,Friday
ORD-2022-00759,30-Jan-22,C0405,P0285,"Guess Cat Eye Women's Sunglasses - Gu7485-56F-51 - 51-25- 135 mm, Brown Lens",Eyewear,"Guess Cat Eye Women's Sunglasses - Gu7485-56F-51 - 51-25- 135 mm, Brown Lens",7,600,4200,Wallet,2022,1,January,Sunday
ORD-2025-00760,23-May-25,C0395,P0088,"Asics Curreo II Sneakers for Men, Grey, 44 EU",Athletic Shoes,"Asics Curreo II Sneakers for Men, Grey, 44 EU",1,249,249,UPI,2025,5,May,Friday
ORD-2024-00761,22-Oct-24,C0063,P0398,guess Men's Wallet 31GUE13143-Black,Wallets,guess Men's Wallet 31GUE13143-Black,1,160,160,COD,2024,10,October,Tuesday
ORD-2024-00762,21-Apr-24,C0315,P0562,JBW Vanquish Men's Silver Pave Dial Stainless Steel Band Chronograph Watch - J6337C,Watches,JBW Vanquish Men's Silver Pave Dial Stainless Steel Band Chronograph Watch - J6337C,1,5231,5231,Wallet,2024,4,April,Sunday
ORD-2022-00763,14-May-22,C0033,P0221,Ray-Ban Aviator Unisex Sunglasses - RB3025 001/33 58,Eyewear,Ray-Ban Aviator Unisex Sunglasses - RB3025 001/33 58,1,977,977,COD,2022,5,May,Saturday
ORD-2024-00764,20-Jul-24,C0360,P0350,"United Colors Of Benetton Hot Gold for Women - Eau de Toilette , 100ml",Perfumes & Fragrances,"United Colors Of Benetton Hot Gold for Women - Eau de Toilette , 100ml",1,77,77,COD,2024,7,July,Saturday
ORD-2022-00765,5-Jun-22,C0197,P0466,"Burberry Watch for Women , Quartz , Leather , BU9132, Analog",Watches,"Burberry Watch for Women , Quartz , Leather , BU9132, Analog",2,1625,3250,Debit Card,2022,6,June,Sunday
ORD-2022-00766,3-Apr-22,C0011,P0369,adidas Essentials Plain Sport T-shirt for Men - White,Sportswear,adidas Essentials Plain Sport T-shirt for Men - White,2,100,200,Wallet,2022,4,April,Sunday
ORD-2023-00767,30-Dec-23,C0272,P0309,"Davidoff Hot Water for Men - Eau de Toilette, 110ml",Perfumes & Fragrances,"Davidoff Hot Water for Men - Eau de Toilette, 110ml",5,294,1470,Credit Card,2023,12,December,Saturday
ORD-2024-00768,20-Jun-24,C0295,P0605,Puma Casual Watch For Men Analog Stainless Steel - PU103951004,Watches,Puma Casual Watch For Men Analog Stainless Steel - PU103951004,2,679,1358,Net Banking,2024,6,June,Thursday
ORD-2024-00769,14-Dec-24,C0355,P0513,Lacoste Casual Watch For Men Analog Leather - 2010910,Watches,Lacoste Casual Watch For Men Analog Leather - 2010910,3,575,1725,UPI,2024,12,December,Saturday
ORD-2024-00770,9-Feb-24,C0136,P0603,JBW Delmare Men's 4 Genuine Diamonds Silicone Watch - J6359D,Watches,JBW Delmare Men's 4 Genuine Diamonds Silicone Watch - J6359D,3,2624,7872,Credit Card,2024,2,February,Friday
ORD-2025-00771,5-Jan-25,C0454,P0339,"Elite Musk Forever for Unisex - Eau de Parfum, 100ml",Perfumes & Fragrances,"Elite Musk Forever for Unisex - Eau de Parfum, 100ml",1,157,157,Wallet,2025,1,January,Sunday
ORD-2024-00772,26-Jan-24,C0319,P0074,"Asics Gel Kayano 25 SP Sneaker for Women, Black/Pink, 37 EU",Athletic Shoes,"Asics Gel Kayano 25 SP Sneaker for Women, Black/Pink, 37 EU",1,749,749,Wallet,2024,1,January,Friday
ORD-2023-00773,18-Apr-23,C0050,P0052,Nike SB Check Solar Cnvs Skate Boarding Shoes For Men,Athletic Shoes,Nike SB Check Solar Cnvs Skate Boarding Shoes For Men,2,279,558,Credit Card,2023,4,April,Tuesday
ORD-2024-00774,7-Sep-24,C0648,P0225,"Ray Ban Sunglasses For Unisex, Brown, 0Rb4340 710/5150, Square Frame",Eyewear,"Ray Ban Sunglasses For Unisex, Brown, 0Rb4340 710/5150, Square Frame",1,1130,1130,Net Banking,2024,9,September,Saturday
ORD-2022-00775,10-Jan-22,C0557,P0569,Casio Men Black Dial Resin Band Watch aeq-110bw-9a,Watches,Casio Men Black Dial Resin Band Watch aeq-110bw-9a,1,313.95,313.95,COD,2022,1,January,Monday
ORD-2024-00776,11-Dec-24,C0625,P0486,"Akribos XXIV Swiss Quartz Chronograph Strap Men's Black Leather Band Watch - AK969BK, Analog",Watches,"Akribos XXIV Swiss Quartz Chronograph Strap Men's Black Leather Band Watch - AK969BK, Analog",1,1970,1970,Wallet,2024,12,December,Wednesday
ORD-2024-00777,7-Sep-24,C0224,P0570,"JBW Watch For men With 16 Diamonds, JB-8102-B",Watches,"JBW Watch For men With 16 Diamonds, JB-8102-B",1,5061,5061,Debit Card,2024,9,September,Saturday
ORD-2025-00778,24-May-25,C0306,P0235,"Polaroid  Aviator Sunglasses For Unisex  - Multi Color , PLD 6012/N",Eyewear,"Polaroid  Aviator Sunglasses For Unisex  - Multi Color , PLD 6012/N",5,350,1750,Debit Card,2025,5,May,Saturday
ORD-2024-00779,25-Nov-24,C0651,P0305,"Calvin Klein Beauty for Women - Eau de Parfum, 100ml",Perfumes & Fragrances,"Calvin Klein Beauty for Women - Eau de Parfum, 100ml",1,357,357,Wallet,2024,11,November,Monday
ORD-2023-00780,27-Apr-23,C0176,P0080,"Asics Gel-Saga SOU Sneakers for Men, White, 42.5 EU",Athletic Shoes,"Asics Gel-Saga SOU Sneakers for Men, White, 42.5 EU",3,339,1017,UPI,2023,4,April,Thursday
ORD-2022-00781,26-Nov-22,C0188,P0147,"Ray-Ban RB1971 914751 Square Sunglasses for Unisex , Lens 54 mm",Eyewear,"Ray-Ban RB1971 914751 Square Sunglasses for Unisex , Lens 54 mm",1,997,997,UPI,2022,11,November,Saturday
ORD-2024-00782,8-Sep-24,C0313,P0521,"Casio Watch For Men Stainless Steel Mtp 1374D 2Avdf, Analog",Watches,"Casio Watch For Men Stainless Steel Mtp 1374D 2Avdf, Analog",1,374,374,Wallet,2024,9,September,Sunday
ORD-2022-00783,21-Aug-22,C0359,P0154,"Diesel Wayfarer Unisex's Sunglasses - Dl0161 - 54-16-145 mm, Purple Lens",Eyewear,"Diesel Wayfarer Unisex's Sunglasses - Dl0161 - 54-16-145 mm, Purple Lens",2,755,1510,COD,2022,8,August,Sunday
ORD-2024-00784,15-Dec-24,C0497,P0180,"Ray-Ban Junior Unisex's 0RB3647N 90683F 51 Sunglasses, Transparent/Clear Gradient Blue",Eyewear,"Ray-Ban Junior Unisex's 0RB3647N 90683F 51 Sunglasses, Transparent/Clear Gradient Blue",1,820,820,Net Banking,2024,12,December,Sunday
ORD-2023-00785,27-Oct-23,C0596,P0334,"Burberry London for Women - Eau de Parfum, 100ml",Perfumes & Fragrances,"Burberry London for Women - Eau de Parfum, 100ml",1,252,252,COD,2023,10,October,Friday
ORD-2024-00786,17-Nov-24,C0293,P0139,Lacoste Casual Shoe for Men Size 44 EU - Navy,Casual & Dress Shoes,Lacoste Casual Shoe for Men Size 44 EU - Navy,2,379,758,UPI,2024,11,November,Sunday
ORD-2024-00787,13-Dec-24,C0306,P0191,"Ray-Ban Sunglasses For Men - Grey, 3553I, 59, 6, 8G",Eyewear,"Ray-Ban Sunglasses For Men - Grey, 3553I, 59, 6, 8G",1,525,525,Credit Card,2024,12,December,Friday
ORD-2022-00788,29-Aug-22,C0206,P0247,Ray-Ban Aviator Unisex Sunglasses - Rb3025-019/Z258,Eyewear,Ray-Ban Aviator Unisex Sunglasses - Rb3025-019/Z258,3,855,2565,Credit Card,2022,8,August,Monday
ORD-2024-00789,3-Nov-24,C0065,P0418,TOMMY HILFIGER Honey 2 in 1 Washbag Golden Haze,Wallets,TOMMY HILFIGER Honey 2 in 1 Washbag Golden Haze,3,210,630,Debit Card,2024,11,November,Sunday
ORD-2023-00790,19-Nov-23,C0482,P0340,"S.T.Dupont for Women - Eau de Parfum, 100ml",Perfumes & Fragrances,"S.T.Dupont for Women - Eau de Parfum, 100ml",1,141,141,Net Banking,2023,11,November,Sunday
ORD-2023-00791,28-Aug-23,C0363,P0557,JBW Caden 0.08 ctw Diamond Men's Black Dial Genuine Leather Band Watch - J6374B,Watches,JBW Caden 0.08 ctw Diamond Men's Black Dial Genuine Leather Band Watch - J6374B,2,1499,2998,UPI,2023,8,August,Monday
ORD-2025-00792,10-May-25,C0409,P0543,"JBW Wrist Watch for Women Diamond Inlay 16 Piece , Leather ,J6345B",Watches,"JBW Wrist Watch for Women Diamond Inlay 16 Piece , Leather ,J6345B",1,1800,1800,UPI,2025,5,May,Saturday
ORD-2024-00793,24-Jan-24,C0098,P0320,"Bentley Intense for Men - Eau de Parfum, 100ml",Perfumes & Fragrances,"Bentley Intense for Men - Eau de Parfum, 100ml",2,294,588,Net Banking,2024,1,January,Wednesday
ORD-2024-00794,1-Oct-24,C0645,P0500,"Diesel Mr. Daddy For Men Analog Gunmetal Ion Plated Stainless Steel Band Watch Dz7315, Quartz",Watches,"Diesel Mr. Daddy For Men Analog Gunmetal Ion Plated Stainless Steel Band Watch Dz7315, Quartz",2,1545,3090,Credit Card,2024,10,October,Tuesday
ORD-2024-00795,4-Oct-24,C0006,P0379,adidas   Color Block High Rise 3/4 Logo Print Sport Tights for Women - Black,Sportswear,adidas   Color Block High Rise 3/4 Logo Print Sport Tights for Women - Black,3,189,567,UPI,2024,10,October,Friday
ORD-2024-00796,20-Dec-24,C0027,P0088,"Asics Curreo II Sneakers for Men, Grey, 44 EU",Athletic Shoes,"Asics Curreo II Sneakers for Men, Grey, 44 EU",6,249,1494,COD,2024,12,December,Friday
ORD-2022-00797,17-Sep-22,C0004,P0301,"Guess Seductive Homme for Men - Eau de Toilette, 100ml",Perfumes & Fragrances,"Guess Seductive Homme for Men - Eau de Toilette, 100ml",4,289,1156,Credit Card,2022,9,September,Saturday
ORD-2025-00798,2-Jun-25,C0353,P0591,"Emporio Armani Men'S Silver Dial Stainless Steel Band Watch Ar6073, Analog",Watches,"Emporio Armani Men'S Silver Dial Stainless Steel Band Watch Ar6073, Analog",10,1150,11500,Wallet,2025,6,June,Monday
ORD-2024-00799,21-Jan-24,C0505,P0510,JBW Women's Mondrian Jewelry Set 0.16 ctw Diamond 18k Gold-plated Stainless Steel Watch - J6303-SetB,Watches,JBW Women's Mondrian Jewelry Set 0.16 ctw Diamond 18k Gold-plated Stainless Steel Watch - J6303-SetB,1,2089.23,2089.23,COD,2024,1,January,Sunday
ORD-2024-00800,1-Dec-24,C0601,P0450,"Burberry Watch For Men,Stainless Steel Band, Quartz, BU9351, Analog",Watches,"Burberry Watch For Men,Stainless Steel Band, Quartz, BU9351, Analog",1,2865,2865,Net Banking,2024,12,December,Sunday
ORD-2024-00801,22-Dec-24,C0248,P0467,"Fossil Grant Watch For Men Analog Leather Band Fs5151, Quartz",Watches,"Fossil Grant Watch For Men Analog Leather Band Fs5151, Quartz",1,756,756,Net Banking,2024,12,December,Sunday
ORD-2023-00802,2-May-23,C0481,P0146,"Ray-Ban Aviator Classic Sunglasses for Men , RB3025 L0205 58-14",Eyewear,"Ray-Ban Aviator Classic Sunglasses for Men , RB3025 L0205 58-14",1,1050,1050,Wallet,2023,5,May,Tuesday
ORD-2024-00803,29-Jan-24,C0021,P0116,Lacoste Casual Shoe for Men Size 43 EU - Navy,Casual & Dress Shoes,Lacoste Casual Shoe for Men Size 43 EU - Navy,1,539,539,UPI,2024,1,January,Monday
ORD-2023-00804,16-Aug-23,C0299,P0088,"Asics Curreo II Sneakers for Men, Grey, 44 EU",Athletic Shoes,"Asics Curreo II Sneakers for Men, Grey, 44 EU",1,249,249,Wallet,2023,8,August,Wednesday
ORD-2023-00805,14-Dec-23,C0307,P0483,JBW Alessandra for Women - Analog Stainless Steel Band Watch - JB-6217-C,Watches,JBW Alessandra for Women - Analog Stainless Steel Band Watch - JB-6217-C,2,5481,10962,Net Banking,2023,12,December,Thursday
ORD-2024-00806,12-Nov-24,C0339,P0050,"Nike Viale Sneaker for Men , Size 45 EU , Black",Athletic Shoes,"Nike Viale Sneaker for Men , Size 45 EU , Black",4,389,1556,Debit Card,2024,11,November,Tuesday
ORD-2022-00807,27-Aug-22,C0554,P0381,Adidas Design 2 Move Climacool Logo Tee For Men - Black,Sportswear,Adidas Design 2 Move Climacool Logo Tee For Men - Black,1,4466.75,4466.75,Net Banking,2022,8,August,Saturday
ORD-2023-00808,3-Nov-23,C0631,P0426,"Dickies Trifold Wallet for Men,Brown,31DI210003-Brown",Wallets,"Dickies Trifold Wallet for Men,Brown,31DI210003-Brown",1,60,60,COD,2023,11,November,Friday
ORD-2022-00809,1-Dec-22,C0173,P0254,"Ray-Ban Round Unisex Sunglasses - 4257 6092/55 53, Blue Lens",Eyewear,"Ray-Ban Round Unisex Sunglasses - 4257 6092/55 53, Blue Lens",3,890,2670,Wallet,2022,12,December,Thursday
ORD-2023-00810,1-Jul-23,C0098,P0289,"Ray-Ban Sunglasses For Unisex, Gold, 3538, Square Frame",Eyewear,"Ray-Ban Sunglasses For Unisex, Gold, 3538, Square Frame",2,880,1760,Debit Card,2023,7,July,Saturday
ORD-2024-00811,26-Nov-24,C0592,P0314,Crystal Noir by Versace  for Women - Eau de Parfum- 90 ml,Perfumes & Fragrances,Crystal Noir by Versace  for Women - Eau de Parfum- 90 ml,3,315,945,Wallet,2024,11,November,Tuesday
ORD-2024-00812,9-Nov-24,C0628,P0243,Marc Jacobs Cat Eye Sunglasses for Unisex - Purple Lens,Eyewear,Marc Jacobs Cat Eye Sunglasses for Unisex - Purple Lens,3,850,2550,Net Banking,2024,11,November,Saturday
ORD-2024-00813,13-Oct-24,C0155,P0194,"Emporio Armani Rectangle Sunglasses for Men , Grey Lenses , 8053672481389",Eyewear,"Emporio Armani Rectangle Sunglasses for Men , Grey Lenses , 8053672481389",2,890,1780,Credit Card,2024,10,October,Sunday
ORD-2023-00814,19-Dec-23,C0210,P0157,"Ray Ban 3025, W3234 (55 mm) Sunglass, Green Lens, Aviator Frame, For Men",Eyewear,"Ray Ban 3025, W3234 (55 mm) Sunglass, Green Lens, Aviator Frame, For Men",1,750,750,COD,2023,12,December,Tuesday
ORD-2024-00815,29-Dec-24,C0445,P0024,"Nike air Zoom Pegasus 36 Sneaker for Men , Size 43 EU , Blue",Athletic Shoes,"Nike air Zoom Pegasus 36 Sneaker for Men , Size 43 EU , Blue",2,579,1158,UPI,2024,12,December,Sunday
ORD-2022-00816,19-Dec-22,C0093,P0418,TOMMY HILFIGER Honey 2 in 1 Washbag Golden Haze,Wallets,TOMMY HILFIGER Honey 2 in 1 Washbag Golden Haze,7,210,1470,Credit Card,2022,12,December,Monday
ORD-2024-00817,10-Mar-24,C0123,P0440,"Emporio Armani Men'S White Dial Stainless Steel Band Watch Ar1839, Quartz, Analog",Watches,"Emporio Armani Men'S White Dial Stainless Steel Band Watch Ar1839, Quartz, Analog",2,1145,2290,Wallet,2024,3,March,Sunday
ORD-2025-00818,26-May-25,C0183,P0074,"Asics Gel Kayano 25 SP Sneaker for Women, Black/Pink, 37 EU",Athletic Shoes,"Asics Gel Kayano 25 SP Sneaker for Women, Black/Pink, 37 EU",3,749,2247,Wallet,2025,5,May,Monday
ORD-2023-00819,28-Mar-23,C0129,P0400,Kenneth Cole REACTION Men's RFID Security Blocking Slimfold Wallet,Wallets,Kenneth Cole REACTION Men's RFID Security Blocking Slimfold Wallet,3,125,375,COD,2023,3,March,Tuesday
ORD-2025-00820,30-Mar-25,C0063,P0486,"Akribos XXIV Swiss Quartz Chronograph Strap Men's Black Leather Band Watch - AK969BK, Analog",Watches,"Akribos XXIV Swiss Quartz Chronograph Strap Men's Black Leather Band Watch - AK969BK, Analog",5,1970,9850,UPI,2025,3,March,Sunday
ORD-2024-00821,22-May-24,C0563,P0245,"Miu Miu Rimless Women's Sunglasses - 56Ts-Xej1A1 - 63 mm, Black Lens",Eyewear,"Miu Miu Rimless Women's Sunglasses - 56Ts-Xej1A1 - 63 mm, Black Lens",1,2000,2000,COD,2024,5,May,Wednesday
ORD-2023-00822,3-Dec-23,C0186,P0153,"Bvlgari Sunglasses for Men , Lens Color Grey , 8053672139723",Eyewear,"Bvlgari Sunglasses for Men , Lens Color Grey , 8053672139723",1,1329,1329,UPI,2023,12,December,Sunday
ORD-2023-00823,24-Mar-23,C0498,P0010,"Nike Court Lite 2 Sneaker for Men , Size 42 EU , Black",Athletic Shoes,"Nike Court Lite 2 Sneaker for Men , Size 42 EU , Black",1,339,339,Net Banking,2023,3,March,Friday
ORD-2024-00824,8-Jan-24,C0530,P0560,"Fossil Nate Men'S Black Dial Stainless Steel Band Watch Jr1527, Quartz, Analog",Watches,"Fossil Nate Men'S Black Dial Stainless Steel Band Watch Jr1527, Quartz, Analog",4,775,3100,COD,2024,1,January,Monday
ORD-2024-00825,30-Jan-24,C0435,P0018,Nike air Monarch IV Training Shoes for Men - Black Size - 43 EU,Athletic Shoes,Nike air Monarch IV Training Shoes for Men - Black Size - 43 EU,2,279,558,Wallet,2024,1,January,Tuesday
ORD-2023-00826,14-Oct-23,C0596,P0355,"Juicy Couture Viva La Juicy for Women - Eau de Parfum, 100ml",Perfumes & Fragrances,"Juicy Couture Viva La Juicy for Women - Eau de Parfum, 100ml",1,218,218,Wallet,2023,10,October,Saturday
ORD-2023-00827,2-Sep-23,C0277,P0539,"Casio Men's Ana-Digi Dial Stainless Steel Band Watch - AW-82D-1AVDF, Quartz",Watches,"Casio Men's Ana-Digi Dial Stainless Steel Band Watch - AW-82D-1AVDF, Quartz",2,336,672,Debit Card,2023,9,September,Saturday
ORD-2025-00828,19-Mar-25,C0474,P0023,Adidas Asweerun Running Shoes For Men - Core Black,Athletic Shoes,Adidas Asweerun Running Shoes For Men - Core Black,3,255,765,Net Banking,2025,3,March,Wednesday
ORD-2022-00829,31-May-22,C0154,P0260,"Gucci Oval Unisex Sunglasses - Gg0124S00450 - 50-22-145 mm, Brown Lens",Eyewear,"Gucci Oval Unisex Sunglasses - Gg0124S00450 - 50-22-145 mm, Brown Lens",1,1619,1619,Wallet,2022,5,May,Tuesday
ORD-2023-00830,12-Mar-23,C0195,P0197,"Ray-Ban Aviator Unisex Sunglasses - Rb3025-001/58-62 - 62-14-140 mm , Polarized Lens",Eyewear,"Ray-Ban Aviator Unisex Sunglasses - Rb3025-001/58-62 - 62-14-140 mm , Polarized Lens",2,980,1960,Debit Card,2023,3,March,Sunday
ORD-2022-00831,8-Jul-22,C0444,P0547,"Diesel Mr. Daddy Men'S Black Dial Leather Band Watch Dz7313, Japanese Quartz, Analog",Watches,"Diesel Mr. Daddy Men'S Black Dial Leather Band Watch Dz7313, Japanese Quartz, Analog",1,1345,1345,UPI,2022,7,July,Friday
ORD-2022-00832,30-Nov-22,C0077,P0381,Adidas Design 2 Move Climacool Logo Tee For Men - Black,Sportswear,Adidas Design 2 Move Climacool Logo Tee For Men - Black,4,1504.09,6016.36,Credit Card,2022,11,November,Wednesday
ORD-2023-00833,4-Nov-23,C0608,P0176,CARRERA Men's Sunglasses Round Carrera 126/S Shnblckgd,Eyewear,CARRERA Men's Sunglasses Round Carrera 126/S Shnblckgd,6,750,4500,COD,2023,11,November,Saturday
ORD-2022-00834,14-Apr-22,C0062,P0508,"Akribos XXIV Women's Gold Dial Mixed Material Band Watch Set - AK738YG, Analog, Swiss Quartz and Japanese Quartz",Watches,"Akribos XXIV Women's Gold Dial Mixed Material Band Watch Set - AK738YG, Analog, Swiss Quartz and Japanese Quartz",1,2990,2990,Debit Card,2022,4,April,Thursday
ORD-2024-00835,15-Dec-24,C0225,P0259,"Ray-Ban Clubmaster Women's Sunglasses - Rb4256-609255-49 - 49-20-145, Blue Lens",Eyewear,"Ray-Ban Clubmaster Women's Sunglasses - Rb4256-609255-49 - 49-20-145, Blue Lens",1,662,662,Wallet,2024,12,December,Sunday
ORD-2024-00836,20-Jan-24,C0309,P0307,"Body By Burberry For Women - Eau De Parfum, 85Ml",Perfumes & Fragrances,"Body By Burberry For Women - Eau De Parfum, 85Ml",5,263,1315,Wallet,2024,1,January,Saturday
ORD-2023-00837,13-Apr-23,C0257,P0371,"Adidas Design 2 Move Solid Sport T-Shirt For Women - Black, Ds8722, M",Sportswear,"Adidas Design 2 Move Solid Sport T-Shirt For Women - Black, Ds8722, M",1,155,155,Wallet,2023,4,April,Thursday
ORD-2025-00838,4-Jun-25,C0558,P0591,"Emporio Armani Men'S Silver Dial Stainless Steel Band Watch Ar6073, Analog",Watches,"Emporio Armani Men'S Silver Dial Stainless Steel Band Watch Ar6073, Analog",1,1150,1150,Debit Card,2025,6,June,Wednesday
ORD-2022-00839,27-Jul-22,C0137,P0110,Lacoste Casual Shoe for Women Size 39 EU - Black,Casual & Dress Shoes,Lacoste Casual Shoe for Women Size 39 EU - Black,1,499,499,UPI,2022,7,July,Wednesday
ORD-2025-00840,27-Jan-25,C0636,P0394,"Tommy Hilfiger Honey Lrg Za Wallet, Tommy Navy Metallic, 19 cm AW0AW07446",Wallets,"Tommy Hilfiger Honey Lrg Za Wallet, Tommy Navy Metallic, 19 cm AW0AW07446",1,469,469,UPI,2025,1,January,Monday
ORD-2024-00841,1-Sep-24,C0037,P0362,"Under Armour T-Shirt for Men, Size L - Grey",Sportswear,"Under Armour T-Shirt for Men, Size L - Grey",1,139,139,Debit Card,2024,9,September,Sunday
ORD-2024-00842,16-Nov-24,C0515,P0216,"Polaroid Sunglasses for Men , Grey Lenses",Eyewear,"Polaroid Sunglasses for Men , Grey Lenses",1,450,450,Credit Card,2024,11,November,Saturday
ORD-2022-00843,22-Dec-22,C0171,P0349,"Gucci Premiere for Women - Eau de Toilette, 75ml",Perfumes & Fragrances,"Gucci Premiere for Women - Eau de Toilette, 75ml",1,370,370,UPI,2022,12,December,Thursday
ORD-2022-00844,19-Mar-22,C0166,P0317,"Guess Man - Eau de Toilette, 75ml",Perfumes & Fragrances,"Guess Man - Eau de Toilette, 75ml",3,221,663,Wallet,2022,3,March,Saturday
ORD-2025-00845,4-Mar-25,C0333,P0425,Dockers Bifold Mens Wallet - 31DK240z01-Brown,Wallets,Dockers Bifold Mens Wallet - 31DK240z01-Brown,2,120,240,COD,2025,3,March,Tuesday
ORD-2024-00846,21-Nov-24,C0642,P0315,"Calvin Klein Eternity Moment for Women - Eau de Parfum, 100ml",Perfumes & Fragrances,"Calvin Klein Eternity Moment for Women - Eau de Parfum, 100ml",5,273,1365,Debit Card,2024,11,November,Thursday
ORD-2025-00847,9-Apr-25,C0308,P0475,Ferrari Pilota Men's Black Dial Stainless Steel Watch - 830389,Watches,Ferrari Pilota Men's Black Dial Stainless Steel Watch - 830389,2,4838.12,9676.24,Wallet,2025,4,April,Wednesday
ORD-2022-00848,17-Mar-22,C0082,P0208,"Calvin Klein Round Sunglasses for Men - Blue lens, CK18104S-045",Eyewear,"Calvin Klein Round Sunglasses for Men - Blue lens, CK18104S-045",1,890,890,Net Banking,2022,3,March,Thursday
ORD-2025-00849,10-Feb-25,C0542,P0116,Lacoste Casual Shoe for Men Size 43 EU - Navy,Casual & Dress Shoes,Lacoste Casual Shoe for Men Size 43 EU - Navy,2,539,1078,Debit Card,2025,2,February,Monday
ORD-2024-00850,5-Jul-24,C0343,P0240,"Vogue Sunglasses for Women - Size 54, Blue Frame, 0VO2990S 23254854",Eyewear,"Vogue Sunglasses for Women - Size 54, Blue Frame, 0VO2990S 23254854",1,714,714,Net Banking,2024,7,July,Friday
ORD-2024-00851,15-Mar-24,C0099,P0141,Lacoste Casual Shoe for Men Size 42 EU - Black,Casual & Dress Shoes,Lacoste Casual Shoe for Men Size 42 EU - Black,4,379,1516,COD,2024,3,March,Friday
ORD-2025-00852,1-Apr-25,C0632,P0564,"Casio Women'S Digital Dial Stainless Steel Band Watch La670Wa 1Df, Quartz",Watches,"Casio Women'S Digital Dial Stainless Steel Band Watch La670Wa 1Df, Quartz",2,78,156,UPI,2025,4,April,Tuesday
ORD-2025-00853,11-Mar-25,C0050,P0325,"Versace Eros Pour Femme for Women - Eau de Parfum, 100ml",Perfumes & Fragrances,"Versace Eros Pour Femme for Women - Eau de Parfum, 100ml",1,342,342,Debit Card,2025,3,March,Tuesday
ORD-2022-00854,11-Apr-22,C0455,P0014,"Adidas Grand Court Base Faux Leather Contrast Side Stripe Heel Tab Logo Tennis Shoes for Men - Black, 42 2/3",Athletic Shoes,"Adidas Grand Court Base Faux Leather Contrast Side Stripe Heel Tab Logo Tennis Shoes for Men - Black, 42 2/3",2,249,498,Debit Card,2022,4,April,Monday
ORD-2023-00855,29-Oct-23,C0317,P0012,"Adidas VS Pace Nubuck Contrast Side Stripe Sport Sneakers for Men - White, 43 1/3",Athletic Shoes,"Adidas VS Pace Nubuck Contrast Side Stripe Sport Sneakers for Men - White, 43 1/3",2,259,518,Net Banking,2023,10,October,Sunday
ORD-2024-00856,3-Aug-24,C0043,P0472,hugo boss Jet Men's White Dial Leather Band Watch - 1513282,Watches,hugo boss Jet Men's White Dial Leather Band Watch - 1513282,2,1140,2280,UPI,2024,8,August,Saturday
ORD-2022-00857,21-Dec-22,C0412,P0158,Ray-Ban Aviator Unisex Sunglasses - RB3025-004-58-58,Eyewear,Ray-Ban Aviator Unisex Sunglasses - RB3025-004-58-58,2,900,1800,Net Banking,2022,12,December,Wednesday
ORD-2022-00858,12-Aug-22,C0093,P0370,adidas Essentials Linear Sport Tank Top for Women - White/Black,Sportswear,adidas Essentials Linear Sport Tank Top for Women - White/Black,1,100,100,Debit Card,2022,8,August,Friday
ORD-2024-00859,23-Jun-24,C0566,P0336,"Calvin Klein Euphoria Intense for Men - Eau de Toilette, 100ml",Perfumes & Fragrances,"Calvin Klein Euphoria Intense for Men - Eau de Toilette, 100ml",1,282,282,Credit Card,2024,6,June,Sunday
ORD-2024-00860,22-Jul-24,C0038,P0112,Lacoste Casual Shoe for Men Size 43 EU - Black,Casual & Dress Shoes,Lacoste Casual Shoe for Men Size 43 EU - Black,1,519,519,Wallet,2024,7,July,Monday
ORD-2023-00861,29-Apr-23,C0010,P0408,Michael Kors Card Case For Women - Brown,Wallets,Michael Kors Card Case For Women - Brown,1,209,209,COD,2023,4,April,Saturday
ORD-2024-00862,27-Jul-24,C0648,P0374,Adidas Must Haves Plain Sport T-Shirt for Men - Grey,Sportswear,Adidas Must Haves Plain Sport T-Shirt for Men - Grey,1,115,115,Net Banking,2024,7,July,Saturday
ORD-2023-00863,9-Apr-23,C0075,P0227,"Polaroid Sunglasses for Unisex, Grey- PLD 1017/S 22763900358WJ",Eyewear,"Polaroid Sunglasses for Unisex, Grey- PLD 1017/S 22763900358WJ",5,250,1250,UPI,2023,4,April,Sunday
ORD-2025-00864,5-Apr-25,C0049,P0084,"Asics Gel-Saga Sneakers for Women, White, 38 EU",Athletic Shoes,"Asics Gel-Saga Sneakers for Women, White, 38 EU",8,379,3032,COD,2025,4,April,Saturday
ORD-2023-00865,16-Apr-23,C0277,P0451,Hugo Boss Casual Round Watch for Men,Watches,Hugo Boss Casual Round Watch for Men,2,1285,2570,Credit Card,2023,4,April,Sunday
ORD-2022-00866,12-Jun-22,C0656,P0547,"Diesel Mr. Daddy Men'S Black Dial Leather Band Watch Dz7313, Japanese Quartz, Analog",Watches,"Diesel Mr. Daddy Men'S Black Dial Leather Band Watch Dz7313, Japanese Quartz, Analog",7,1345,9415,UPI,2022,6,June,Sunday
ORD-2024-00867,31-Aug-24,C0021,P0024,"Nike air Zoom Pegasus 36 Sneaker for Men , Size 43 EU , Blue",Athletic Shoes,"Nike air Zoom Pegasus 36 Sneaker for Men , Size 43 EU , Blue",3,579,1737,Debit Card,2024,8,August,Saturday
ORD-2025-00868,1-Feb-25,C0250,P0607,Tissot Dress Watch For Women Analog Stainless Steel - T072.210.11.038.00,Watches,Tissot Dress Watch For Women Analog Stainless Steel - T072.210.11.038.00,1,1740,1740,UPI,2025,2,February,Saturday
ORD-2025-00869,11-Jan-25,C0391,P0377,adidas FL_SPR Z FT 3ST BLACK for MALE,Sportswear,adidas FL_SPR Z FT 3ST BLACK for MALE,5,139,695,Debit Card,2025,1,January,Saturday
ORD-2022-00870,27-Aug-22,C0071,P0065,"Nike Flexmethod Tr Nylon-Mesh Back Rubber Detail Training Shoes with Pull-Tab for Men - Wolf Grey, 43",Athletic Shoes,"Nike Flexmethod Tr Nylon-Mesh Back Rubber Detail Training Shoes with Pull-Tab for Men - Wolf Grey, 43",2,4614.48,9228.96,Debit Card,2022,8,August,Saturday
ORD-2023-00871,3-Jul-23,C0644,P0367,"Adidas Essentials Linear Sport Tank Top For Women - Black White, M",Sportswear,"Adidas Essentials Linear Sport Tank Top For Women - Black White, M",8,109,872,Debit Card,2023,7,July,Monday
ORD-2022-00872,6-Nov-22,C0152,P0318,"Elizabeth Arden 5th Avenue for Women - Eau de Parfum, 125ml",Perfumes & Fragrances,"Elizabeth Arden 5th Avenue for Women - Eau de Parfum, 125ml",1,385,385,COD,2022,11,November,Sunday
ORD-2024-00873,29-Nov-24,C0155,P0218,"Ray-Ban RB1971 914731 Square Sunglasses for Unisex , Lens 54 mm",Eyewear,"Ray-Ban RB1971 914731 Square Sunglasses for Unisex , Lens 54 mm",1,997,997,Wallet,2024,11,November,Friday
ORD-2025-00874,5-Apr-25,C0206,P0031,Nike Shoes for Men Size 43 EU - Blue,Athletic Shoes,Nike Shoes for Men Size 43 EU - Blue,3,319,957,UPI,2025,4,April,Saturday
ORD-2024-00875,25-Nov-24,C0539,P0527,Tissot T055.217.16.033.01 For Men Analog Casual Watch Leather,Watches,Tissot T055.217.16.033.01 For Men Analog Casual Watch Leather,2,1840,3680,Net Banking,2024,11,November,Monday
ORD-2025-00876,23-Feb-25,C0202,P0019,"Nike Explore Strada Sneaker for Women , Size 39 EU , White",Athletic Shoes,"Nike Explore Strada Sneaker for Women , Size 39 EU , White",1,339,339,COD,2025,2,February,Sunday
ORD-2024-00877,9-Jul-24,C0654,P0345,"MONTALE Roses Musk for Women - Eau de Parfum, 100ml",Perfumes & Fragrances,"MONTALE Roses Musk for Women - Eau de Parfum, 100ml",2,439,878,Credit Card,2024,7,July,Tuesday
ORD-2025-00878,16-May-25,C0324,P0190,"Polaroid Sunglasses For Men, Multi Color, Pld 2043-S00361Lm, Aviator Frame",Eyewear,"Polaroid Sunglasses For Men, Multi Color, Pld 2043-S00361Lm, Aviator Frame",1,250,250,COD,2025,5,May,Friday
ORD-2024-00879,20-Aug-24,C0370,P0304,"Guess Girl for Women - Eau de Toilette, 100ml",Perfumes & Fragrances,"Guess Girl for Women - Eau de Toilette, 100ml",2,263,526,Net Banking,2024,8,August,Tuesday
ORD-2023-00880,17-Dec-23,C0267,P0089,"Asics New York Sneakers for Women, Grey, 39 EU",Athletic Shoes,"Asics New York Sneakers for Women, Grey, 39 EU",2,299,598,Net Banking,2023,12,December,Sunday
ORD-2025-00881,13-May-25,C0006,P0603,JBW Delmare Men's 4 Genuine Diamonds Silicone Watch - J6359D,Watches,JBW Delmare Men's 4 Genuine Diamonds Silicone Watch - J6359D,3,2624,7872,UPI,2025,5,May,Tuesday
ORD-2022-00882,4-Nov-22,C0646,P0554,Michael Kors Darci Women's Champagne Dial Leather Band Watch - MK2391,Watches,Michael Kors Darci Women's Champagne Dial Leather Band Watch - MK2391,1,968,968,Wallet,2022,11,November,Friday
ORD-2022-00883,21-Nov-22,C0364,P0170,"Esprit Women's Sunglasses - Brown Frame,Brown Gradient Lens- ET19461/535, size 56-16-142",Eyewear,"Esprit Women's Sunglasses - Brown Frame,Brown Gradient Lens- ET19461/535, size 56-16-142",2,336,672,Net Banking,2022,11,November,Monday
ORD-2024-00884,24-Dec-24,C0122,P0474,"August Steiner Men's Gold-Tone And Blue Dial Leather Band Watch - AS8183SSB, Analog, Japanese Quartz Movement",Watches,"August Steiner Men's Gold-Tone And Blue Dial Leather Band Watch - AS8183SSB, Analog, Japanese Quartz Movement",1,1600,1600,UPI,2024,12,December,Tuesday
ORD-2024-00885,1-Jul-24,C0486,P0224,"Ray-Ban Aviator Unisex Sunglasses - Rb3025-W0879-58-14-135, Green Lens",Eyewear,"Ray-Ban Aviator Unisex Sunglasses - Rb3025-W0879-58-14-135, Green Lens",3,945,2835,COD,2024,7,July,Monday
ORD-2025-00886,11-Apr-25,C0288,P0086,"Asics Gel-Lyte Runner Sneakers for Men, Multicolour, 42 EU",Athletic Shoes,"Asics Gel-Lyte Runner Sneakers for Men, Multicolour, 42 EU",1,309,309,Credit Card,2025,4,April,Friday
ORD-2024-00887,18-May-24,C0172,P0048,"Adidas Sooraj Color Block Rubber Sole Lace-Up Running Shoes for Women - Core Black & Grey Five, 38",Athletic Shoes,"Adidas Sooraj Color Block Rubber Sole Lace-Up Running Shoes for Women - Core Black & Grey Five, 38",2,1249.88,2499.76,Credit Card,2024,5,May,Saturday
ORD-2024-00888,6-Nov-24,C0254,P0256,CARRERA Men's Sunglasses Aviator Carrera 1005/S Whit Gold,Eyewear,CARRERA Men's Sunglasses Aviator Carrera 1005/S Whit Gold,3,800,2400,Credit Card,2024,11,November,Wednesday
ORD-2024-00889,21-Dec-24,C0442,P0029,"Nike Flex Experience RN 8 Sneaker for Men , Size 42.5 EU , Grey",Athletic Shoes,"Nike Flex Experience RN 8 Sneaker for Men , Size 42.5 EU , Grey",2,359,718,UPI,2024,12,December,Saturday
ORD-2023-00890,19-Oct-23,C0209,P0170,"Esprit Women's Sunglasses - Brown Frame,Brown Gradient Lens- ET19461/535, size 56-16-142",Eyewear,"Esprit Women's Sunglasses - Brown Frame,Brown Gradient Lens- ET19461/535, size 56-16-142",1,336,336,UPI,2023,10,October,Thursday
ORD-2022-00891,24-Nov-22,C0567,P0245,"Miu Miu Rimless Women's Sunglasses - 56Ts-Xej1A1 - 63 mm, Black Lens",Eyewear,"Miu Miu Rimless Women's Sunglasses - 56Ts-Xej1A1 - 63 mm, Black Lens",4,2000,8000,COD,2022,11,November,Thursday
ORD-2022-00892,10-May-22,C0378,P0043,"Adidas Grand Court Base Faux Leather Contrast Side Stripe Heel Tab Logo Tennis Shoes for Women - White, 40",Athletic Shoes,"Adidas Grand Court Base Faux Leather Contrast Side Stripe Heel Tab Logo Tennis Shoes for Women - White, 40",1,259,259,Credit Card,2022,5,May,Tuesday
ORD-2024-00893,27-Nov-24,C0107,P0138,Lacoste Casual Shoe for Men Size 43 EU - White,Casual & Dress Shoes,Lacoste Casual Shoe for Men Size 43 EU - White,1,529,529,Credit Card,2024,11,November,Wednesday
ORD-2025-00894,3-Jun-25,C0163,P0529,"Scuderia Ferrari Watch for Men , Quartz , Stainless Steel - 830635",Watches,"Scuderia Ferrari Watch for Men , Quartz , Stainless Steel - 830635",2,4562.88,9125.76,UPI,2025,6,June,Tuesday
ORD-2025-00895,5-Mar-25,C0403,P0360,Under Armour Training T-Shirt for Men,Sportswear,Under Armour Training T-Shirt for Men,1,139,139,UPI,2025,3,March,Wednesday
ORD-2023-00896,15-Dec-23,C0070,P0438,"Casio Women'S White Dial Resin Band Watch Lrw 200H 4B2V, Quartz, Analog",Watches,"Casio Women'S White Dial Resin Band Watch Lrw 200H 4B2V, Quartz, Analog",3,120.92,362.76,UPI,2023,12,December,Friday
ORD-2022-00897,5-Feb-22,C0456,P0381,Adidas Design 2 Move Climacool Logo Tee For Men - Black,Sportswear,Adidas Design 2 Move Climacool Logo Tee For Men - Black,1,2169.41,2169.41,Net Banking,2022,2,February,Saturday
ORD-2022-00898,11-Apr-22,C0036,P0596,Scuderia Ferrari Men's Grey  Dial Color Rubber Band Watch - 830342,Watches,Scuderia Ferrari Men's Grey  Dial Color Rubber Band Watch - 830342,1,1045,1045,Debit Card,2022,4,April,Monday
ORD-2022-00899,16-Jun-22,C0571,P0343,"Fantasy by Britney Spears for Women - Eau de Parfum, 100ml",Perfumes & Fragrances,"Fantasy by Britney Spears for Women - Eau de Parfum, 100ml",1,125,125,Debit Card,2022,6,June,Thursday
ORD-2023-00900,9-Dec-23,C0039,P0254,"Ray-Ban Round Unisex Sunglasses - 4257 6092/55 53, Blue Lens",Eyewear,"Ray-Ban Round Unisex Sunglasses - 4257 6092/55 53, Blue Lens",1,890,890,Wallet,2023,12,December,Saturday
ORD-2023-00901,8-Apr-23,C0132,P0518,"Fossil Townsman Men'S Black Dial Stainless Steel Band Watch Me3107, Automatic, Analog",Watches,"Fossil Townsman Men'S Black Dial Stainless Steel Band Watch Me3107, Automatic, Analog",2,991,1982,Debit Card,2023,4,April,Saturday
ORD-2024-00902,19-Mar-24,C0318,P0123,Lacoste Casual Shoe for Men Size 44 EU - White,Casual & Dress Shoes,Lacoste Casual Shoe for Men Size 44 EU - White,1,359,359,Debit Card,2024,3,March,Tuesday
ORD-2024-00903,16-Nov-24,C0048,P0044,"Nike Revolution 5 Sneaker for Men , Size 43 EU , White",Athletic Shoes,"Nike Revolution 5 Sneaker for Men , Size 43 EU , White",2,259,518,Wallet,2024,11,November,Saturday
ORD-2024-00904,17-Dec-24,C0046,P0338,"Dunhill Desire for Men - Eau de Toilette, 100ml",Perfumes & Fragrances,"Dunhill Desire for Men - Eau de Toilette, 100ml",1,305,305,Net Banking,2024,12,December,Tuesday
ORD-2024-00905,24-Dec-24,C0649,P0136,Lacoste Casual Shoe for Men Size 44 EU - Navy,Casual & Dress Shoes,Lacoste Casual Shoe for Men Size 44 EU - Navy,1,409,409,Wallet,2024,12,December,Tuesday
ORD-2023-00906,21-Apr-23,C0300,P0578,"Akribos XXIV Men's Brown Dial Leather Band Watch - AK916RG, Analog, Japanese Quartz Movement",Watches,"Akribos XXIV Men's Brown Dial Leather Band Watch - AK916RG, Analog, Japanese Quartz Movement",2,1490,2980,COD,2023,4,April,Friday
ORD-2023-00907,3-Oct-23,C0033,P0296,"Calvin Klein Euphoria for Women - Eau de Parfum, 100ml",Perfumes & Fragrances,"Calvin Klein Euphoria for Women - Eau de Parfum, 100ml",2,357,714,Debit Card,2023,10,October,Tuesday
ORD-2023-00908,17-Sep-23,C0207,P0270,"Ray-Ban Unisex's Rb4075 Sunglasses, Tortoise, 61",Eyewear,"Ray-Ban Unisex's Rb4075 Sunglasses, Tortoise, 61",2,1169,2338,Debit Card,2023,9,September,Sunday
ORD-2023-00909,9-Dec-23,C0325,P0144,"Carrera Sunglasses For Unisex - Green Lens, 149/S-6Lb, Aviator Frame",Eyewear,"Carrera Sunglasses For Unisex - Green Lens, 149/S-6Lb, Aviator Frame",8,750,6000,Debit Card,2023,12,December,Saturday
ORD-2025-00910,21-Jan-25,C0501,P0580,"August Steiner Men's Black Dial Stainless Steel Band Watch - AS8050RG, Analog, Swiss Quartz",Watches,"August Steiner Men's Black Dial Stainless Steel Band Watch - AS8050RG, Analog, Swiss Quartz",1,1490,1490,Debit Card,2025,1,January,Tuesday
ORD-2025-00911,29-Jun-25,C0404,P0115,"Puma Fashion Sneakers Casual Shoe  For Men , Navy , 43 EU",Casual & Dress Shoes,"Puma Fashion Sneakers Casual Shoe  For Men , Navy , 43 EU",3,255,765,Debit Card,2025,6,June,Sunday
ORD-2023-00912,19-Nov-23,C0194,P0492,Ferrari Casual Watch For Men Analog Leather - 830388,Watches,Ferrari Casual Watch For Men Analog Leather - 830388,1,1045,1045,Net Banking,2023,11,November,Sunday
ORD-2024-00913,1-Nov-24,C0451,P0148,"Ray-Ban Rectangular Unisex Sunglasses - Rb4165 601/71 54-16, Green Lens, Rectangle Frame",Eyewear,"Ray-Ban Rectangular Unisex Sunglasses - Rb4165 601/71 54-16, Green Lens, Rectangle Frame",5,725,3625,UPI,2024,11,November,Friday
ORD-2024-00914,27-Nov-24,C0060,P0353,"Roberto Cavalli Paradiso for Women - Eau de Parfum, 50ml",Perfumes & Fragrances,"Roberto Cavalli Paradiso for Women - Eau de Parfum, 50ml",8,510,4080,UPI,2024,11,November,Wednesday
ORD-2023-00915,1-Oct-23,C0488,P0174,"Carrera Aviator Sunglasses for Unisex , 8010/S-R80-59-12-140-WJ",Eyewear,"Carrera Aviator Sunglasses for Unisex , 8010/S-R80-59-12-140-WJ",5,525,2625,Net Banking,2023,10,October,Sunday
ORD-2023-00916,4-Oct-23,C0458,P0594,"Esprit Casual Watch for Women , Analog , Stainless Steel Band , ES1L038M0105",Watches,"Esprit Casual Watch for Women , Analog , Stainless Steel Band , ES1L038M0105",1,568,568,Net Banking,2023,10,October,Wednesday
ORD-2023-00917,31-Mar-23,C0096,P0575,"Burberry Men's Gold Dial Leather Band Watch - BU9011, Analog, Swiss Quartz",Watches,"Burberry Men's Gold Dial Leather Band Watch - BU9011, Analog, Swiss Quartz",1,1625,1625,Wallet,2023,3,March,Friday
ORD-2024-00918,16-Jun-24,C0382,P0529,"Scuderia Ferrari Watch for Men , Quartz , Stainless Steel - 830635",Watches,"Scuderia Ferrari Watch for Men , Quartz , Stainless Steel - 830635",1,1739.19,1739.19,Debit Card,2024,6,June,Sunday
ORD-2023-00919,21-Jan-23,C0345,P0465,Hugo Boss Dress Watch For Men Analog Leather - 1513279,Watches,Hugo Boss Dress Watch For Men Analog Leather - 1513279,2,1435,2870,Credit Card,2023,1,January,Saturday
ORD-2025-00920,27-Feb-25,C0544,P0302,"Roberto Cavalli For Women - Eau de Parfum, 75ml",Perfumes & Fragrances,"Roberto Cavalli For Women - Eau de Parfum, 75ml",7,525,3675,Debit Card,2025,2,February,Thursday
ORD-2023-00921,12-Jul-23,C0377,P0340,"S.T.Dupont for Women - Eau de Parfum, 100ml",Perfumes & Fragrances,"S.T.Dupont for Women - Eau de Parfum, 100ml",7,141,987,Credit Card,2023,7,July,Wednesday
ORD-2022-00922,3-Jan-22,C0620,P0556,Michael Kors Lexington Women's White Dial Stainless Steel Band Watch - MK3230,Watches,Michael Kors Lexington Women's White Dial Stainless Steel Band Watch - MK3230,2,762,1524,Debit Card,2022,1,January,Monday
ORD-2023-00923,25-Feb-23,C0489,P0309,"Davidoff Hot Water for Men - Eau de Toilette, 110ml",Perfumes & Fragrances,"Davidoff Hot Water for Men - Eau de Toilette, 110ml",4,294,1176,Wallet,2023,2,February,Saturday
ORD-2022-00924,5-Mar-22,C0425,P0389,"Nike 886191, Men's Tank Top, Men's, 886191, black, Medium",Sportswear,"Nike 886191, Men's Tank Top, Men's, 886191, black, Medium",2,269,538,Debit Card,2022,3,March,Saturday
ORD-2023-00925,29-Mar-23,C0650,P0065,"Nike Flexmethod Tr Nylon-Mesh Back Rubber Detail Training Shoes with Pull-Tab for Men - Wolf Grey, 43",Athletic Shoes,"Nike Flexmethod Tr Nylon-Mesh Back Rubber Detail Training Shoes with Pull-Tab for Men - Wolf Grey, 43",2,2924.68,5849.36,Net Banking,2023,3,March,Wednesday
ORD-2022-00926,12-Dec-22,C0326,P0538,Michael Kors Slim Runway Watch for Women - Analog Stainless Steel Band - MK3380,Watches,Michael Kors Slim Runway Watch for Women - Analog Stainless Steel Band - MK3380,1,710,710,Net Banking,2022,12,December,Monday
ORD-2024-00927,7-Dec-24,C0606,P0237,"Polaroid Aviator Sunglasses for Unisex, Silver",Eyewear,"Polaroid Aviator Sunglasses for Unisex, Silver",2,750,1500,Debit Card,2024,12,December,Saturday
ORD-2024-00928,29-Jan-24,C0308,P0529,"Scuderia Ferrari Watch for Men , Quartz , Stainless Steel - 830635",Watches,"Scuderia Ferrari Watch for Men , Quartz , Stainless Steel - 830635",3,4116,12348,Credit Card,2024,1,January,Monday
ORD-2024-00929,28-Aug-24,C0032,P0328,"Chopard Wish for Women - Eau de Parfum, 75ml",Perfumes & Fragrances,"Chopard Wish for Women - Eau de Parfum, 75ml",3,209,627,Debit Card,2024,8,August,Wednesday
ORD-2024-00930,29-Dec-24,C0324,P0201,"U.S. Polo Assn. Sunglasses For Men - Brown, 711 BRN",Eyewear,"U.S. Polo Assn. Sunglasses For Men - Brown, 711 BRN",1,240,240,COD,2024,12,December,Sunday
ORD-2025-00931,27-Mar-25,C0535,P0258,"Fendi Sunglasses For Women, Alloy, Pink, Ff 0177/S 0J, Cat Eye Frame",Eyewear,"Fendi Sunglasses For Women, Alloy, Pink, Ff 0177/S 0J, Cat Eye Frame",2,1250,2500,COD,2025,3,March,Thursday
ORD-2022-00932,17-Nov-22,C0219,P0564,"Casio Women'S Digital Dial Stainless Steel Band Watch La670Wa 1Df, Quartz",Watches,"Casio Women'S Digital Dial Stainless Steel Band Watch La670Wa 1Df, Quartz",7,78,546,Wallet,2022,11,November,Thursday
ORD-2023-00933,14-Jun-23,C0017,P0561,"JBW Wrist Watch for Women Diamond Inlay 12 Piece , Stainless Steel ,J6346C",Watches,"JBW Wrist Watch for Women Diamond Inlay 12 Piece , Stainless Steel ,J6346C",1,3749,3749,UPI,2023,6,June,Wednesday
ORD-2025-00934,31-Mar-25,C0469,P0085,"Asics Gel-Kayano 5 OG Sneakers for Men, White, 44 EU",Athletic Shoes,"Asics Gel-Kayano 5 OG Sneakers for Men, White, 44 EU",1,489,489,Debit Card,2025,3,March,Monday
ORD-2023-00935,30-Apr-23,C0118,P0474,"August Steiner Men's Gold-Tone And Blue Dial Leather Band Watch - AS8183SSB, Analog, Japanese Quartz Movement",Watches,"August Steiner Men's Gold-Tone And Blue Dial Leather Band Watch - AS8183SSB, Analog, Japanese Quartz Movement",3,1600,4800,Net Banking,2023,4,April,Sunday
ORD-2023-00936,9-Mar-23,C0191,P0544,Michael Kors Darci Watch for Women - Analog Stainless Steel Band - MK3406,Watches,Michael Kors Darci Watch for Women - Analog Stainless Steel Band - MK3406,2,1127,2254,Credit Card,2023,3,March,Thursday
ORD-2023-00937,22-Apr-23,C0227,P0381,Adidas Design 2 Move Climacool Logo Tee For Men - Black,Sportswear,Adidas Design 2 Move Climacool Logo Tee For Men - Black,2,4707.97,9415.94,UPI,2023,4,April,Saturday
ORD-2025-00938,11-Jun-25,C0602,P0208,"Calvin Klein Round Sunglasses for Men - Blue lens, CK18104S-045",Eyewear,"Calvin Klein Round Sunglasses for Men - Blue lens, CK18104S-045",3,890,2670,Wallet,2025,6,June,Wednesday
ORD-2024-00939,9-Mar-24,C0025,P0479,"Diesel Mini Daddy For Men Black Dial Leather Band Watch Dz7307, Japanese Quartz, Analog",Watches,"Diesel Mini Daddy For Men Black Dial Leather Band Watch Dz7307, Japanese Quartz, Analog",3,1100,3300,Debit Card,2024,3,March,Saturday
ORD-2024-00940,12-Nov-24,C0245,P0288,"Ray-Ban Clubmaster Women's Sunglasses - Rb4256-60926G-49 - 49-20-145, Grey Lens",Eyewear,"Ray-Ban Clubmaster Women's Sunglasses - Rb4256-60926G-49 - 49-20-145, Grey Lens",1,562,562,Debit Card,2024,11,November,Tuesday
ORD-2024-00941,18-Sep-24,C0260,P0326,"Davidoff Champion for Men - Eau de Toilette, 90ml",Perfumes & Fragrances,"Davidoff Champion for Men - Eau de Toilette, 90ml",5,370,1850,Credit Card,2024,9,September,Wednesday
ORD-2024-00942,18-Aug-24,C0462,P0098,"Lacoste Europa Lace Up Shoes For Men Size 42 EU, Black",Casual & Dress Shoes,"Lacoste Europa Lace Up Shoes For Men Size 42 EU, Black",1,459,459,UPI,2024,8,August,Sunday
ORD-2023-00943,5-May-23,C0406,P0025,"Nike Sport Sneaker Shoes for Men , 44 EU , Black",Athletic Shoes,"Nike Sport Sneaker Shoes for Men , 44 EU , Black",1,319,319,Debit Card,2023,5,May,Friday
ORD-2022-00944,26-Aug-22,C0354,P0218,"Ray-Ban RB1971 914731 Square Sunglasses for Unisex , Lens 54 mm",Eyewear,"Ray-Ban RB1971 914731 Square Sunglasses for Unisex , Lens 54 mm",1,997,997,Debit Card,2022,8,August,Friday
ORD-2024-00945,14-Feb-24,C0196,P0229,"Polaroid Cat Eye Women's Sunglasses - Pld 4066/S 08657La, Brown Lens",Eyewear,"Polaroid Cat Eye Women's Sunglasses - Pld 4066/S 08657La, Brown Lens",1,250,250,Wallet,2024,2,February,Wednesday
ORD-2023-00946,20-Sep-23,C0559,P0355,"Juicy Couture Viva La Juicy for Women - Eau de Parfum, 100ml",Perfumes & Fragrances,"Juicy Couture Viva La Juicy for Women - Eau de Parfum, 100ml",1,218,218,Wallet,2023,9,September,Wednesday
ORD-2025-00947,15-Apr-25,C0607,P0476,Lacoste Men's Blue Dial Stainless Steel Band Watch - 2010953L,Watches,Lacoste Men's Blue Dial Stainless Steel Band Watch - 2010953L,3,965,2895,Credit Card,2025,4,April,Tuesday
ORD-2024-00948,17-Jun-24,C0572,P0392,"Tommy Hilfiger Bifold WAllet For Women,LeAther,Multi Color",Wallets,"Tommy Hilfiger Bifold WAllet For Women,LeAther,Multi Color",2,469,938,Wallet,2024,6,June,Monday
ORD-2022-00949,29-Sep-22,C0358,P0068,Asics Gel-Nimbus 21 Sp Sneaker for Women Multi Color 38 EU,Athletic Shoes,Asics Gel-Nimbus 21 Sp Sneaker for Women Multi Color 38 EU,2,629,1258,UPI,2022,9,September,Thursday
ORD-2022-00950,16-Nov-22,C0447,P0362,"Under Armour T-Shirt for Men, Size L - Grey",Sportswear,"Under Armour T-Shirt for Men, Size L - Grey",3,139,417,Wallet,2022,11,November,Wednesday
ORD-2024-00951,22-Feb-24,C0276,P0175,"Ray Ban Sunglasses for Men - Size 55, Black Frame, 0RB4165 622 2V55",Eyewear,"Ray Ban Sunglasses for Men - Size 55, Black Frame, 0RB4165 622 2V55",3,820,2460,Debit Card,2024,2,February,Thursday
ORD-2022-00952,31-Aug-22,C0604,P0127,"Nike Air Force 1 '07 Sneaker For Men , Grey",Casual & Dress Shoes,"Nike Air Force 1 '07 Sneaker For Men , Grey",1,529,529,Debit Card,2022,8,August,Wednesday
ORD-2023-00953,23-Dec-23,C0431,P0083,"Asics Gel-Kayano 5 OG Sneakers for Men, White, 42.5 EU",Athletic Shoes,"Asics Gel-Kayano 5 OG Sneakers for Men, White, 42.5 EU",1,489,489,UPI,2023,12,December,Saturday
ORD-2023-00954,13-Jan-23,C0453,P0368,Adidas Must Haves 3-Stripes Sport T-Shirt for Men - Black & White,Sportswear,Adidas Must Haves 3-Stripes Sport T-Shirt for Men - Black & White,3,140,420,Wallet,2023,1,January,Friday
ORD-2024-00955,8-Dec-24,C0548,P0535,Hugo Boss Essential Men's Silver White Dial Stainless Steel Band Watch - 1513650,Watches,Hugo Boss Essential Men's Silver White Dial Stainless Steel Band Watch - 1513650,2,1125,2250,COD,2024,12,December,Sunday
ORD-2023-00956,29-Dec-23,C0098,P0034,"Nike Downshifter 9 Sneaker for Men , Size 41 EU , Red",Athletic Shoes,"Nike Downshifter 9 Sneaker for Men , Size 41 EU , Red",1,319,319,Net Banking,2023,12,December,Friday
ORD-2024-00957,21-Jul-24,C0043,P0337,"Scuderia Ferrari Black for Men - Eau de Toilette, 125ml",Perfumes & Fragrances,"Scuderia Ferrari Black for Men - Eau de Toilette, 125ml",4,199,796,COD,2024,7,July,Sunday
ORD-2023-00958,30-Jul-23,C0274,P0520,"Emporio Armani Classic Men'S Blue Dial Stainless Steel Band Watch Ar2477, Japanese Quartz, Analog",Watches,"Emporio Armani Classic Men'S Blue Dial Stainless Steel Band Watch Ar2477, Japanese Quartz, Analog",3,1149,3447,COD,2023,7,July,Sunday
ORD-2024-00959,20-Nov-24,C0580,P0326,"Davidoff Champion for Men - Eau de Toilette, 90ml",Perfumes & Fragrances,"Davidoff Champion for Men - Eau de Toilette, 90ml",1,370,370,Wallet,2024,11,November,Wednesday
ORD-2025-00960,3-Mar-25,C0277,P0061,"adidas VS PACE Sneaker for Mens, WHITE - Size 41.3 EU",Athletic Shoes,"adidas VS PACE Sneaker for Mens, WHITE - Size 41.3 EU",2,249,498,Credit Card,2025,3,March,Monday
ORD-2025-00961,18-May-25,C0059,P0140,Lacoste Casual Shoe for Men Size 42 EU - White,Casual & Dress Shoes,Lacoste Casual Shoe for Men Size 42 EU - White,3,379,1137,COD,2025,5,May,Sunday
ORD-2024-00962,12-Mar-24,C0549,P0256,CARRERA Men's Sunglasses Aviator Carrera 1005/S Whit Gold,Eyewear,CARRERA Men's Sunglasses Aviator Carrera 1005/S Whit Gold,4,800,3200,Net Banking,2024,3,March,Tuesday
ORD-2022-00963,23-May-22,C0243,P0404,Montblanc bifold Wallet For Men Sartorial 118391-Black,Wallets,Montblanc bifold Wallet For Men Sartorial 118391-Black,8,850,6800,Debit Card,2022,5,May,Monday
ORD-2023-00964,21-Jul-23,C0039,P0579,"Akribos XXIV Men's Black Dial Stainless Steel Band Watch - AK901YGB, Analog, Japanese Quartz Movement",Watches,"Akribos XXIV Men's Black Dial Stainless Steel Band Watch - AK901YGB, Analog, Japanese Quartz Movement",3,2240,6720,Debit Card,2023,7,July,Friday
ORD-2023-00965,27-Nov-23,C0515,P0176,CARRERA Men's Sunglasses Round Carrera 126/S Shnblckgd,Eyewear,CARRERA Men's Sunglasses Round Carrera 126/S Shnblckgd,3,750,2250,COD,2023,11,November,Monday
ORD-2025-00966,18-May-25,C0062,P0585,Casio MTP-1314D-2A Analog Quartz Stainless Steel Casual Watch for Men - Silver,Watches,Casio MTP-1314D-2A Analog Quartz Stainless Steel Casual Watch for Men - Silver,1,400,400,Debit Card,2025,5,May,Sunday
ORD-2022-00967,14-Mar-22,C0669,P0320,"Bentley Intense for Men - Eau de Parfum, 100ml",Perfumes & Fragrances,"Bentley Intense for Men - Eau de Parfum, 100ml",7,294,2058,UPI,2022,3,March,Monday
ORD-2023-00968,7-Jul-23,C0161,P0017,"Skechers GO WALK 5 Sneaker for Men , Size 43 EU , Black",Athletic Shoes,"Skechers GO WALK 5 Sneaker for Men , Size 43 EU , Black",7,349,2443,Net Banking,2023,7,July,Friday
ORD-2024-00969,24-Nov-24,C0302,P0205,Polaroid Wayfarer Men's Sunglasses - PLD 2056/S 00358M9,Eyewear,Polaroid Wayfarer Men's Sunglasses - PLD 2056/S 00358M9,1,250,250,Debit Card,2024,11,November,Sunday
ORD-2023-00970,6-Dec-23,C0163,P0056,"Skechers FLEX ADVANTAGE 3.0 Sneaker for Men , Size 42 EU , Brown",Athletic Shoes,"Skechers FLEX ADVANTAGE 3.0 Sneaker for Men , Size 42 EU , Brown",2,269,538,Debit Card,2023,12,December,Wednesday
ORD-2023-00971,10-Nov-23,C0436,P0195,"Tom Ford Men's Sunglasses Aviator Marley, Black/Blue",Eyewear,"Tom Ford Men's Sunglasses Aviator Marley, Black/Blue",1,1256,1256,Net Banking,2023,11,November,Friday
ORD-2022-00972,30-Nov-22,C0514,P0060,Nike Shoes for Women -  Multi Color -  Size 39 EU,Athletic Shoes,Nike Shoes for Women -  Multi Color -  Size 39 EU,2,399,798,UPI,2022,11,November,Wednesday
ORD-2023-00973,9-Dec-23,C0128,P0259,"Ray-Ban Clubmaster Women's Sunglasses - Rb4256-609255-49 - 49-20-145, Blue Lens",Eyewear,"Ray-Ban Clubmaster Women's Sunglasses - Rb4256-609255-49 - 49-20-145, Blue Lens",3,662,1986,Net Banking,2023,12,December,Saturday
ORD-2022-00974,29-Sep-22,C0420,P0455,"Akribos XXIV Men's Silver Dial Stainless Steel Band Watch - AK813SS, Analog, Swiss Quartz",Watches,"Akribos XXIV Men's Silver Dial Stainless Steel Band Watch - AK813SS, Analog, Swiss Quartz",6,2610,15660,Net Banking,2022,9,September,Thursday
ORD-2022-00975,7-Mar-22,C0405,P0171,CARRERA Men's Sunglasses Rectangular 130/S - Gold,Eyewear,CARRERA Men's Sunglasses Rectangular 130/S - Gold,1,750,750,Credit Card,2022,3,March,Monday
ORD-2022-00976,6-Nov-22,C0454,P0555,Casio G-Shock Men's Watch GA100B-7ADR,Watches,Casio G-Shock Men's Watch GA100B-7ADR,1,672,672,COD,2022,11,November,Sunday
ORD-2022-00977,15-Nov-22,C0429,P0071,Ellesse Smash Shoe For Men (White - 43 EU),Athletic Shoes,Ellesse Smash Shoe For Men (White - 43 EU),1,289,289,Wallet,2022,11,November,Tuesday
ORD-2023-00978,6-Aug-23,C0470,P0059,"adidas Pro Next 2019 GCA Sneaker for Men , Size 42.7 EU , Black",Athletic Shoes,"adidas Pro Next 2019 GCA Sneaker for Men , Size 42.7 EU , Black",2,389,778,Net Banking,2023,8,August,Sunday
ORD-2024-00979,30-Aug-24,C0310,P0386,Under Armour Mid Crossback Training Sports Bra for Women,Sportswear,Under Armour Mid Crossback Training Sports Bra for Women,2,139,278,Debit Card,2024,8,August,Friday
ORD-2022-00980,3-Dec-22,C0204,P0230,"Carrera Sunglasses for Unisex - Black Lens,  1005/S TI7",Eyewear,"Carrera Sunglasses for Unisex - Black Lens,  1005/S TI7",3,750,2250,Wallet,2022,12,December,Saturday
ORD-2023-00981,9-Sep-23,C0223,P0329,"Trussardi Donna for Women - Eau de Parfum, 100ml",Perfumes & Fragrances,"Trussardi Donna for Women - Eau de Parfum, 100ml",1,314,314,Net Banking,2023,9,September,Saturday
ORD-2024-00982,13-Nov-24,C0117,P0104,Hugo Boss Casual Shoe for Men Size 43 EU - Navy,Casual & Dress Shoes,Hugo Boss Casual Shoe for Men Size 43 EU - Navy,2,759,1518,UPI,2024,11,November,Wednesday
ORD-2024-00983,14-Aug-24,C0241,P0179,Ray-Ban Rb3025-002/58 Aviator Unisex Sunglasses,Eyewear,Ray-Ban Rb3025-002/58 Aviator Unisex Sunglasses,1,985,985,Net Banking,2024,8,August,Wednesday
ORD-2025-00984,18-May-25,C0275,P0529,"Scuderia Ferrari Watch for Men , Quartz , Stainless Steel - 830635",Watches,"Scuderia Ferrari Watch for Men , Quartz , Stainless Steel - 830635",3,591.21,1773.63,Wallet,2025,5,May,Sunday
ORD-2022-00985,31-Dec-22,C0283,P0006,"Nike Sport Sneaker Shoes for Men , 44 EU , White",Athletic Shoes,"Nike Sport Sneaker Shoes for Men , 44 EU , White",2,319,638,Credit Card,2022,12,December,Saturday
ORD-2023-00986,5-Dec-23,C0397,P0022,"Puma Ella Sneaker For Women, Size 39 EU - Color White",Athletic Shoes,"Puma Ella Sneaker For Women, Size 39 EU - Color White",2,249,498,Debit Card,2023,12,December,Tuesday
ORD-2023-00987,2-Jan-23,C0335,P0382,Adidas Essentials Linear T-Shirt For Women - Black,Sportswear,Adidas Essentials Linear T-Shirt For Women - Black,3,3987.35,11962.05,Credit Card,2023,1,January,Monday
ORD-2023-00988,21-Nov-23,C0341,P0072,Ellesse Pamplona Shoe For Women (Black - 39 EU),Athletic Shoes,Ellesse Pamplona Shoe For Women (Black - 39 EU),2,289,578,Credit Card,2023,11,November,Tuesday
ORD-2024-00989,4-Dec-24,C0544,P0023,Adidas Asweerun Running Shoes For Men - Core Black,Athletic Shoes,Adidas Asweerun Running Shoes For Men - Core Black,2,255,510,COD,2024,12,December,Wednesday
ORD-2024-00990,25-Sep-24,C0487,P0528,"Casio Tough Solar Sports Men'S Black Dial Resin Band Watch Aq S810W 1Bv, Quartz, Analog",Watches,"Casio Tough Solar Sports Men'S Black Dial Resin Band Watch Aq S810W 1Bv, Quartz, Analog",3,346,1038,COD,2024,9,September,Wednesday
ORD-2024-00991,26-Mar-24,C0285,P0442,Scuderia Ferrari Forza Men's Black Dial Silicone Band Watch - 830576,Watches,Scuderia Ferrari Forza Men's Black Dial Silicone Band Watch - 830576,1,795,795,Credit Card,2024,3,March,Tuesday
ORD-2025-00992,26-Apr-25,C0354,P0337,"Scuderia Ferrari Black for Men - Eau de Toilette, 125ml",Perfumes & Fragrances,"Scuderia Ferrari Black for Men - Eau de Toilette, 125ml",2,199,398,Credit Card,2025,4,April,Saturday
ORD-2024-00993,9-Sep-24,C0402,P0251,"Ray-Ban Erika Unisex Sunglasses - 4243 6225/19 49, Blue Lens",Eyewear,"Ray-Ban Erika Unisex Sunglasses - 4243 6225/19 49, Blue Lens",2,720,1440,Debit Card,2024,9,September,Monday
ORD-2023-00994,18-Feb-23,C0424,P0226,"Ray Ban Sunglasses, Unisex, Black, 4253, 50, 601, 71, Round Frame",Eyewear,"Ray Ban Sunglasses, Unisex, Black, 4253, 50, 601, 71, Round Frame",3,850,2550,Net Banking,2023,2,February,Saturday
ORD-2025-00995,28-Jan-25,C0115,P0378,"Champion Hemmed Edge Pants For Men, S, Black",Sportswear,"Champion Hemmed Edge Pants For Men, S, Black",1,159,159,COD,2025,1,January,Tuesday
ORD-2024-00996,27-Jul-24,C0539,P0495,"Casio Unisex Ana Digi Dial Stainless Steel Band Watch Aq230A 1Dmq, Quartz, Analog Digital",Watches,"Casio Unisex Ana Digi Dial Stainless Steel Band Watch Aq230A 1Dmq, Quartz, Analog Digital",2,154,308,UPI,2024,7,July,Saturday
ORD-2023-00997,26-May-23,C0486,P0564,"Casio Women'S Digital Dial Stainless Steel Band Watch La670Wa 1Df, Quartz",Watches,"Casio Women'S Digital Dial Stainless Steel Band Watch La670Wa 1Df, Quartz",1,78,78,Wallet,2023,5,May,Friday
ORD-2024-00998,11-Jan-24,C0129,P0232,"Polaroid Sunglasses For Unisex, Black- Pld 2054/S-003 M9, Square Frame",Eyewear,"Polaroid Sunglasses For Unisex, Black- Pld 2054/S-003 M9, Square Frame",1,250,250,Debit Card,2024,1,January,Thursday
ORD-2022-00999,20-Jun-22,C0279,P0114,Lacoste Casual Shoe For Men Size 43 EU - White,Casual & Dress Shoes,Lacoste Casual Shoe For Men Size 43 EU - White,1,539,539,Net Banking,2022,6,June,Monday
ORD-2022-01000,20-Jun-22,C0406,P0515,Michael Kors Parker Women's Pink Dial Stainless Steel Band Chronograph Watch - MK6140,Watches,Michael Kors Parker Women's Pink Dial Stainless Steel Band Chronograph Watch - MK6140,1,909,909,UPI,2022,6,June,Monday
ORD-2022-01001,9-May-22,C0220,P0461,Tissot Casual Watch For Women Analog Stainless Steel - T023.309.11.031.00,Watches,Tissot Casual Watch For Women Analog Stainless Steel - T023.309.11.031.00,1,1580,1580,Credit Card,2022,5,May,Monday
ORD-2023-01002,19-Nov-23,C0106,P0081,"Asics Gel-Kayano 5.1 Sneakers for Men, White, 42 EU",Athletic Shoes,"Asics Gel-Kayano 5.1 Sneakers for Men, White, 42 EU",1,379,379,COD,2023,11,November,Sunday
ORD-2025-01003,27-Apr-25,C0058,P0328,"Chopard Wish for Women - Eau de Parfum, 75ml",Perfumes & Fragrances,"Chopard Wish for Women - Eau de Parfum, 75ml",2,209,418,Wallet,2025,4,April,Sunday
ORD-2024-01004,11-Jul-24,C0380,P0080,"Asics Gel-Saga SOU Sneakers for Men, White, 42.5 EU",Athletic Shoes,"Asics Gel-Saga SOU Sneakers for Men, White, 42.5 EU",4,339,1356,Wallet,2024,7,July,Thursday
ORD-2023-01005,29-Nov-23,C0092,P0262,"Ray-Ban Erika Unisex Sunglasses - 4258 6230/7J 50, Pink Lens",Eyewear,"Ray-Ban Erika Unisex Sunglasses - 4258 6230/7J 50, Pink Lens",1,840,840,Net Banking,2023,11,November,Wednesday
ORD-2022-01006,29-Jul-22,C0410,P0122,Lacoste Casual Shoe For Men Size 45 EU - White,Casual & Dress Shoes,Lacoste Casual Shoe For Men Size 45 EU - White,4,449,1796,Credit Card,2022,7,July,Friday
ORD-2023-01007,28-Nov-23,C0221,P0312,"Calvin Klein Ck One Shock for Men - Eau de Toilette, 200ml",Perfumes & Fragrances,"Calvin Klein Ck One Shock for Men - Eau de Toilette, 200ml",2,394,788,Wallet,2023,11,November,Tuesday
ORD-2024-01008,5-Dec-24,C0167,P0399,Levis Bifold Mens Wallet - 31LV240012-Black,Wallets,Levis Bifold Mens Wallet - 31LV240012-Black,2,110,220,Credit Card,2024,12,December,Thursday
ORD-2024-01009,19-May-24,C0550,P0063,"Skechers GO WALK 5 Sneaker for Men , Size 43.5 EU , Grey",Athletic Shoes,"Skechers GO WALK 5 Sneaker for Men , Size 43.5 EU , Grey",1,289,289,UPI,2024,5,May,Sunday
ORD-2022-01010,3-Oct-22,C0639,P0318,"Elizabeth Arden 5th Avenue for Women - Eau de Parfum, 125ml",Perfumes & Fragrances,"Elizabeth Arden 5th Avenue for Women - Eau de Parfum, 125ml",4,385,1540,Debit Card,2022,10,October,Monday
ORD-2023-01011,30-Dec-23,C0607,P0592,"Emporio Armani Watch For Men Leather Quartz Ar1945, Analog",Watches,"Emporio Armani Watch For Men Leather Quartz Ar1945, Analog",1,980,980,Wallet,2023,12,December,Saturday
ORD-2022-01012,24-Sep-22,C0631,P0056,"Skechers FLEX ADVANTAGE 3.0 Sneaker for Men , Size 42 EU , Brown",Athletic Shoes,"Skechers FLEX ADVANTAGE 3.0 Sneaker for Men , Size 42 EU , Brown",1,269,269,COD,2022,9,September,Saturday
ORD-2024-01013,21-Oct-24,C0525,P0275,"Arnette Sunglasses, Square, For Women, Grey, 0An4243 252181 60",Eyewear,"Arnette Sunglasses, Square, For Women, Grey, 0An4243 252181 60",1,500,500,Wallet,2024,10,October,Monday
ORD-2023-01014,23-Nov-23,C0603,P0043,"Adidas Grand Court Base Faux Leather Contrast Side Stripe Heel Tab Logo Tennis Shoes for Women - White, 40",Athletic Shoes,"Adidas Grand Court Base Faux Leather Contrast Side Stripe Heel Tab Logo Tennis Shoes for Women - White, 40",2,259,518,Debit Card,2023,11,November,Thursday
ORD-2025-01015,7-Jan-25,C0424,P0235,"Polaroid  Aviator Sunglasses For Unisex  - Multi Color , PLD 6012/N",Eyewear,"Polaroid  Aviator Sunglasses For Unisex  - Multi Color , PLD 6012/N",1,350,350,COD,2025,1,January,Tuesday
ORD-2023-01016,12-Nov-23,C0615,P0119,"Lacoste Graduate Lace Up Shoes For Men Size 46 EU, White",Casual & Dress Shoes,"Lacoste Graduate Lace Up Shoes For Men Size 46 EU, White",7,449,3143,Wallet,2023,11,November,Sunday
ORD-2024-01017,29-Feb-24,C0512,P0263,"Ray-Ban Men's Aviator Large Metal Aviator Sunglasses, Gold (Frames: gold Glass: Course light blue 001/3F), 58 mm",Eyewear,"Ray-Ban Men's Aviator Large Metal Aviator Sunglasses, Gold (Frames: gold Glass: Course light blue 001/3F), 58 mm",3,802,2406,Net Banking,2024,2,February,Thursday
ORD-2023-01018,15-Apr-23,C0599,P0519,"Fossil Jacqueline Women'S Rose Gold Dial Stainless Steel Band Watch Es3546, Quartz, Analog",Watches,"Fossil Jacqueline Women'S Rose Gold Dial Stainless Steel Band Watch Es3546, Quartz, Analog",1,1452,1452,Debit Card,2023,4,April,Saturday
ORD-2024-01019,18-Mar-24,C0638,P0379,adidas   Color Block High Rise 3/4 Logo Print Sport Tights for Women - Black,Sportswear,adidas   Color Block High Rise 3/4 Logo Print Sport Tights for Women - Black,4,189,756,COD,2024,3,March,Monday
ORD-2024-01020,11-Dec-24,C0082,P0538,Michael Kors Slim Runway Watch for Women - Analog Stainless Steel Band - MK3380,Watches,Michael Kors Slim Runway Watch for Women - Analog Stainless Steel Band - MK3380,2,710,1420,Debit Card,2024,12,December,Wednesday
ORD-2022-01021,3-Nov-22,C0365,P0158,Ray-Ban Aviator Unisex Sunglasses - RB3025-004-58-58,Eyewear,Ray-Ban Aviator Unisex Sunglasses - RB3025-004-58-58,1,900,900,Debit Card,2022,11,November,Thursday
ORD-2024-01022,3-Dec-24,C0018,P0359,"Adidas Spain Home Football Jersey For Men - Red, L",Sportswear,"Adidas Spain Home Football Jersey For Men - Red, L",9,419,3771,Wallet,2024,12,December,Tuesday
ORD-2022-01023,5-Jul-22,C0250,P0588,Casio Women's Analog Dial Stainless Steel  Band Watch - LTP-1308SG-7AVDF,Watches,Casio Women's Analog Dial Stainless Steel  Band Watch - LTP-1308SG-7AVDF,2,263,526,Net Banking,2022,7,July,Tuesday
ORD-2022-01024,23-Oct-22,C0188,P0331,"Eternity by Calvin Klein for Men - Eau de Toilette, 100ml",Perfumes & Fragrances,"Eternity by Calvin Klein for Men - Eau de Toilette, 100ml",2,322,644,Debit Card,2022,10,October,Sunday
ORD-2022-01025,5-Jun-22,C0071,P0310,"Oud Sharqia for Unisex - Eau de Parfum, 80ml",Perfumes & Fragrances,"Oud Sharqia for Unisex - Eau de Parfum, 80ml",1,157,157,Debit Card,2022,6,June,Sunday
ORD-2025-01026,31-Jan-25,C0613,P0070,Ellesse Pamplona Shoe For Women (Black - 38 EU),Athletic Shoes,Ellesse Pamplona Shoe For Women (Black - 38 EU),2,289,578,Wallet,2025,1,January,Friday
ORD-2025-01027,28-Apr-25,C0230,P0279,"Ray-Ban Aviator Unisex Sunglasses - 3540 198/9U 56, Blue Lens",Eyewear,"Ray-Ban Aviator Unisex Sunglasses - 3540 198/9U 56, Blue Lens",3,950,2850,Wallet,2025,4,April,Monday
ORD-2024-01028,1-Dec-24,C0020,P0057,Nike Sb Check Solar Cnvs Sneaker For Men (Black - 43 EU),Athletic Shoes,Nike Sb Check Solar Cnvs Sneaker For Men (Black - 43 EU),4,299,1196,Wallet,2024,12,December,Sunday
ORD-2023-01029,22-May-23,C0085,P0254,"Ray-Ban Round Unisex Sunglasses - 4257 6092/55 53, Blue Lens",Eyewear,"Ray-Ban Round Unisex Sunglasses - 4257 6092/55 53, Blue Lens",1,890,890,Wallet,2023,5,May,Monday
ORD-2025-01030,18-Jan-25,C0346,P0022,"Puma Ella Sneaker For Women, Size 39 EU - Color White",Athletic Shoes,"Puma Ella Sneaker For Women, Size 39 EU - Color White",1,249,249,Wallet,2025,1,January,Saturday
ORD-2022-01031,7-Dec-22,C0566,P0442,Scuderia Ferrari Forza Men's Black Dial Silicone Band Watch - 830576,Watches,Scuderia Ferrari Forza Men's Black Dial Silicone Band Watch - 830576,7,795,5565,COD,2022,12,December,Wednesday
ORD-2022-01032,6-Feb-22,C0308,P0245,"Miu Miu Rimless Women's Sunglasses - 56Ts-Xej1A1 - 63 mm, Black Lens",Eyewear,"Miu Miu Rimless Women's Sunglasses - 56Ts-Xej1A1 - 63 mm, Black Lens",2,2000,4000,Debit Card,2022,2,February,Sunday
ORD-2024-01033,21-Dec-24,C0269,P0451,Hugo Boss Casual Round Watch for Men,Watches,Hugo Boss Casual Round Watch for Men,8,1285,10280,COD,2024,12,December,Saturday
ORD-2022-01034,29-May-22,C0406,P0538,Michael Kors Slim Runway Watch for Women - Analog Stainless Steel Band - MK3380,Watches,Michael Kors Slim Runway Watch for Women - Analog Stainless Steel Band - MK3380,7,710,4970,Net Banking,2022,5,May,Sunday
ORD-2023-01035,31-Oct-23,C0643,P0058,"Under Armour Jet Sneakers for Men , Size 41/42 EU",Athletic Shoes,"Under Armour Jet Sneakers for Men , Size 41/42 EU",6,369,2214,Credit Card,2023,10,October,Tuesday
ORD-2024-01036,1-Dec-24,C0081,P0119,"Lacoste Graduate Lace Up Shoes For Men Size 46 EU, White",Casual & Dress Shoes,"Lacoste Graduate Lace Up Shoes For Men Size 46 EU, White",1,449,449,UPI,2024,12,December,Sunday
ORD-2022-01037,7-Dec-22,C0219,P0102,"Geox U KAVEN Fashion Sneakers For Men , size 43 EU , Black",Casual & Dress Shoes,"Geox U KAVEN Fashion Sneakers For Men , size 43 EU , Black",1,479,479,Wallet,2022,12,December,Wednesday
ORD-2022-01038,24-Jul-22,C0650,P0008,"Nike Fitness Shoes For Men , 44.5 EU , Gray",Athletic Shoes,"Nike Fitness Shoes For Men , 44.5 EU , Gray",2,389,778,UPI,2022,7,July,Sunday
ORD-2025-01039,24-Jun-25,C0320,P0520,"Emporio Armani Classic Men'S Blue Dial Stainless Steel Band Watch Ar2477, Japanese Quartz, Analog",Watches,"Emporio Armani Classic Men'S Blue Dial Stainless Steel Band Watch Ar2477, Japanese Quartz, Analog",4,1149,4596,Credit Card,2025,6,June,Tuesday
ORD-2022-01040,17-Jul-22,C0233,P0142,"Geox U FEDERICO Fashion Sneakers For Men , size 44 EU , Black",Casual & Dress Shoes,"Geox U FEDERICO Fashion Sneakers For Men , size 44 EU , Black",1,579,579,COD,2022,7,July,Sunday
ORD-2023-01041,31-Dec-23,C0295,P0134,Lacoste Casual Shoe for Men Size 44 EU - Black,Casual & Dress Shoes,Lacoste Casual Shoe for Men Size 44 EU - Black,1,639,639,Net Banking,2023,12,December,Sunday
ORD-2024-01042,21-Mar-24,C0646,P0287,Sunglasses Diane von Furstenberg DVF 143 S FIONA 237 DARK TORTOISE,Eyewear,Sunglasses Diane von Furstenberg DVF 143 S FIONA 237 DARK TORTOISE,1,594,594,Wallet,2024,3,March,Thursday
ORD-2022-01043,29-Dec-22,C0439,P0050,"Nike Viale Sneaker for Men , Size 45 EU , Black",Athletic Shoes,"Nike Viale Sneaker for Men , Size 45 EU , Black",1,389,389,UPI,2022,12,December,Thursday
ORD-2025-01044,11-Jan-25,C0575,P0328,"Chopard Wish for Women - Eau de Parfum, 75ml",Perfumes & Fragrances,"Chopard Wish for Women - Eau de Parfum, 75ml",2,209,418,Wallet,2025,1,January,Saturday
ORD-2024-01045,3-Mar-24,C0440,P0123,Lacoste Casual Shoe for Men Size 44 EU - White,Casual & Dress Shoes,Lacoste Casual Shoe for Men Size 44 EU - White,4,359,1436,Credit Card,2024,3,March,Sunday
ORD-2025-01046,30-May-25,C0378,P0381,Adidas Design 2 Move Climacool Logo Tee For Men - Black,Sportswear,Adidas Design 2 Move Climacool Logo Tee For Men - Black,1,3503.38,3503.38,Wallet,2025,5,May,Friday
ORD-2022-01047,27-Nov-22,C0146,P0291,Ray-Ban Rectangle Unisex Sunglasses - 3538 189/55 53,Eyewear,Ray-Ban Rectangle Unisex Sunglasses - 3538 189/55 53,3,950,2850,Net Banking,2022,11,November,Sunday
ORD-2022-01048,25-Sep-22,C0278,P0548,"Casio for Men - Analog Stainless Steel Band Watch - MTP-1183A-2A, Quartz",Watches,"Casio for Men - Analog Stainless Steel Band Watch - MTP-1183A-2A, Quartz",2,138,276,Net Banking,2022,9,September,Sunday
ORD-2025-01049,18-Jan-25,C0320,P0575,"Burberry Men's Gold Dial Leather Band Watch - BU9011, Analog, Swiss Quartz",Watches,"Burberry Men's Gold Dial Leather Band Watch - BU9011, Analog, Swiss Quartz",1,1625,1625,Wallet,2025,1,January,Saturday
ORD-2022-01050,20-Nov-22,C0049,P0155,"Ray-Ban Sunglasses for Unisex , 0RB4246 1197Z251",Eyewear,"Ray-Ban Sunglasses for Unisex , 0RB4246 1197Z251",2,1110,2220,COD,2022,11,November,Sunday
ORD-2022-01051,6-Mar-22,C0407,P0246,"Ray-Ban Aviator Men's Sunglasses - Rb 3549-002/T3 - 61-16-145 mm, Grey Lens",Eyewear,"Ray-Ban Aviator Men's Sunglasses - Rb 3549-002/T3 - 61-16-145 mm, Grey Lens",1,1000,1000,Debit Card,2022,3,March,Sunday
ORD-2024-01052,1-Dec-24,C0116,P0254,"Ray-Ban Round Unisex Sunglasses - 4257 6092/55 53, Blue Lens",Eyewear,"Ray-Ban Round Unisex Sunglasses - 4257 6092/55 53, Blue Lens",1,890,890,Credit Card,2024,12,December,Sunday
ORD-2024-01053,24-Jun-24,C0424,P0461,Tissot Casual Watch For Women Analog Stainless Steel - T023.309.11.031.00,Watches,Tissot Casual Watch For Women Analog Stainless Steel - T023.309.11.031.00,1,1580,1580,Net Banking,2024,6,June,Monday
ORD-2022-01054,28-May-22,C0351,P0309,"Davidoff Hot Water for Men - Eau de Toilette, 110ml",Perfumes & Fragrances,"Davidoff Hot Water for Men - Eau de Toilette, 110ml",2,294,588,Wallet,2022,5,May,Saturday
ORD-2022-01055,6-Dec-22,C0489,P0144,"Carrera Sunglasses For Unisex - Green Lens, 149/S-6Lb, Aviator Frame",Eyewear,"Carrera Sunglasses For Unisex - Green Lens, 149/S-6Lb, Aviator Frame",1,750,750,Net Banking,2022,12,December,Tuesday
ORD-2024-01056,19-Jun-24,C0092,P0376,adidas SID 360 ADI TEE WHITE for MALE,Sportswear,adidas SID 360 ADI TEE WHITE for MALE,2,139,278,Debit Card,2024,6,June,Wednesday
ORD-2022-01057,30-Aug-22,C0551,P0003,"Nike air Heights Sneaker for Women , Size 38 EU , White",Athletic Shoes,"Nike air Heights Sneaker for Women , Size 38 EU , White",7,419,2933,Debit Card,2022,8,August,Tuesday
ORD-2025-01058,28-Mar-25,C0009,P0552,Michael Kors Slim Runway Watch for Women - Analog Leather Band - MK2389,Watches,Michael Kors Slim Runway Watch for Women - Analog Leather Band - MK2389,2,1061,2122,Debit Card,2025,3,March,Friday
ORD-2023-01059,16-May-23,C0396,P0361,"Under Armour Men's Ua Pursuit Pullover Hoodies, Yellow (Golden Yellow/Black), 2X-Large",Sportswear,"Under Armour Men's Ua Pursuit Pullover Hoodies, Yellow (Golden Yellow/Black), 2X-Large",1,389,389,Wallet,2023,5,May,Tuesday
ORD-2024-01060,30-Apr-24,C0511,P0221,Ray-Ban Aviator Unisex Sunglasses - RB3025 001/33 58,Eyewear,Ray-Ban Aviator Unisex Sunglasses - RB3025 001/33 58,1,977,977,Wallet,2024,4,April,Tuesday
ORD-2024-01061,17-Jul-24,C0402,P0406,Montblanc Meisterstuck 7 CC piel Negro Vertical Wallet 14094,Wallets,Montblanc Meisterstuck 7 CC piel Negro Vertical Wallet 14094,2,1050,2100,COD,2024,7,July,Wednesday
ORD-2022-01062,13-Feb-22,C0347,P0282,"Bottega Veneta Sunglasses For Unisex, Bv0013S-001-59, Brown Lens, Round Frame",Eyewear,"Bottega Veneta Sunglasses For Unisex, Bv0013S-001-59, Brown Lens, Round Frame",2,2094,4188,Net Banking,2022,2,February,Sunday
ORD-2025-01063,2-Mar-25,C0373,P0604,Michael Kors Lexington Women's White Dial Stainless Steel Band Watch - MK3229,Watches,Michael Kors Lexington Women's White Dial Stainless Steel Band Watch - MK3229,1,762,762,Wallet,2025,3,March,Sunday
ORD-2023-01064,25-Feb-23,C0011,P0435,JBW 562 Men's 12 Diamonds Gold Dial Gold-Plated Stainless Steel Band Watch - JB-6225-M,Watches,JBW 562 Men's 12 Diamonds Gold Dial Gold-Plated Stainless Steel Band Watch - JB-6225-M,2,2749,5498,Credit Card,2023,2,February,Saturday
ORD-2023-01065,23-Dec-23,C0445,P0142,"Geox U FEDERICO Fashion Sneakers For Men , size 44 EU , Black",Casual & Dress Shoes,"Geox U FEDERICO Fashion Sneakers For Men , size 44 EU , Black",8,579,4632,COD,2023,12,December,Saturday
ORD-2022-01066,26-Jan-22,C0601,P0255,"Ray-Ban Clubmaster Unisex Sunglasses - 3016 1145/17 49, Blue Lens",Eyewear,"Ray-Ban Clubmaster Unisex Sunglasses - 3016 1145/17 49, Blue Lens",6,890,5340,COD,2022,1,January,Wednesday
ORD-2024-01067,12-Nov-24,C0066,P0463,Tissot Womens Round Black Dial Silicone Bracelet Watch [T048.217.27.057.00],Watches,Tissot Womens Round Black Dial Silicone Bracelet Watch [T048.217.27.057.00],1,2370,2370,COD,2024,11,November,Tuesday
ORD-2025-01068,31-Jan-25,C0148,P0082,"Asics Gel-Quantum 90 Sneakers for Men, Multicolour, 42.5 EU",Athletic Shoes,"Asics Gel-Quantum 90 Sneakers for Men, Multicolour, 42.5 EU",1,379,379,COD,2025,1,January,Friday
ORD-2022-01069,8-Dec-22,C0288,P0565,August Steiner Men's Black Dial Metal Band Watch - AS8097SSB,Watches,August Steiner Men's Black Dial Metal Band Watch - AS8097SSB,1,693,693,COD,2022,12,December,Thursday
ORD-2024-01070,18-Oct-24,C0538,P0337,"Scuderia Ferrari Black for Men - Eau de Toilette, 125ml",Perfumes & Fragrances,"Scuderia Ferrari Black for Men - Eau de Toilette, 125ml",8,199,1592,UPI,2024,10,October,Friday
ORD-2024-01071,29-Nov-24,C0474,P0405,Montblanc Meisterstuck 6 CC Leather Wallet -114462-Black,Wallets,Montblanc Meisterstuck 6 CC Leather Wallet -114462-Black,1,1100,1100,Wallet,2024,11,November,Friday
ORD-2024-01072,15-Apr-24,C0281,P0375,Adidas  D2M HR 34 T Sport Tight for Women - Black,Sportswear,Adidas  D2M HR 34 T Sport Tight for Women - Black,1,180,180,Net Banking,2024,4,April,Monday
ORD-2024-01073,8-Dec-24,C0270,P0299,"GUESS Marciano for Men - Eau de Toilette, 100ml",Perfumes & Fragrances,"GUESS Marciano for Men - Eau de Toilette, 100ml",1,273,273,Wallet,2024,12,December,Sunday
ORD-2023-01074,24-Dec-23,C0524,P0348,"Dare By Guess For Women - Eau De Toilette, 100Ml",Perfumes & Fragrances,"Dare By Guess For Women - Eau De Toilette, 100Ml",1,158,158,UPI,2023,12,December,Sunday
ORD-2022-01075,5-May-22,C0305,P0379,adidas   Color Block High Rise 3/4 Logo Print Sport Tights for Women - Black,Sportswear,adidas   Color Block High Rise 3/4 Logo Print Sport Tights for Women - Black,3,189,567,Wallet,2022,5,May,Thursday
ORD-2024-01076,3-Feb-24,C0161,P0134,Lacoste Casual Shoe for Men Size 44 EU - Black,Casual & Dress Shoes,Lacoste Casual Shoe for Men Size 44 EU - Black,2,639,1278,Net Banking,2024,2,February,Saturday
ORD-2023-01077,17-May-23,C0089,P0591,"Emporio Armani Men'S Silver Dial Stainless Steel Band Watch Ar6073, Analog",Watches,"Emporio Armani Men'S Silver Dial Stainless Steel Band Watch Ar6073, Analog",2,1150,2300,COD,2023,5,May,Wednesday
ORD-2022-01078,2-Jul-22,C0579,P0312,"Calvin Klein Ck One Shock for Men - Eau de Toilette, 200ml",Perfumes & Fragrances,"Calvin Klein Ck One Shock for Men - Eau de Toilette, 200ml",1,394,394,COD,2022,7,July,Saturday
ORD-2022-01079,16-Nov-22,C0172,P0428,"Nautica 31NU22X026-200 Bowline Passcase Wallet for Men - Leather, Brown",Wallets,"Nautica 31NU22X026-200 Bowline Passcase Wallet for Men - Leather, Brown",1,100,100,Net Banking,2022,11,November,Wednesday
ORD-2024-01080,28-Sep-24,C0626,P0372,adidas Design 2 Move 3 Stripes Sport Tank Top for Women - White/Black,Sportswear,adidas Design 2 Move 3 Stripes Sport Tank Top for Women - White/Black,2,130,260,UPI,2024,9,September,Saturday
ORD-2025-01081,12-Feb-25,C0210,P0260,"Gucci Oval Unisex Sunglasses - Gg0124S00450 - 50-22-145 mm, Brown Lens",Eyewear,"Gucci Oval Unisex Sunglasses - Gg0124S00450 - 50-22-145 mm, Brown Lens",5,1619,8095,COD,2025,2,February,Wednesday
ORD-2023-01082,16-Apr-23,C0370,P0396,guess Men's Wallet 31GUE13142-Black,Wallets,guess Men's Wallet 31GUE13142-Black,3,195,585,UPI,2023,4,April,Sunday
ORD-2024-01083,29-Dec-24,C0137,P0367,"Adidas Essentials Linear Sport Tank Top For Women - Black White, M",Sportswear,"Adidas Essentials Linear Sport Tank Top For Women - Black White, M",2,109,218,Debit Card,2024,12,December,Sunday
ORD-2022-01084,16-Jan-22,C0249,P0272,"Flamingo Rectangle Sunglasseses For Unisex,Plastic,Blue",Eyewear,"Flamingo Rectangle Sunglasseses For Unisex,Plastic,Blue",2,279,558,Wallet,2022,1,January,Sunday
ORD-2022-01085,30-Sep-22,C0282,P0529,"Scuderia Ferrari Watch for Men , Quartz , Stainless Steel - 830635",Watches,"Scuderia Ferrari Watch for Men , Quartz , Stainless Steel - 830635",3,2406.73,7220.19,UPI,2022,9,September,Friday
ORD-2023-01086,2-May-23,C0646,P0435,JBW 562 Men's 12 Diamonds Gold Dial Gold-Plated Stainless Steel Band Watch - JB-6225-M,Watches,JBW 562 Men's 12 Diamonds Gold Dial Gold-Plated Stainless Steel Band Watch - JB-6225-M,4,2749,10996,COD,2023,5,May,Tuesday
ORD-2022-01087,30-Jul-22,C0007,P0343,"Fantasy by Britney Spears for Women - Eau de Parfum, 100ml",Perfumes & Fragrances,"Fantasy by Britney Spears for Women - Eau de Parfum, 100ml",2,125,250,UPI,2022,7,July,Saturday
ORD-2022-01088,24-Dec-22,C0443,P0262,"Ray-Ban Erika Unisex Sunglasses - 4258 6230/7J 50, Pink Lens",Eyewear,"Ray-Ban Erika Unisex Sunglasses - 4258 6230/7J 50, Pink Lens",2,840,1680,COD,2022,12,December,Saturday
ORD-2022-01089,25-Jan-22,C0315,P0362,"Under Armour T-Shirt for Men, Size L - Grey",Sportswear,"Under Armour T-Shirt for Men, Size L - Grey",3,139,417,Debit Card,2022,1,January,Tuesday
ORD-2024-01090,25-Mar-24,C0334,P0175,"Ray Ban Sunglasses for Men - Size 55, Black Frame, 0RB4165 622 2V55",Eyewear,"Ray Ban Sunglasses for Men - Size 55, Black Frame, 0RB4165 622 2V55",3,820,2460,Wallet,2024,3,March,Monday
ORD-2025-01091,24-Jan-25,C0249,P0196,"Ray-Ban Sunglasses for Unisex, Brown, 3647N",Eyewear,"Ray-Ban Sunglasses for Unisex, Brown, 3647N",4,900,3600,Credit Card,2025,1,January,Friday
ORD-2024-01092,4-Jul-24,C0097,P0253,"Ray Ban Unisex Sunglasses - 3025, 58, 004/78, Grey Lens, Aviator Frame",Eyewear,"Ray Ban Unisex Sunglasses - 3025, 58, 004/78, Grey Lens, Aviator Frame",3,1065,3195,COD,2024,7,July,Thursday
ORD-2024-01093,22-Jun-24,C0649,P0214,"Polaroid Sunglasses For Men Pld 1016/Sdl550Lb, Dark Green Lens, Square Frame",Eyewear,"Polaroid Sunglasses For Men Pld 1016/Sdl550Lb, Dark Green Lens, Square Frame",3,200,600,Wallet,2024,6,June,Saturday
ORD-2023-01094,18-Nov-23,C0227,P0204,"Ray-Ban Square Sunglasses for Men , Green , RB2140F 901 54",Eyewear,"Ray-Ban Square Sunglasses for Men , Green , RB2140F 901 54",2,910,1820,COD,2023,11,November,Saturday
ORD-2025-01095,25-Jan-25,C0198,P0234,"Polaroid Sunglasses For Unisex Pld 2061/S00350M9, Grey Lens, Panto Frame",Eyewear,"Polaroid Sunglasses For Unisex Pld 2061/S00350M9, Grey Lens, Panto Frame",2,250,500,Debit Card,2025,1,January,Saturday
ORD-2023-01096,30-May-23,C0077,P0170,"Esprit Women's Sunglasses - Brown Frame,Brown Gradient Lens- ET19461/535, size 56-16-142",Eyewear,"Esprit Women's Sunglasses - Brown Frame,Brown Gradient Lens- ET19461/535, size 56-16-142",3,336,1008,Credit Card,2023,5,May,Tuesday
ORD-2025-01097,24-May-25,C0383,P0537,Akribos XXIV Women's Cream Dial Mixed Material Band Watch Set - AK766YG,Watches,Akribos XXIV Women's Cream Dial Mixed Material Band Watch Set - AK766YG,2,909,1818,Credit Card,2025,5,May,Saturday
ORD-2022-01098,16-Jan-22,C0209,P0025,"Nike Sport Sneaker Shoes for Men , 44 EU , Black",Athletic Shoes,"Nike Sport Sneaker Shoes for Men , 44 EU , Black",1,319,319,Wallet,2022,1,January,Sunday
ORD-2023-01099,20-Nov-23,C0662,P0117,"Lacoste Fairlead Fashion Sneakers Shoes for Men, Size 43 EU, White and Beige",Casual & Dress Shoes,"Lacoste Fairlead Fashion Sneakers Shoes for Men, Size 43 EU, White and Beige",5,469,2345,COD,2023,11,November,Monday
ORD-2024-01100,27-Sep-24,C0188,P0069,"Asics Gel-Quantum Infinity Sneakers for Men, Black, 43.5 EU",Athletic Shoes,"Asics Gel-Quantum Infinity Sneakers for Men, Black, 43.5 EU",3,749,2247,COD,2024,9,September,Friday
ORD-2022-01101,12-Feb-22,C0084,P0138,Lacoste Casual Shoe for Men Size 43 EU - White,Casual & Dress Shoes,Lacoste Casual Shoe for Men Size 43 EU - White,1,529,529,Debit Card,2022,2,February,Saturday
ORD-2023-01102,7-Aug-23,C0572,P0531,"Burgi Women's Mother of Pearl Dial Leather Band Watch - BUR087BU, Analog, Swiss Quartz",Watches,"Burgi Women's Mother of Pearl Dial Leather Band Watch - BUR087BU, Analog, Swiss Quartz",1,2240,2240,UPI,2023,8,August,Monday
ORD-2025-01103,4-Feb-25,C0433,P0020,Nike Tanjun Sneaker For Men (Black - 43 EU),Athletic Shoes,Nike Tanjun Sneaker For Men (Black - 43 EU),7,349,2443,UPI,2025,2,February,Tuesday
ORD-2025-01104,2-Mar-25,C0411,P0280,"Ray-Ban Half Frame Unisex Sunglasses - 4280 6289/B7 55, Blue Lens",Eyewear,"Ray-Ban Half Frame Unisex Sunglasses - 4280 6289/B7 55, Blue Lens",2,994,1988,Debit Card,2025,3,March,Sunday
ORD-2024-01105,31-Jan-24,C0093,P0163,"Polaroid Sunglass for Men , Grey Lens , PLD 2059/S 003 60",Eyewear,"Polaroid Sunglass for Men , Grey Lens , PLD 2059/S 003 60",2,280,560,COD,2024,1,January,Wednesday
ORD-2023-01106,19-Dec-23,C0613,P0153,"Bvlgari Sunglasses for Men , Lens Color Grey , 8053672139723",Eyewear,"Bvlgari Sunglasses for Men , Lens Color Grey , 8053672139723",1,1329,1329,Net Banking,2023,12,December,Tuesday
ORD-2022-01107,4-Oct-22,C0558,P0299,"GUESS Marciano for Men - Eau de Toilette, 100ml",Perfumes & Fragrances,"GUESS Marciano for Men - Eau de Toilette, 100ml",1,273,273,UPI,2022,10,October,Tuesday
ORD-2022-01108,14-Jul-22,C0246,P0128,Puma Fashion Sneaker for Women (Black - 33 EU),Casual & Dress Shoes,Puma Fashion Sneaker for Women (Black - 33 EU),2,289,578,Wallet,2022,7,July,Thursday
ORD-2024-01109,14-Aug-24,C0536,P0034,"Nike Downshifter 9 Sneaker for Men , Size 41 EU , Red",Athletic Shoes,"Nike Downshifter 9 Sneaker for Men , Size 41 EU , Red",1,319,319,Net Banking,2024,8,August,Wednesday
ORD-2024-01110,25-Sep-24,C0364,P0544,Michael Kors Darci Watch for Women - Analog Stainless Steel Band - MK3406,Watches,Michael Kors Darci Watch for Women - Analog Stainless Steel Band - MK3406,1,1127,1127,Credit Card,2024,9,September,Wednesday
ORD-2022-01111,3-Jan-22,C0631,P0495,"Casio Unisex Ana Digi Dial Stainless Steel Band Watch Aq230A 1Dmq, Quartz, Analog Digital",Watches,"Casio Unisex Ana Digi Dial Stainless Steel Band Watch Aq230A 1Dmq, Quartz, Analog Digital",4,154,616,UPI,2022,1,January,Monday
ORD-2024-01112,27-Aug-24,C0545,P0137,Lacoste Casual Shoe for Men Size 44 EU - White,Casual & Dress Shoes,Lacoste Casual Shoe for Men Size 44 EU - White,1,499,499,Credit Card,2024,8,August,Tuesday
ORD-2023-01113,14-Dec-23,C0380,P0303,"United Colors Of Benetton Hot for Women - Eau de Toilette, 100ml",Perfumes & Fragrances,"United Colors Of Benetton Hot for Women - Eau de Toilette, 100ml",2,79,158,UPI,2023,12,December,Thursday
ORD-2023-01114,22-Sep-23,C0378,P0547,"Diesel Mr. Daddy Men'S Black Dial Leather Band Watch Dz7313, Japanese Quartz, Analog",Watches,"Diesel Mr. Daddy Men'S Black Dial Leather Band Watch Dz7313, Japanese Quartz, Analog",2,1345,2690,Net Banking,2023,9,September,Friday
ORD-2024-01115,11-Sep-24,C0102,P0319,"Sheikh Al Shuyukh by Lattafa for Unisex - Eau de Parfum, 50ml",Perfumes & Fragrances,"Sheikh Al Shuyukh by Lattafa for Unisex - Eau de Parfum, 50ml",4,95,380,Debit Card,2024,9,September,Wednesday
ORD-2022-01116,19-Dec-22,C0596,P0246,"Ray-Ban Aviator Men's Sunglasses - Rb 3549-002/T3 - 61-16-145 mm, Grey Lens",Eyewear,"Ray-Ban Aviator Men's Sunglasses - Rb 3549-002/T3 - 61-16-145 mm, Grey Lens",1,1000,1000,Net Banking,2022,12,December,Monday
ORD-2024-01117,22-Jan-24,C0201,P0176,CARRERA Men's Sunglasses Round Carrera 126/S Shnblckgd,Eyewear,CARRERA Men's Sunglasses Round Carrera 126/S Shnblckgd,2,750,1500,UPI,2024,1,January,Monday
ORD-2024-01118,26-Aug-24,C0315,P0380,adidas   Colorblock 3/4 Sport Leggings for Women - Black,Sportswear,adidas   Colorblock 3/4 Sport Leggings for Women - Black,1,169,169,COD,2024,8,August,Monday
ORD-2025-01119,1-Feb-25,C0059,P0333,"Brown Orchid for Men - Eau de Parfum, 80ml",Perfumes & Fragrances,"Brown Orchid for Men - Eau de Parfum, 80ml",1,59,59,UPI,2025,2,February,Saturday
ORD-2023-01120,1-Apr-23,C0213,P0037,Nike Flex Essential Training Shoes for Women (Black - 38 EU),Athletic Shoes,Nike Flex Essential Training Shoes for Women (Black - 38 EU),1,309,309,UPI,2023,4,April,Saturday
ORD-2023-01121,2-Dec-23,C0200,P0559,Casio Men's Black Dial Silicone Band Watch - GA-1000-1ADR,Watches,Casio Men's Black Dial Silicone Band Watch - GA-1000-1ADR,1,1034,1034,Net Banking,2023,12,December,Saturday
ORD-2023-01122,13-Apr-23,C0464,P0321,"Mancera Roses Vanille for Unisex - Eau de Parfum, 120ml",Perfumes & Fragrances,"Mancera Roses Vanille for Unisex - Eau de Parfum, 120ml",1,415,415,Debit Card,2023,4,April,Thursday
ORD-2022-01123,13-Apr-22,C0005,P0319,"Sheikh Al Shuyukh by Lattafa for Unisex - Eau de Parfum, 50ml",Perfumes & Fragrances,"Sheikh Al Shuyukh by Lattafa for Unisex - Eau de Parfum, 50ml",3,95,285,Net Banking,2022,4,April,Wednesday
ORD-2022-01124,18-Dec-22,C0048,P0074,"Asics Gel Kayano 25 SP Sneaker for Women, Black/Pink, 37 EU",Athletic Shoes,"Asics Gel Kayano 25 SP Sneaker for Women, Black/Pink, 37 EU",1,749,749,Credit Card,2022,12,December,Sunday
ORD-2024-01125,29-Dec-24,C0101,P0337,"Scuderia Ferrari Black for Men - Eau de Toilette, 125ml",Perfumes & Fragrances,"Scuderia Ferrari Black for Men - Eau de Toilette, 125ml",3,199,597,Debit Card,2024,12,December,Sunday
ORD-2023-01126,21-Apr-23,C0323,P0602,"JBW Laurel Watch for Women , Stainless Steel , 9 Diamonds , J6330I",Watches,"JBW Laurel Watch for Women , Stainless Steel , 9 Diamonds , J6330I",2,4110,8220,Net Banking,2023,4,April,Friday
ORD-2024-01127,19-Aug-24,C0578,P0033,"Nike Quest 2 Sneaker for Men , Size 42.5 EU , Black",Athletic Shoes,"Nike Quest 2 Sneaker for Men , Size 42.5 EU , Black",1,389,389,Net Banking,2024,8,August,Monday
ORD-2022-01128,16-Sep-22,C0045,P0595,Scuderia Ferrari Forza Men's Black Dial Silicone Band Watch - 830574,Watches,Scuderia Ferrari Forza Men's Black Dial Silicone Band Watch - 830574,1,585,585,COD,2022,9,September,Friday
ORD-2022-01129,2-Dec-22,C0654,P0232,"Polaroid Sunglasses For Unisex, Black- Pld 2054/S-003 M9, Square Frame",Eyewear,"Polaroid Sunglasses For Unisex, Black- Pld 2054/S-003 M9, Square Frame",1,250,250,Debit Card,2022,12,December,Friday
ORD-2024-01130,19-Apr-24,C0656,P0261,"Polaroid Kids' PLD 8016/N K7 SED Sunglasses, Havana Green Grey Speckled Pz, 48",Eyewear,"Polaroid Kids' PLD 8016/N K7 SED Sunglasses, Havana Green Grey Speckled Pz, 48",1,250,250,COD,2024,4,April,Friday
ORD-2025-01131,3-Mar-25,C0436,P0282,"Bottega Veneta Sunglasses For Unisex, Bv0013S-001-59, Brown Lens, Round Frame",Eyewear,"Bottega Veneta Sunglasses For Unisex, Bv0013S-001-59, Brown Lens, Round Frame",1,2094,2094,UPI,2025,3,March,Monday
ORD-2024-01132,22-Jan-24,C0011,P0592,"Emporio Armani Watch For Men Leather Quartz Ar1945, Analog",Watches,"Emporio Armani Watch For Men Leather Quartz Ar1945, Analog",2,980,1960,COD,2024,1,January,Monday
ORD-2024-01133,21-Nov-24,C0203,P0248,"Salvatore Ferragamo Women's Sunglasses - Sf879S-213 53, 150 mm, Black Lens, Square Frame",Eyewear,"Salvatore Ferragamo Women's Sunglasses - Sf879S-213 53, 150 mm, Black Lens, Square Frame",2,1490,2980,Wallet,2024,11,November,Thursday
ORD-2023-01134,4-Nov-23,C0314,P0570,"JBW Watch For men With 16 Diamonds, JB-8102-B",Watches,"JBW Watch For men With 16 Diamonds, JB-8102-B",1,5061,5061,Credit Card,2023,11,November,Saturday
ORD-2024-01135,4-Dec-24,C0643,P0137,Lacoste Casual Shoe for Men Size 44 EU - White,Casual & Dress Shoes,Lacoste Casual Shoe for Men Size 44 EU - White,2,499,998,Credit Card,2024,12,December,Wednesday
ORD-2022-01136,5-Dec-22,C0636,P0573,Lacoste Casual Watch For Women Analog Silicone - 2001024,Watches,Lacoste Casual Watch For Women Analog Silicone - 2001024,2,895,1790,UPI,2022,12,December,Monday
ORD-2023-01137,9-Apr-23,C0607,P0598,Invicta Pro Diver Men's Black Dial Stainless Steel Band Automatic Watch - INVICTA-8926,Watches,Invicta Pro Diver Men's Black Dial Stainless Steel Band Automatic Watch - INVICTA-8926,1,680.4,680.4,Net Banking,2023,4,April,Sunday
ORD-2023-01138,16-Mar-23,C0550,P0215,"Ray-Ban Classic Aviator Unisex Sunglasses - Rb3025-112-58-19-135, Green Lens",Eyewear,"Ray-Ban Classic Aviator Unisex Sunglasses - Rb3025-112-58-19-135, Green Lens",3,1134,3402,Net Banking,2023,3,March,Thursday
ORD-2024-01139,5-Nov-24,C0614,P0086,"Asics Gel-Lyte Runner Sneakers for Men, Multicolour, 42 EU",Athletic Shoes,"Asics Gel-Lyte Runner Sneakers for Men, Multicolour, 42 EU",4,309,1236,COD,2024,11,November,Tuesday
ORD-2022-01140,19-Mar-22,C0299,P0179,Ray-Ban Rb3025-002/58 Aviator Unisex Sunglasses,Eyewear,Ray-Ban Rb3025-002/58 Aviator Unisex Sunglasses,10,985,9850,Net Banking,2022,3,March,Saturday
ORD-2025-01141,15-Jan-25,C0307,P0603,JBW Delmare Men's 4 Genuine Diamonds Silicone Watch - J6359D,Watches,JBW Delmare Men's 4 Genuine Diamonds Silicone Watch - J6359D,2,2624,5248,UPI,2025,1,January,Wednesday
ORD-2024-01142,28-Nov-24,C0481,P0401,Steve Madden Men's Leather Wallets N80058-Black,Wallets,Steve Madden Men's Leather Wallets N80058-Black,3,125,375,COD,2024,11,November,Thursday
ORD-2025-01143,21-Feb-25,C0261,P0514,"Emporio Armani Casual Watch for Men - Stainless Steel, Analog - AR1933",Watches,"Emporio Armani Casual Watch for Men - Stainless Steel, Analog - AR1933",4,1360,5440,COD,2025,2,February,Friday
ORD-2023-01144,22-Dec-23,C0141,P0088,"Asics Curreo II Sneakers for Men, Grey, 44 EU",Athletic Shoes,"Asics Curreo II Sneakers for Men, Grey, 44 EU",1,249,249,COD,2023,12,December,Friday
ORD-2024-01145,14-Feb-24,C0081,P0182,"Ray Ban Aviator Sunglasses for Unisex - Green Lens, RB3025 55 W3234",Eyewear,"Ray Ban Aviator Sunglasses for Unisex - Green Lens, RB3025 55 W3234",1,1039.5,1039.5,Credit Card,2024,2,February,Wednesday
ORD-2025-01146,6-Apr-25,C0386,P0587,"Casio GA-100B-4A For Men- Analog-Digital, Casual Watch, Resin, Quartz",Watches,"Casio GA-100B-4A For Men- Analog-Digital, Casual Watch, Resin, Quartz",1,885,885,COD,2025,4,April,Sunday
ORD-2025-01147,7-Mar-25,C0097,P0186,"Ray-Ban RB1971 91493F Square Sunglasses for Unisex , Lens 54 mm",Eyewear,"Ray-Ban RB1971 91493F Square Sunglasses for Unisex , Lens 54 mm",1,997,997,Credit Card,2025,3,March,Friday
ORD-2024-01148,4-Nov-24,C0538,P0489,"Casio Enticer for Men - Casual Leather Band Watch - MTP1314L-7A, Analog",Watches,"Casio Enticer for Men - Casual Leather Band Watch - MTP1314L-7A, Analog",1,196,196,COD,2024,11,November,Monday
ORD-2024-01149,26-Nov-24,C0134,P0513,Lacoste Casual Watch For Men Analog Leather - 2010910,Watches,Lacoste Casual Watch For Men Analog Leather - 2010910,1,575,575,UPI,2024,11,November,Tuesday
ORD-2023-01150,27-Sep-23,C0011,P0122,Lacoste Casual Shoe For Men Size 45 EU - White,Casual & Dress Shoes,Lacoste Casual Shoe For Men Size 45 EU - White,1,449,449,UPI,2023,9,September,Wednesday
ORD-2024-01151,22-Dec-24,C0378,P0435,JBW 562 Men's 12 Diamonds Gold Dial Gold-Plated Stainless Steel Band Watch - JB-6225-M,Watches,JBW 562 Men's 12 Diamonds Gold Dial Gold-Plated Stainless Steel Band Watch - JB-6225-M,1,2749,2749,COD,2024,12,December,Sunday
ORD-2024-01152,26-Jul-24,C0342,P0142,"Geox U FEDERICO Fashion Sneakers For Men , size 44 EU , Black",Casual & Dress Shoes,"Geox U FEDERICO Fashion Sneakers For Men , size 44 EU , Black",2,579,1158,Debit Card,2024,7,July,Friday
ORD-2025-01153,11-Feb-25,C0164,P0364,"Nike B Nsw Tee Futura Icon Td T-Shirts For Kids , Grey, XL",Sportswear,"Nike B Nsw Tee Futura Icon Td T-Shirts For Kids , Grey, XL",3,109,327,UPI,2025,2,February,Tuesday
ORD-2024-01154,5-Dec-24,C0164,P0221,Ray-Ban Aviator Unisex Sunglasses - RB3025 001/33 58,Eyewear,Ray-Ban Aviator Unisex Sunglasses - RB3025 001/33 58,1,977,977,Net Banking,2024,12,December,Thursday
ORD-2025-01155,5-May-25,C0408,P0572,JBW Dress Watch For Men Analog Genuine Leather - JB-6101L-10C,Watches,JBW Dress Watch For Men Analog Genuine Leather - JB-6101L-10C,1,4031,4031,UPI,2025,5,May,Monday
ORD-2024-01156,1-Nov-24,C0451,P0179,Ray-Ban Rb3025-002/58 Aviator Unisex Sunglasses,Eyewear,Ray-Ban Rb3025-002/58 Aviator Unisex Sunglasses,1,985,985,Wallet,2024,11,November,Friday
ORD-2024-01157,7-Jun-24,C0002,P0394,"Tommy Hilfiger Honey Lrg Za Wallet, Tommy Navy Metallic, 19 cm AW0AW07446",Wallets,"Tommy Hilfiger Honey Lrg Za Wallet, Tommy Navy Metallic, 19 cm AW0AW07446",3,469,1407,Wallet,2024,6,June,Friday
ORD-2023-01158,22-Apr-23,C0243,P0145,"Ray-Ban Sunglasses For Men, Grey, 3386, Aviator Frame",Eyewear,"Ray-Ban Sunglasses For Men, Grey, 3386, Aviator Frame",1,770,770,Net Banking,2023,4,April,Saturday
ORD-2023-01159,5-Nov-23,C0038,P0532,JBW Men's 10 YR Anniversary GMT Globetrotter 0.21 ctw Diamond Watch - J6365-10A,Watches,JBW Men's 10 YR Anniversary GMT Globetrotter 0.21 ctw Diamond Watch - J6365-10A,3,2243,6729,Wallet,2023,11,November,Sunday
ORD-2024-01160,5-Dec-24,C0458,P0044,"Nike Revolution 5 Sneaker for Men , Size 43 EU , White",Athletic Shoes,"Nike Revolution 5 Sneaker for Men , Size 43 EU , White",2,259,518,COD,2024,12,December,Thursday
ORD-2024-01161,9-May-24,C0573,P0489,"Casio Enticer for Men - Casual Leather Band Watch - MTP1314L-7A, Analog",Watches,"Casio Enticer for Men - Casual Leather Band Watch - MTP1314L-7A, Analog",4,196,784,Credit Card,2024,5,May,Thursday
ORD-2023-01162,11-Dec-23,C0322,P0372,adidas Design 2 Move 3 Stripes Sport Tank Top for Women - White/Black,Sportswear,adidas Design 2 Move 3 Stripes Sport Tank Top for Women - White/Black,1,130,130,Wallet,2023,12,December,Monday
ORD-2022-01163,17-Dec-22,C0339,P0425,Dockers Bifold Mens Wallet - 31DK240z01-Brown,Wallets,Dockers Bifold Mens Wallet - 31DK240z01-Brown,2,120,240,Credit Card,2022,12,December,Saturday
ORD-2022-01164,16-Jul-22,C0347,P0513,Lacoste Casual Watch For Men Analog Leather - 2010910,Watches,Lacoste Casual Watch For Men Analog Leather - 2010910,1,575,575,Debit Card,2022,7,July,Saturday
ORD-2024-01165,14-Nov-24,C0145,P0606,"T5 Watch For Men [Rubber,Chronograph]-H3397G-B",Watches,"T5 Watch For Men [Rubber,Chronograph]-H3397G-B",6,440,2640,Wallet,2024,11,November,Thursday
ORD-2022-01166,20-Nov-22,C0450,P0328,"Chopard Wish for Women - Eau de Parfum, 75ml",Perfumes & Fragrances,"Chopard Wish for Women - Eau de Parfum, 75ml",2,209,418,COD,2022,11,November,Sunday
ORD-2022-01167,6-Nov-22,C0350,P0263,"Ray-Ban Men's Aviator Large Metal Aviator Sunglasses, Gold (Frames: gold Glass: Course light blue 001/3F), 58 mm",Eyewear,"Ray-Ban Men's Aviator Large Metal Aviator Sunglasses, Gold (Frames: gold Glass: Course light blue 001/3F), 58 mm",3,802,2406,Credit Card,2022,11,November,Sunday
ORD-2024-01168,29-Sep-24,C0664,P0120,"Lacoste avance Lace Up Shoes For Men Size 44 EU, Black",Casual & Dress Shoes,"Lacoste avance Lace Up Shoes For Men Size 44 EU, Black",2,519,1038,Wallet,2024,9,September,Sunday
ORD-2022-01169,27-Oct-22,C0554,P0261,"Polaroid Kids' PLD 8016/N K7 SED Sunglasses, Havana Green Grey Speckled Pz, 48",Eyewear,"Polaroid Kids' PLD 8016/N K7 SED Sunglasses, Havana Green Grey Speckled Pz, 48",1,250,250,Net Banking,2022,10,October,Thursday
ORD-2022-01170,17-Jul-22,C0626,P0362,"Under Armour T-Shirt for Men, Size L - Grey",Sportswear,"Under Armour T-Shirt for Men, Size L - Grey",3,139,417,COD,2022,7,July,Sunday
ORD-2025-01171,12-Apr-25,C0318,P0515,Michael Kors Parker Women's Pink Dial Stainless Steel Band Chronograph Watch - MK6140,Watches,Michael Kors Parker Women's Pink Dial Stainless Steel Band Chronograph Watch - MK6140,3,909,2727,Wallet,2025,4,April,Saturday
ORD-2022-01172,6-Jan-22,C0388,P0051,"adidas ASWEERUN Sneaker for Womens, PINK - Size 39.3 EU",Athletic Shoes,"adidas ASWEERUN Sneaker for Womens, PINK - Size 39.3 EU",3,259,777,Wallet,2022,1,January,Thursday
ORD-2023-01173,19-Jul-23,C0521,P0600,JBW Victory Women's 16 Diamonds Mother of Pearl Dial Stainless Steel Band Watch - JB-6210-N,Watches,JBW Victory Women's 16 Diamonds Mother of Pearl Dial Stainless Steel Band Watch - JB-6210-N,3,5587,16761,UPI,2023,7,July,Wednesday
ORD-2024-01174,16-Jan-24,C0309,P0269,"Ray-Ban Butterfly Unisex Sunglasses - 4250 6034/2Y 52, Beige Lens",Eyewear,"Ray-Ban Butterfly Unisex Sunglasses - 4250 6034/2Y 52, Beige Lens",1,1170,1170,Debit Card,2024,1,January,Tuesday
ORD-2022-01175,25-Sep-22,C0398,P0412,"Tommy Hilfiger Corp Plaque Mini Cc Money Clip Wallets, Card Cases & Money Organizers, Black, 0 AM0AM05062",Wallets,"Tommy Hilfiger Corp Plaque Mini Cc Money Clip Wallets, Card Cases & Money Organizers, Black, 0 AM0AM05062",1,399,399,Net Banking,2022,9,September,Sunday
ORD-2024-01176,25-Nov-24,C0238,P0361,"Under Armour Men's Ua Pursuit Pullover Hoodies, Yellow (Golden Yellow/Black), 2X-Large",Sportswear,"Under Armour Men's Ua Pursuit Pullover Hoodies, Yellow (Golden Yellow/Black), 2X-Large",8,389,3112,Debit Card,2024,11,November,Monday
ORD-2022-01177,2-Dec-22,C0310,P0517,"Casio Classic Unisex Gold Dial Resin Band Watch - MQ-24-9E, Analog, Quartz",Watches,"Casio Classic Unisex Gold Dial Resin Band Watch - MQ-24-9E, Analog, Quartz",4,45,180,COD,2022,12,December,Friday
ORD-2022-01178,22-Dec-22,C0564,P0001,Nike SB Check Solar Cnvs Skateboarding Shoes for Men,Athletic Shoes,Nike SB Check Solar Cnvs Skateboarding Shoes for Men,3,299,897,Credit Card,2022,12,December,Thursday
ORD-2024-01179,29-Dec-24,C0062,P0267,"Ray-Ban Sunglasses For Men, Size 51 mm, 4246, 51, 990, N.C, Green Lens, Round Frame",Eyewear,"Ray-Ban Sunglasses For Men, Size 51 mm, 4246, 51, 990, N.C, Green Lens, Round Frame",1,790,790,Credit Card,2024,12,December,Sunday
ORD-2022-01180,14-Sep-22,C0099,P0182,"Ray Ban Aviator Sunglasses for Unisex - Green Lens, RB3025 55 W3234",Eyewear,"Ray Ban Aviator Sunglasses for Unisex - Green Lens, RB3025 55 W3234",1,1039.5,1039.5,Wallet,2022,9,September,Wednesday
ORD-2023-01181,25-Jul-23,C0408,P0556,Michael Kors Lexington Women's White Dial Stainless Steel Band Watch - MK3230,Watches,Michael Kors Lexington Women's White Dial Stainless Steel Band Watch - MK3230,1,762,762,COD,2023,7,July,Tuesday
ORD-2024-01182,11-May-24,C0652,P0173,"Ray Ban Rectangle Sunglasses For Men - Gray Lens, Rb4179-601S82, 140 mm",Eyewear,"Ray Ban Rectangle Sunglasses For Men - Gray Lens, Rb4179-601S82, 140 mm",1,1680,1680,Debit Card,2024,5,May,Saturday
ORD-2023-01183,16-Dec-23,C0510,P0157,"Ray Ban 3025, W3234 (55 mm) Sunglass, Green Lens, Aviator Frame, For Men",Eyewear,"Ray Ban 3025, W3234 (55 mm) Sunglass, Green Lens, Aviator Frame, For Men",3,750,2250,Debit Card,2023,12,December,Saturday
ORD-2024-01184,15-Feb-24,C0056,P0430,Lacoste Women's Silver Dial Leather Band Watch - 2001007,Watches,Lacoste Women's Silver Dial Leather Band Watch - 2001007,3,929,2787,Debit Card,2024,2,February,Thursday
ORD-2023-01185,17-May-23,C0473,P0590,"Emporio Armani Men'S Blue Dial Leather Band Watch Ar2479, Quartz, Analog",Watches,"Emporio Armani Men'S Blue Dial Leather Band Watch Ar2479, Quartz, Analog",1,1038,1038,Debit Card,2023,5,May,Wednesday
ORD-2024-01186,24-Apr-24,C0185,P0341,"Bebe Glam for Women - Eau de Parfum, 100ml",Perfumes & Fragrances,"Bebe Glam for Women - Eau de Parfum, 100ml",1,170,170,Debit Card,2024,4,April,Wednesday
ORD-2024-01187,25-Jun-24,C0537,P0327,"Davidoff The Game for Men - Eau de Toilette, 100ml",Perfumes & Fragrances,"Davidoff The Game for Men - Eau de Toilette, 100ml",1,252,252,COD,2024,6,June,Tuesday
ORD-2023-01188,24-Aug-23,C0536,P0348,"Dare By Guess For Women - Eau De Toilette, 100Ml",Perfumes & Fragrances,"Dare By Guess For Women - Eau De Toilette, 100Ml",1,158,158,Net Banking,2023,8,August,Thursday
ORD-2024-01189,25-Nov-24,C0527,P0275,"Arnette Sunglasses, Square, For Women, Grey, 0An4243 252181 60",Eyewear,"Arnette Sunglasses, Square, For Women, Grey, 0An4243 252181 60",3,500,1500,UPI,2024,11,November,Monday
ORD-2023-01190,16-Mar-23,C0626,P0101,"Jack & Jones Lace Up Shoes for Men, Size 44 EU, Black",Casual & Dress Shoes,"Jack & Jones Lace Up Shoes for Men, Size 44 EU, Black",1,139,139,Wallet,2023,3,March,Thursday
ORD-2024-01191,12-Jan-24,C0416,P0296,"Calvin Klein Euphoria for Women - Eau de Parfum, 100ml",Perfumes & Fragrances,"Calvin Klein Euphoria for Women - Eau de Parfum, 100ml",2,357,714,Credit Card,2024,1,January,Friday
ORD-2024-01192,23-Sep-24,C0577,P0441,"Casio  LTP-1275G-9A For Women Analog-Dress Watch, Stainless Steel, Quartz",Watches,"Casio  LTP-1275G-9A For Women Analog-Dress Watch, Stainless Steel, Quartz",3,162,486,Wallet,2024,9,September,Monday
ORD-2024-01193,20-May-24,C0518,P0602,"JBW Laurel Watch for Women , Stainless Steel , 9 Diamonds , J6330I",Watches,"JBW Laurel Watch for Women , Stainless Steel , 9 Diamonds , J6330I",4,4110,16440,Debit Card,2024,5,May,Monday
ORD-2022-01194,3-Apr-22,C0041,P0239,"Arnette Men's Booger Non-Polarized Iridium Rectangular Sunglasses, Matte Black, 61 mm",Eyewear,"Arnette Men's Booger Non-Polarized Iridium Rectangular Sunglasses, Matte Black, 61 mm",3,449,1347,UPI,2022,4,April,Sunday
ORD-2023-01195,4-May-23,C0133,P0266,"Ray-Ban Wayfarer Unisex Sunglasses - Rb4210-646/3R50, Green Lens",Eyewear,"Ray-Ban Wayfarer Unisex Sunglasses - Rb4210-646/3R50, Green Lens",3,1310,3930,Debit Card,2023,5,May,Thursday
ORD-2025-01196,24-May-25,C0345,P0475,Ferrari Pilota Men's Black Dial Stainless Steel Watch - 830389,Watches,Ferrari Pilota Men's Black Dial Stainless Steel Watch - 830389,3,2077.46,6232.38,UPI,2025,5,May,Saturday
ORD-2022-01197,7-Aug-22,C0358,P0299,"GUESS Marciano for Men - Eau de Toilette, 100ml",Perfumes & Fragrances,"GUESS Marciano for Men - Eau de Toilette, 100ml",4,273,1092,Net Banking,2022,8,August,Sunday
ORD-2024-01198,20-Dec-24,C0646,P0118,"Puma Fashion Sneakers Casual Shoe  For Women , White & Black , 41 EU",Casual & Dress Shoes,"Puma Fashion Sneakers Casual Shoe  For Women , White & Black , 41 EU",1,389,389,UPI,2024,12,December,Friday
ORD-2023-01199,28-Nov-23,C0008,P0105,Jack and Jones Shoes for Men  - Black - 43 EU,Casual & Dress Shoes,Jack and Jones Shoes for Men  - Black - 43 EU,1,209,209,UPI,2023,11,November,Tuesday
ORD-2023-01200,21-Aug-23,C0372,P0251,"Ray-Ban Erika Unisex Sunglasses - 4243 6225/19 49, Blue Lens",Eyewear,"Ray-Ban Erika Unisex Sunglasses - 4243 6225/19 49, Blue Lens",2,720,1440,UPI,2023,8,August,Monday
ORD-2025-01201,4-Mar-25,C0103,P0506,JBW Victory Women's 16 Diamonds Mother of Pearl Dial Gold Plated Stainless Steel Band Watch - JB-6210-A,Watches,JBW Victory Women's 16 Diamonds Mother of Pearl Dial Gold Plated Stainless Steel Band Watch - JB-6210-A,1,5870,5870,Net Banking,2025,3,March,Tuesday
ORD-2025-01202,6-Mar-25,C0466,P0016,"Skechers GO WALK EVOLUTION ULTRA Sneaker for Men , Size 42 EU , Black",Athletic Shoes,"Skechers GO WALK EVOLUTION ULTRA Sneaker for Men , Size 42 EU , Black",1,279,279,Net Banking,2025,3,March,Thursday
ORD-2022-01203,28-Jun-22,C0399,P0471,"Emporio Armani Men Ar1808 Classic Silver Tone Stainless Steel Watch, Analog",Watches,"Emporio Armani Men Ar1808 Classic Silver Tone Stainless Steel Watch, Analog",1,1095,1095,Wallet,2022,6,June,Tuesday
ORD-2024-01204,13-Sep-24,C0575,P0028,Nike Court Royale Sport Sneakers for Women - White/Metallic Silver Size - 38 EU,Athletic Shoes,Nike Court Royale Sport Sneakers for Women - White/Metallic Silver Size - 38 EU,2,319,638,Wallet,2024,9,September,Friday
ORD-2023-01205,14-Jul-23,C0355,P0131,Lacoste Casual Shoe for Men Size 45 EU - Navy,Casual & Dress Shoes,Lacoste Casual Shoe for Men Size 45 EU - Navy,2,449,898,UPI,2023,7,July,Friday
ORD-2023-01206,29-Nov-23,C0231,P0264,"Ray-Ban Men's Injected Man Sunglass Polarized Iridium Rectangular, BLACK 64 mm",Eyewear,"Ray-Ban Men's Injected Man Sunglass Polarized Iridium Rectangular, BLACK 64 mm",3,1115,3345,Debit Card,2023,11,November,Wednesday
ORD-2023-01207,8-Mar-23,C0180,P0360,Under Armour Training T-Shirt for Men,Sportswear,Under Armour Training T-Shirt for Men,1,139,139,UPI,2023,3,March,Wednesday
ORD-2022-01208,29-Mar-22,C0470,P0555,Casio G-Shock Men's Watch GA100B-7ADR,Watches,Casio G-Shock Men's Watch GA100B-7ADR,1,672,672,UPI,2022,3,March,Tuesday
ORD-2024-01209,28-Apr-24,C0551,P0600,JBW Victory Women's 16 Diamonds Mother of Pearl Dial Stainless Steel Band Watch - JB-6210-N,Watches,JBW Victory Women's 16 Diamonds Mother of Pearl Dial Stainless Steel Band Watch - JB-6210-N,3,5587,16761,Debit Card,2024,4,April,Sunday
ORD-2025-01210,7-Jun-25,C0098,P0094,"Skechers GO WALK 5 Sneaker for Men , Size 42.5 EU , Black",Athletic Shoes,"Skechers GO WALK 5 Sneaker for Men , Size 42.5 EU , Black",1,289,289,Debit Card,2025,6,June,Saturday
ORD-2024-01211,4-Oct-24,C0204,P0045,"Asics GEL-NIMBUS 22 Running Shoes for Women, Rose Gold, 38 EU",Athletic Shoes,"Asics GEL-NIMBUS 22 Running Shoes for Women, Rose Gold, 38 EU",3,839,2517,Wallet,2024,10,October,Friday
ORD-2022-01212,5-Feb-22,C0243,P0458,JBW Skye 0.05 ctw Diamond Women's White MOP Dial Genuine Leather Band Watch - J6378C,Watches,JBW Skye 0.05 ctw Diamond Women's White MOP Dial Genuine Leather Band Watch - J6378C,3,1879,5637,Wallet,2022,2,February,Saturday
ORD-2023-01213,13-Nov-23,C0621,P0258,"Fendi Sunglasses For Women, Alloy, Pink, Ff 0177/S 0J, Cat Eye Frame",Eyewear,"Fendi Sunglasses For Women, Alloy, Pink, Ff 0177/S 0J, Cat Eye Frame",2,1250,2500,Wallet,2023,11,November,Monday
ORD-2025-01214,14-May-25,C0510,P0497,"JBW Watch for Unisex Studded with 12 diamonds , Stainless Steel Band  - J6340B",Watches,"JBW Watch for Unisex Studded with 12 diamonds , Stainless Steel Band  - J6340B",2,2730,5460,Credit Card,2025,5,May,Wednesday
ORD-2024-01215,12-Oct-24,C0365,P0437,"Emporio Armani Watch For Men Stainless Steel Quartz Ar2499, Analog",Watches,"Emporio Armani Watch For Men Stainless Steel Quartz Ar2499, Analog",3,1596,4788,Debit Card,2024,10,October,Saturday
ORD-2022-01216,21-Apr-22,C0182,P0322,"Dunhill Fresh by Dunhill for Men - Eau de Toilette, 100ml",Perfumes & Fragrances,"Dunhill Fresh by Dunhill for Men - Eau de Toilette, 100ml",3,263,789,Wallet,2022,4,April,Thursday
ORD-2023-01217,5-Jun-23,C0509,P0438,"Casio Women'S White Dial Resin Band Watch Lrw 200H 4B2V, Quartz, Analog",Watches,"Casio Women'S White Dial Resin Band Watch Lrw 200H 4B2V, Quartz, Analog",1,1207.06,1207.06,Debit Card,2023,6,June,Monday
ORD-2022-01218,10-Jan-22,C0318,P0439,"Casio Women'S Blue Dial Stainless Steel Band Watch Ltp 1183A 2A, Quartz, Analog",Watches,"Casio Women'S Blue Dial Stainless Steel Band Watch Ltp 1183A 2A, Quartz, Analog",2,225,450,Wallet,2022,1,January,Monday
ORD-2023-01219,21-Mar-23,C0094,P0123,Lacoste Casual Shoe for Men Size 44 EU - White,Casual & Dress Shoes,Lacoste Casual Shoe for Men Size 44 EU - White,1,359,359,Wallet,2023,3,March,Tuesday
ORD-2024-01220,23-Nov-24,C0401,P0014,"Adidas Grand Court Base Faux Leather Contrast Side Stripe Heel Tab Logo Tennis Shoes for Men - Black, 42 2/3",Athletic Shoes,"Adidas Grand Court Base Faux Leather Contrast Side Stripe Heel Tab Logo Tennis Shoes for Men - Black, 42 2/3",3,249,747,Wallet,2024,11,November,Saturday
ORD-2023-01221,14-May-23,C0069,P0024,"Nike air Zoom Pegasus 36 Sneaker for Men , Size 43 EU , Blue",Athletic Shoes,"Nike air Zoom Pegasus 36 Sneaker for Men , Size 43 EU , Blue",1,579,579,Net Banking,2023,5,May,Sunday
ORD-2023-01222,22-Jul-23,C0575,P0270,"Ray-Ban Unisex's Rb4075 Sunglasses, Tortoise, 61",Eyewear,"Ray-Ban Unisex's Rb4075 Sunglasses, Tortoise, 61",3,1169,3507,Credit Card,2023,7,July,Saturday
ORD-2025-01223,16-Mar-25,C0113,P0528,"Casio Tough Solar Sports Men'S Black Dial Resin Band Watch Aq S810W 1Bv, Quartz, Analog",Watches,"Casio Tough Solar Sports Men'S Black Dial Resin Band Watch Aq S810W 1Bv, Quartz, Analog",2,346,692,Wallet,2025,3,March,Sunday
ORD-2023-01224,17-Sep-23,C0486,P0299,"GUESS Marciano for Men - Eau de Toilette, 100ml",Perfumes & Fragrances,"GUESS Marciano for Men - Eau de Toilette, 100ml",6,273,1638,Net Banking,2023,9,September,Sunday
ORD-2024-01225,12-Jun-24,C0515,P0434,"Casio Men's Silver Dial Leather Band Watch - MTP-1374L-7, Analog, Quartz",Watches,"Casio Men's Silver Dial Leather Band Watch - MTP-1374L-7, Analog, Quartz",4,2802.74,11210.96,UPI,2024,6,June,Wednesday
ORD-2024-01226,10-Apr-24,C0564,P0606,"T5 Watch For Men [Rubber,Chronograph]-H3397G-B",Watches,"T5 Watch For Men [Rubber,Chronograph]-H3397G-B",1,440,440,UPI,2024,4,April,Wednesday
ORD-2023-01227,25-Nov-23,C0089,P0436,"Fossil Townsman Watch For Men Analog Stainless Steel Band Me3103, Automatic",Watches,"Fossil Townsman Watch For Men Analog Stainless Steel Band Me3103, Automatic",2,929,1858,Net Banking,2023,11,November,Saturday
ORD-2023-01228,31-Dec-23,C0335,P0341,"Bebe Glam for Women - Eau de Parfum, 100ml",Perfumes & Fragrances,"Bebe Glam for Women - Eau de Parfum, 100ml",2,170,340,Wallet,2023,12,December,Sunday
ORD-2023-01229,5-Jun-23,C0016,P0265,Occhiali da Sole 8687 METALLO,Eyewear,Occhiali da Sole 8687 METALLO,6,1200,7200,COD,2023,6,June,Monday
ORD-2022-01230,4-Dec-22,C0657,P0039,Nike Md Runner 2 Running Shoes for Men - Black/White (43 EU),Athletic Shoes,Nike Md Runner 2 Running Shoes for Men - Black/White (43 EU),1,399,399,Wallet,2022,12,December,Sunday
ORD-2022-01231,9-Aug-22,C0174,P0210,Ray-Ban Pilot Sunglasses for Men - 3386-63-004-13,Eyewear,Ray-Ban Pilot Sunglasses for Men - 3386-63-004-13,2,1129.8,2259.6,Net Banking,2022,8,August,Tuesday
ORD-2025-01232,19-Jan-25,C0329,P0459,"Emporio Armani Men'S Black Dial Stainless Steel Band Watch Ar1977, Quartz, Analog",Watches,"Emporio Armani Men'S Black Dial Stainless Steel Band Watch Ar1977, Quartz, Analog",1,1148,1148,Credit Card,2025,1,January,Sunday
ORD-2024-01233,31-Mar-24,C0236,P0301,"Guess Seductive Homme for Men - Eau de Toilette, 100ml",Perfumes & Fragrances,"Guess Seductive Homme for Men - Eau de Toilette, 100ml",1,289,289,Net Banking,2024,3,March,Sunday
ORD-2025-01234,30-Apr-25,C0519,P0016,"Skechers GO WALK EVOLUTION ULTRA Sneaker for Men , Size 42 EU , Black",Athletic Shoes,"Skechers GO WALK EVOLUTION ULTRA Sneaker for Men , Size 42 EU , Black",2,279,558,Wallet,2025,4,April,Wednesday
ORD-2024-01235,22-Nov-24,C0024,P0391,"Under Armour Baseline Fleece Jogger7 Pant For Men , Size M , Brown",Sportswear,"Under Armour Baseline Fleece Jogger7 Pant For Men , Size M , Brown",1,239,239,Net Banking,2024,11,November,Friday
ORD-2024-01236,2-Oct-24,C0423,P0439,"Casio Women'S Blue Dial Stainless Steel Band Watch Ltp 1183A 2A, Quartz, Analog",Watches,"Casio Women'S Blue Dial Stainless Steel Band Watch Ltp 1183A 2A, Quartz, Analog",2,225,450,COD,2024,10,October,Wednesday
ORD-2025-01237,21-Jun-25,C0018,P0503,"Diesel Mega Chief Dz4329, Analog",Watches,"Diesel Mega Chief Dz4329, Analog",2,990,1980,Wallet,2025,6,June,Saturday
ORD-2023-01238,31-Dec-23,C0650,P0563,"Hugo Boss Dress Watch for Men , Stainless Steel , 1513597",Watches,"Hugo Boss Dress Watch for Men , Stainless Steel , 1513597",3,1345,4035,Wallet,2023,12,December,Sunday
ORD-2024-01239,28-Jan-24,C0153,P0291,Ray-Ban Rectangle Unisex Sunglasses - 3538 189/55 53,Eyewear,Ray-Ban Rectangle Unisex Sunglasses - 3538 189/55 53,1,950,950,Credit Card,2024,1,January,Sunday
ORD-2023-01240,29-Dec-23,C0168,P0555,Casio G-Shock Men's Watch GA100B-7ADR,Watches,Casio G-Shock Men's Watch GA100B-7ADR,1,672,672,Wallet,2023,12,December,Friday
ORD-2023-01241,21-Feb-23,C0369,P0276,"Calvin Klein Square Sunglasseses for Unisex , Grey ,  CKJ818S",Eyewear,"Calvin Klein Square Sunglasseses for Unisex , Grey ,  CKJ818S",2,950,1900,Net Banking,2023,2,February,Tuesday
ORD-2022-01242,18-Oct-22,C0535,P0478,Casio Unisex Illuminated Digital Dial Gold Tone Stainless Steel Band Watch [A168WG-9WDF],Watches,Casio Unisex Illuminated Digital Dial Gold Tone Stainless Steel Band Watch [A168WG-9WDF],1,168,168,Credit Card,2022,10,October,Tuesday
ORD-2024-01243,15-May-24,C0304,P0437,"Emporio Armani Watch For Men Stainless Steel Quartz Ar2499, Analog",Watches,"Emporio Armani Watch For Men Stainless Steel Quartz Ar2499, Analog",1,1596,1596,Debit Card,2024,5,May,Wednesday
ORD-2025-01244,31-Jan-25,C0290,P0243,Marc Jacobs Cat Eye Sunglasses for Unisex - Purple Lens,Eyewear,Marc Jacobs Cat Eye Sunglasses for Unisex - Purple Lens,1,850,850,Net Banking,2025,1,January,Friday
ORD-2024-01245,29-Dec-24,C0528,P0347,"Dolce & Gabbana The One for Men - Eau de Toilette, 100ml",Perfumes & Fragrances,"Dolce & Gabbana The One for Men - Eau de Toilette, 100ml",3,368,1104,Credit Card,2024,12,December,Sunday
ORD-2022-01246,11-Apr-22,C0638,P0039,Nike Md Runner 2 Running Shoes for Men - Black/White (43 EU),Athletic Shoes,Nike Md Runner 2 Running Shoes for Men - Black/White (43 EU),3,399,1197,Wallet,2022,4,April,Monday
ORD-2024-01247,7-May-24,C0652,P0457,"Akribos XXIV Men's Black Dial Metal Band Watch - AK814TTB, Analog, Japanese Quartz",Watches,"Akribos XXIV Men's Black Dial Metal Band Watch - AK814TTB, Analog, Japanese Quartz",2,1860,3720,UPI,2024,5,May,Tuesday
ORD-2024-01248,2-Dec-24,C0416,P0378,"Champion Hemmed Edge Pants For Men, S, Black",Sportswear,"Champion Hemmed Edge Pants For Men, S, Black",2,159,318,Wallet,2024,12,December,Monday
ORD-2025-01249,6-Apr-25,C0262,P0121,Lacoste Casual Shoe for Men Size 45 EU - Black,Casual & Dress Shoes,Lacoste Casual Shoe for Men Size 45 EU - Black,2,469,938,COD,2025,4,April,Sunday
ORD-2023-01250,30-Nov-23,C0089,P0434,"Casio Men's Silver Dial Leather Band Watch - MTP-1374L-7, Analog, Quartz",Watches,"Casio Men's Silver Dial Leather Band Watch - MTP-1374L-7, Analog, Quartz",1,1274.43,1274.43,Net Banking,2023,11,November,Thursday
ORD-2025-01251,1-Jan-25,C0597,P0375,Adidas  D2M HR 34 T Sport Tight for Women - Black,Sportswear,Adidas  D2M HR 34 T Sport Tight for Women - Black,1,180,180,UPI,2025,1,January,Wednesday
ORD-2022-01252,11-Nov-22,C0395,P0029,"Nike Flex Experience RN 8 Sneaker for Men , Size 42.5 EU , Grey",Athletic Shoes,"Nike Flex Experience RN 8 Sneaker for Men , Size 42.5 EU , Grey",1,359,359,Wallet,2022,11,November,Friday
ORD-2024-01253,21-Dec-24,C0020,P0425,Dockers Bifold Mens Wallet - 31DK240z01-Brown,Wallets,Dockers Bifold Mens Wallet - 31DK240z01-Brown,3,120,360,Debit Card,2024,12,December,Saturday
ORD-2024-01254,23-Jun-24,C0029,P0284,"Ray Ban Sunglasses For Unisex, Rb3025 001/51 58-14, Brown Lens, Aviator Frame",Eyewear,"Ray Ban Sunglasses For Unisex, Rb3025 001/51 58-14, Brown Lens, Aviator Frame",3,770,2310,Wallet,2024,6,June,Sunday
ORD-2024-01255,13-Sep-24,C0295,P0464,"Diesel Master Chief Men'S Gray Dial Leather Band Chronograph Watch Dz4290, Japanese Quartz, Analog",Watches,"Diesel Master Chief Men'S Gray Dial Leather Band Chronograph Watch Dz4290, Japanese Quartz, Analog",1,202.44,202.44,Wallet,2024,9,September,Friday
ORD-2022-01256,13-Feb-22,C0297,P0350,"United Colors Of Benetton Hot Gold for Women - Eau de Toilette , 100ml",Perfumes & Fragrances,"United Colors Of Benetton Hot Gold for Women - Eau de Toilette , 100ml",1,77,77,Wallet,2022,2,February,Sunday
ORD-2025-01257,19-Jun-25,C0398,P0354,"Tommy Girl By Tommy Hilfiger For Women - Eau De Toilette, 100 ml",Perfumes & Fragrances,"Tommy Girl By Tommy Hilfiger For Women - Eau De Toilette, 100 ml",1,385,385,Credit Card,2025,6,June,Thursday
ORD-2024-01258,21-Oct-24,C0454,P0091,Nike air Max Motion 2 Running Shoes for Men - atmosphere Grey/White (44 EU),Athletic Shoes,Nike air Max Motion 2 Running Shoes for Men - atmosphere Grey/White (44 EU),5,589,2945,UPI,2024,10,October,Monday
ORD-2022-01259,27-Aug-22,C0308,P0241,"Ray-Ban Sunglasses for Man , Lens Color Dark Green , 0RB3654 60 002/71",Eyewear,"Ray-Ban Sunglasses for Man , Lens Color Dark Green , 0RB3654 60 002/71",5,1060,5300,Credit Card,2022,8,August,Saturday
ORD-2024-01260,14-Nov-24,C0398,P0116,Lacoste Casual Shoe for Men Size 43 EU - Navy,Casual & Dress Shoes,Lacoste Casual Shoe for Men Size 43 EU - Navy,1,539,539,Net Banking,2024,11,November,Thursday
ORD-2022-01261,9-Dec-22,C0667,P0027,"adidas Grand Court Base Sneakers for Men, Size 42 2/3 EU, White - EE7904",Athletic Shoes,"adidas Grand Court Base Sneakers for Men, Size 42 2/3 EU, White - EE7904",2,569,1138,UPI,2022,12,December,Friday
ORD-2022-01262,1-Mar-22,C0601,P0195,"Tom Ford Men's Sunglasses Aviator Marley, Black/Blue",Eyewear,"Tom Ford Men's Sunglasses Aviator Marley, Black/Blue",1,1256,1256,Credit Card,2022,3,March,Tuesday
ORD-2023-01263,6-Oct-23,C0103,P0402,"Tommy Hilfiger Bifold WAllet For Men,LeAther,BlAck",Wallets,"Tommy Hilfiger Bifold WAllet For Men,LeAther,BlAck",1,430,430,COD,2023,10,October,Friday
ORD-2025-01264,5-Jan-25,C0668,P0441,"Casio  LTP-1275G-9A For Women Analog-Dress Watch, Stainless Steel, Quartz",Watches,"Casio  LTP-1275G-9A For Women Analog-Dress Watch, Stainless Steel, Quartz",1,162,162,Credit Card,2025,1,January,Sunday
ORD-2022-01265,3-Aug-22,C0068,P0134,Lacoste Casual Shoe for Men Size 44 EU - Black,Casual & Dress Shoes,Lacoste Casual Shoe for Men Size 44 EU - Black,4,639,2556,UPI,2022,8,August,Wednesday
ORD-2023-01266,30-Nov-23,C0090,P0505,Lacoste Legacy Men's Black Dial Leather Band Watch - 2010982,Watches,Lacoste Legacy Men's Black Dial Leather Band Watch - 2010982,1,855,855,UPI,2023,11,November,Thursday
ORD-2022-01267,8-Nov-22,C0609,P0270,"Ray-Ban Unisex's Rb4075 Sunglasses, Tortoise, 61",Eyewear,"Ray-Ban Unisex's Rb4075 Sunglasses, Tortoise, 61",1,1169,1169,Net Banking,2022,11,November,Tuesday
ORD-2023-01268,8-Mar-23,C0667,P0487,JBW Women's Mondrian Jewelry Set 0.16 ctw Diamond 18K Rose Gold-Plated Stainless Steel Watch - J6303-SetC,Watches,JBW Women's Mondrian Jewelry Set 0.16 ctw Diamond 18K Rose Gold-Plated Stainless Steel Watch - J6303-SetC,1,3124,3124,Wallet,2023,3,March,Wednesday
ORD-2022-01269,4-Jan-22,C0062,P0331,"Eternity by Calvin Klein for Men - Eau de Toilette, 100ml",Perfumes & Fragrances,"Eternity by Calvin Klein for Men - Eau de Toilette, 100ml",6,322,1932,Credit Card,2022,1,January,Tuesday
ORD-2023-01270,19-Dec-23,C0133,P0041,"Adidas Courtsmash Perforated Genuine Leather Mesh-Accent Lace-up Side-Stripe Tennis Athletic Shoes for Men - Core Black, 44",Athletic Shoes,"Adidas Courtsmash Perforated Genuine Leather Mesh-Accent Lace-up Side-Stripe Tennis Athletic Shoes for Men - Core Black, 44",2,259,518,Net Banking,2023,12,December,Tuesday
ORD-2022-01271,19-Jul-22,C0293,P0105,Jack and Jones Shoes for Men  - Black - 43 EU,Casual & Dress Shoes,Jack and Jones Shoes for Men  - Black - 43 EU,2,209,418,Wallet,2022,7,July,Tuesday
ORD-2023-01272,25-Mar-23,C0618,P0335,"Fendi Furiosa for Women - Eau de Parfum, 50ml",Perfumes & Fragrances,"Fendi Furiosa for Women - Eau de Parfum, 50ml",2,439,878,Debit Card,2023,3,March,Saturday
ORD-2025-01273,28-Jun-25,C0611,P0405,Montblanc Meisterstuck 6 CC Leather Wallet -114462-Black,Wallets,Montblanc Meisterstuck 6 CC Leather Wallet -114462-Black,3,1100,3300,Debit Card,2025,6,June,Saturday
ORD-2025-01274,7-May-25,C0659,P0389,"Nike 886191, Men's Tank Top, Men's, 886191, black, Medium",Sportswear,"Nike 886191, Men's Tank Top, Men's, 886191, black, Medium",2,269,538,COD,2025,5,May,Wednesday
ORD-2024-01275,21-Sep-24,C0641,P0046,"Asics GEL-Kayano 26 Running Shoes for Women, Multi Color, 38 EU",Athletic Shoes,"Asics GEL-Kayano 26 Running Shoes for Women, Multi Color, 38 EU",1,839,839,Debit Card,2024,9,September,Saturday
ORD-2022-01276,20-Aug-22,C0449,P0325,"Versace Eros Pour Femme for Women - Eau de Parfum, 100ml",Perfumes & Fragrances,"Versace Eros Pour Femme for Women - Eau de Parfum, 100ml",3,342,1026,Debit Card,2022,8,August,Saturday
ORD-2023-01277,7-May-23,C0178,P0156,Ray Ban Classic Aviator Gold Unisex Sunglasses - Rb3025 -58-14-135,Eyewear,Ray Ban Classic Aviator Gold Unisex Sunglasses - Rb3025 -58-14-135,3,850,2550,Wallet,2023,5,May,Sunday
ORD-2024-01278,25-Aug-24,C0065,P0407,"Michael Kors Wristlet for Women, Yellow",Wallets,"Michael Kors Wristlet for Women, Yellow",1,620,620,Wallet,2024,8,August,Sunday
ORD-2024-01279,28-Dec-24,C0439,P0537,Akribos XXIV Women's Cream Dial Mixed Material Band Watch Set - AK766YG,Watches,Akribos XXIV Women's Cream Dial Mixed Material Band Watch Set - AK766YG,1,909,909,Credit Card,2024,12,December,Saturday
ORD-2022-01280,14-Dec-22,C0315,P0031,Nike Shoes for Men Size 43 EU - Blue,Athletic Shoes,Nike Shoes for Men Size 43 EU - Blue,1,319,319,Debit Card,2022,12,December,Wednesday
ORD-2022-01281,15-Jan-22,C0171,P0508,"Akribos XXIV Women's Gold Dial Mixed Material Band Watch Set - AK738YG, Analog, Swiss Quartz and Japanese Quartz",Watches,"Akribos XXIV Women's Gold Dial Mixed Material Band Watch Set - AK738YG, Analog, Swiss Quartz and Japanese Quartz",2,2990,5980,Credit Card,2022,1,January,Saturday
ORD-2025-01282,25-Feb-25,C0201,P0065,"Nike Flexmethod Tr Nylon-Mesh Back Rubber Detail Training Shoes with Pull-Tab for Men - Wolf Grey, 43",Athletic Shoes,"Nike Flexmethod Tr Nylon-Mesh Back Rubber Detail Training Shoes with Pull-Tab for Men - Wolf Grey, 43",1,4804.87,4804.87,Wallet,2025,2,February,Tuesday
ORD-2024-01283,18-Dec-24,C0194,P0067,"Adidas Lite Racer RBN Nylon Mesh Side Stripe Running Shoes with Pull Tab for Men - Core Black, 43 1/3",Athletic Shoes,"Adidas Lite Racer RBN Nylon Mesh Side Stripe Running Shoes with Pull Tab for Men - Core Black, 43 1/3",4,2629.01,10516.04,COD,2024,12,December,Wednesday
ORD-2024-01284,19-Dec-24,C0072,P0599,Invicta Pro Diver Men's Black Dial Stainless Steel Band Automatic Watch - INVICTA-8929OB,Watches,Invicta Pro Diver Men's Black Dial Stainless Steel Band Automatic Watch - INVICTA-8929OB,2,1181,2362,UPI,2024,12,December,Thursday
ORD-2023-01285,10-Dec-23,C0418,P0320,"Bentley Intense for Men - Eau de Parfum, 100ml",Perfumes & Fragrances,"Bentley Intense for Men - Eau de Parfum, 100ml",1,294,294,Debit Card,2023,12,December,Sunday
ORD-2022-01286,18-Dec-22,C0552,P0113,"Lacoste Carnaby Lace Up Shoes For Men Size 42 EU, White",Casual & Dress Shoes,"Lacoste Carnaby Lace Up Shoes For Men Size 42 EU, White",1,519,519,UPI,2022,12,December,Sunday
ORD-2022-01287,21-Oct-22,C0290,P0304,"Guess Girl for Women - Eau de Toilette, 100ml",Perfumes & Fragrances,"Guess Girl for Women - Eau de Toilette, 100ml",1,263,263,UPI,2022,10,October,Friday
ORD-2022-01288,13-Jan-22,C0136,P0556,Michael Kors Lexington Women's White Dial Stainless Steel Band Watch - MK3230,Watches,Michael Kors Lexington Women's White Dial Stainless Steel Band Watch - MK3230,1,762,762,UPI,2022,1,January,Thursday
ORD-2023-01289,25-Oct-23,C0036,P0539,"Casio Men's Ana-Digi Dial Stainless Steel Band Watch - AW-82D-1AVDF, Quartz",Watches,"Casio Men's Ana-Digi Dial Stainless Steel Band Watch - AW-82D-1AVDF, Quartz",4,336,1344,Debit Card,2023,10,October,Wednesday
ORD-2024-01290,11-Apr-24,C0425,P0009,"Nike Air Zoom Pegasus 36 Running Sneakers for Men , Black , Size 43 EU",Athletic Shoes,"Nike Air Zoom Pegasus 36 Running Sneakers for Men , Black , Size 43 EU",2,609,1218,UPI,2024,4,April,Thursday
ORD-2022-01291,5-Aug-22,C0291,P0059,"adidas Pro Next 2019 GCA Sneaker for Men , Size 42.7 EU , Black",Athletic Shoes,"adidas Pro Next 2019 GCA Sneaker for Men , Size 42.7 EU , Black",8,389,3112,Wallet,2022,8,August,Friday
ORD-2025-01292,5-Jun-25,C0506,P0086,"Asics Gel-Lyte Runner Sneakers for Men, Multicolour, 42 EU",Athletic Shoes,"Asics Gel-Lyte Runner Sneakers for Men, Multicolour, 42 EU",1,309,309,Wallet,2025,6,June,Thursday
ORD-2023-01293,17-Feb-23,C0076,P0389,"Nike 886191, Men's Tank Top, Men's, 886191, black, Medium",Sportswear,"Nike 886191, Men's Tank Top, Men's, 886191, black, Medium",1,269,269,UPI,2023,2,February,Friday
ORD-2025-01294,15-Feb-25,C0640,P0255,"Ray-Ban Clubmaster Unisex Sunglasses - 3016 1145/17 49, Blue Lens",Eyewear,"Ray-Ban Clubmaster Unisex Sunglasses - 3016 1145/17 49, Blue Lens",1,890,890,Debit Card,2025,2,February,Saturday
ORD-2024-01295,9-May-24,C0282,P0447,Tissot Everytime Women's Silver Dial Stainless Steel Band Watch - T057.910.22.037.00,Watches,Tissot Everytime Women's Silver Dial Stainless Steel Band Watch - T057.910.22.037.00,3,1680,5040,Net Banking,2024,5,May,Thursday
ORD-2024-01296,27-Apr-24,C0204,P0054,"Nike Air Zoom Vomero 14 Running Sneakers for Men , Black , Size 44 EU",Athletic Shoes,"Nike Air Zoom Vomero 14 Running Sneakers for Men , Black , Size 44 EU",2,709,1418,Net Banking,2024,4,April,Saturday
ORD-2023-01297,22-Mar-23,C0556,P0368,Adidas Must Haves 3-Stripes Sport T-Shirt for Men - Black & White,Sportswear,Adidas Must Haves 3-Stripes Sport T-Shirt for Men - Black & White,3,140,420,Net Banking,2023,3,March,Wednesday
ORD-2024-01298,12-Sep-24,C0359,P0182,"Ray Ban Aviator Sunglasses for Unisex - Green Lens, RB3025 55 W3234",Eyewear,"Ray Ban Aviator Sunglasses for Unisex - Green Lens, RB3025 55 W3234",2,1039.5,2079,Credit Card,2024,9,September,Thursday
ORD-2024-01299,5-Dec-24,C0051,P0052,Nike SB Check Solar Cnvs Skate Boarding Shoes For Men,Athletic Shoes,Nike SB Check Solar Cnvs Skate Boarding Shoes For Men,1,279,279,Debit Card,2024,12,December,Thursday
ORD-2024-01300,14-Oct-24,C0145,P0176,CARRERA Men's Sunglasses Round Carrera 126/S Shnblckgd,Eyewear,CARRERA Men's Sunglasses Round Carrera 126/S Shnblckgd,2,750,1500,Wallet,2024,10,October,Monday
ORD-2024-01301,17-Jul-24,C0001,P0240,"Vogue Sunglasses for Women - Size 54, Blue Frame, 0VO2990S 23254854",Eyewear,"Vogue Sunglasses for Women - Size 54, Blue Frame, 0VO2990S 23254854",1,714,714,Wallet,2024,7,July,Wednesday
ORD-2022-01302,10-Dec-22,C0264,P0307,"Body By Burberry For Women - Eau De Parfum, 85Ml",Perfumes & Fragrances,"Body By Burberry For Women - Eau De Parfum, 85Ml",2,263,526,Credit Card,2022,12,December,Saturday
ORD-2024-01303,16-Dec-24,C0652,P0494,JBW Jet Setter Men's 234 Diamonds Gold Dial Gold Plated Stainless Steel Band Watch - JB-6213-A,Watches,JBW Jet Setter Men's 234 Diamonds Gold Dial Gold Plated Stainless Steel Band Watch - JB-6213-A,1,29970,29970,Credit Card,2024,12,December,Monday
ORD-2022-01304,23-Aug-22,C0549,P0399,Levis Bifold Mens Wallet - 31LV240012-Black,Wallets,Levis Bifold Mens Wallet - 31LV240012-Black,2,110,220,COD,2022,8,August,Tuesday
ORD-2023-01305,7-Nov-23,C0604,P0392,"Tommy Hilfiger Bifold WAllet For Women,LeAther,Multi Color",Wallets,"Tommy Hilfiger Bifold WAllet For Women,LeAther,Multi Color",1,469,469,Wallet,2023,11,November,Tuesday
ORD-2022-01306,10-Feb-22,C0530,P0362,"Under Armour T-Shirt for Men, Size L - Grey",Sportswear,"Under Armour T-Shirt for Men, Size L - Grey",3,139,417,COD,2022,2,February,Thursday
ORD-2024-01307,6-Dec-24,C0384,P0074,"Asics Gel Kayano 25 SP Sneaker for Women, Black/Pink, 37 EU",Athletic Shoes,"Asics Gel Kayano 25 SP Sneaker for Women, Black/Pink, 37 EU",2,749,1498,Credit Card,2024,12,December,Friday
ORD-2022-01308,4-Dec-22,C0214,P0368,Adidas Must Haves 3-Stripes Sport T-Shirt for Men - Black & White,Sportswear,Adidas Must Haves 3-Stripes Sport T-Shirt for Men - Black & White,5,140,700,UPI,2022,12,December,Sunday
ORD-2022-01309,19-Nov-22,C0211,P0360,Under Armour Training T-Shirt for Men,Sportswear,Under Armour Training T-Shirt for Men,1,139,139,COD,2022,11,November,Saturday
ORD-2025-01310,28-Feb-25,C0371,P0457,"Akribos XXIV Men's Black Dial Metal Band Watch - AK814TTB, Analog, Japanese Quartz",Watches,"Akribos XXIV Men's Black Dial Metal Band Watch - AK814TTB, Analog, Japanese Quartz",1,1860,1860,UPI,2025,2,February,Friday
ORD-2024-01311,16-Oct-24,C0414,P0150,"Polaroid Sunglasses for Unisex , Blue",Eyewear,"Polaroid Sunglasses for Unisex , Blue",1,250,250,Wallet,2024,10,October,Wednesday
ORD-2023-01312,5-Mar-23,C0388,P0267,"Ray-Ban Sunglasses For Men, Size 51 mm, 4246, 51, 990, N.C, Green Lens, Round Frame",Eyewear,"Ray-Ban Sunglasses For Men, Size 51 mm, 4246, 51, 990, N.C, Green Lens, Round Frame",2,790,1580,Debit Card,2023,3,March,Sunday
ORD-2025-01313,22-Jun-25,C0578,P0475,Ferrari Pilota Men's Black Dial Stainless Steel Watch - 830389,Watches,Ferrari Pilota Men's Black Dial Stainless Steel Watch - 830389,3,3753.64,11260.92,COD,2025,6,June,Sunday
ORD-2022-01314,9-Nov-22,C0650,P0150,"Polaroid Sunglasses for Unisex , Blue",Eyewear,"Polaroid Sunglasses for Unisex , Blue",1,250,250,Credit Card,2022,11,November,Wednesday
ORD-2024-01315,15-Dec-24,C0424,P0167,Ray-Ban Sunglasses for Unisex -0RB3552i,Eyewear,Ray-Ban Sunglasses for Unisex -0RB3552i,3,614,1842,COD,2024,12,December,Sunday
ORD-2024-01316,9-Apr-24,C0071,P0434,"Casio Men's Silver Dial Leather Band Watch - MTP-1374L-7, Analog, Quartz",Watches,"Casio Men's Silver Dial Leather Band Watch - MTP-1374L-7, Analog, Quartz",2,4870.72,9741.44,Wallet,2024,4,April,Tuesday
ORD-2025-01317,2-Jan-25,C0304,P0536,"Watch for Women by Tory Burch, Buddy Signature, Pink, Leather, trb2004",Watches,"Watch for Women by Tory Burch, Buddy Signature, Pink, Leather, trb2004",2,1113,2226,Debit Card,2025,1,January,Thursday
ORD-2023-01318,13-Aug-23,C0285,P0135,Lacoste Casual Shoe for Men Size 44 EU - White,Casual & Dress Shoes,Lacoste Casual Shoe for Men Size 44 EU - White,2,469,938,Credit Card,2023,8,August,Sunday
ORD-2024-01319,12-Dec-24,C0155,P0005,"adidas ASWEERUN Sneaker for Mens, Grey - Size 43.3 EU",Athletic Shoes,"adidas ASWEERUN Sneaker for Mens, Grey - Size 43.3 EU",2,259,518,Credit Card,2024,12,December,Thursday
ORD-2023-01320,8-Jan-23,C0402,P0068,Asics Gel-Nimbus 21 Sp Sneaker for Women Multi Color 38 EU,Athletic Shoes,Asics Gel-Nimbus 21 Sp Sneaker for Women Multi Color 38 EU,2,629,1258,Wallet,2023,1,January,Sunday
ORD-2024-01321,4-May-24,C0240,P0536,"Watch for Women by Tory Burch, Buddy Signature, Pink, Leather, trb2004",Watches,"Watch for Women by Tory Burch, Buddy Signature, Pink, Leather, trb2004",3,1113,3339,COD,2024,5,May,Saturday
ORD-2024-01322,15-Jul-24,C0301,P0037,Nike Flex Essential Training Shoes for Women (Black - 38 EU),Athletic Shoes,Nike Flex Essential Training Shoes for Women (Black - 38 EU),7,309,2163,Net Banking,2024,7,July,Monday
ORD-2024-01323,16-Jun-24,C0618,P0026,"Nike SB ALLEYOOP Sneaker for Mens, Black, 42 EU",Athletic Shoes,"Nike SB ALLEYOOP Sneaker for Mens, Black, 42 EU",1,349,349,COD,2024,6,June,Sunday
ORD-2025-01324,5-Apr-25,C0322,P0404,Montblanc bifold Wallet For Men Sartorial 118391-Black,Wallets,Montblanc bifold Wallet For Men Sartorial 118391-Black,1,850,850,Net Banking,2025,4,April,Saturday
ORD-2022-01325,15-Oct-22,C0202,P0566,Seiko Men's Black Dial Stainless Steel Band Watch - SNK375J1,Watches,Seiko Men's Black Dial Stainless Steel Band Watch - SNK375J1,6,691,4146,Debit Card,2022,10,October,Saturday
ORD-2024-01326,25-Nov-24,C0652,P0075,"Asics GEL-Nimbus 20 Sneaker for Men, Grey, 36 EU",Athletic Shoes,"Asics GEL-Nimbus 20 Sneaker for Men, Grey, 36 EU",2,749,1498,COD,2024,11,November,Monday
ORD-2024-01327,18-Aug-24,C0010,P0264,"Ray-Ban Men's Injected Man Sunglass Polarized Iridium Rectangular, BLACK 64 mm",Eyewear,"Ray-Ban Men's Injected Man Sunglass Polarized Iridium Rectangular, BLACK 64 mm",2,1115,2230,Wallet,2024,8,August,Sunday
ORD-2022-01328,20-Nov-22,C0663,P0336,"Calvin Klein Euphoria Intense for Men - Eau de Toilette, 100ml",Perfumes & Fragrances,"Calvin Klein Euphoria Intense for Men - Eau de Toilette, 100ml",1,282,282,Net Banking,2022,11,November,Sunday
ORD-2024-01329,18-Oct-24,C0095,P0500,"Diesel Mr. Daddy For Men Analog Gunmetal Ion Plated Stainless Steel Band Watch Dz7315, Quartz",Watches,"Diesel Mr. Daddy For Men Analog Gunmetal Ion Plated Stainless Steel Band Watch Dz7315, Quartz",1,1545,1545,Credit Card,2024,10,October,Friday
ORD-2024-01330,21-Jul-24,C0167,P0560,"Fossil Nate Men'S Black Dial Stainless Steel Band Watch Jr1527, Quartz, Analog",Watches,"Fossil Nate Men'S Black Dial Stainless Steel Band Watch Jr1527, Quartz, Analog",1,775,775,Debit Card,2024,7,July,Sunday
ORD-2024-01331,15-Jun-24,C0351,P0041,"Adidas Courtsmash Perforated Genuine Leather Mesh-Accent Lace-up Side-Stripe Tennis Athletic Shoes for Men - Core Black, 44",Athletic Shoes,"Adidas Courtsmash Perforated Genuine Leather Mesh-Accent Lace-up Side-Stripe Tennis Athletic Shoes for Men - Core Black, 44",2,259,518,Wallet,2024,6,June,Saturday
ORD-2022-01332,23-Jun-22,C0105,P0104,Hugo Boss Casual Shoe for Men Size 43 EU - Navy,Casual & Dress Shoes,Hugo Boss Casual Shoe for Men Size 43 EU - Navy,7,759,5313,Credit Card,2022,6,June,Thursday
ORD-2024-01333,7-Nov-24,C0187,P0410,"Tommy Hilfiger Bifold Wallet For Men,Leather,Black",Wallets,"Tommy Hilfiger Bifold Wallet For Men,Leather,Black",1,419,419,Wallet,2024,11,November,Thursday
ORD-2023-01334,3-Jul-23,C0015,P0130,"Puma Fashion Sneakers Casual Shoe  For Men , Navy , 41 EU",Casual & Dress Shoes,"Puma Fashion Sneakers Casual Shoe  For Men , Navy , 41 EU",1,320,320,Credit Card,2023,7,July,Monday
ORD-2023-01335,8-May-23,C0559,P0331,"Eternity by Calvin Klein for Men - Eau de Toilette, 100ml",Perfumes & Fragrances,"Eternity by Calvin Klein for Men - Eau de Toilette, 100ml",1,322,322,COD,2023,5,May,Monday
ORD-2025-01336,2-Mar-25,C0256,P0527,Tissot T055.217.16.033.01 For Men Analog Casual Watch Leather,Watches,Tissot T055.217.16.033.01 For Men Analog Casual Watch Leather,2,1840,3680,UPI,2025,3,March,Sunday
ORD-2022-01337,27-Nov-22,C0050,P0047,"asics GEL-NIMBUS 22 Running Shoes for Women, Pink, 38 EU",Athletic Shoes,"asics GEL-NIMBUS 22 Running Shoes for Women, Pink, 38 EU",5,839,4195,UPI,2022,11,November,Sunday
ORD-2025-01338,6-Feb-25,C0351,P0502,"Casio His & Hers Black Dial Stainless Steel Band Couple Watch - MTP/LTP-V004D-1B For Unisex, Analog, Japanese Quartz",Watches,"Casio His & Hers Black Dial Stainless Steel Band Couple Watch - MTP/LTP-V004D-1B For Unisex, Analog, Japanese Quartz",2,270,540,Credit Card,2025,2,February,Thursday
ORD-2024-01339,4-Dec-24,C0536,P0162,"Carrera Aviator Men's Sunglasses - Carrera 113/S -003-57-17-145-QT, 145 mm Green",Eyewear,"Carrera Aviator Men's Sunglasses - Carrera 113/S -003-57-17-145-QT, 145 mm Green",3,750,2250,Credit Card,2024,12,December,Wednesday
ORD-2024-01340,11-Dec-24,C0440,P0148,"Ray-Ban Rectangular Unisex Sunglasses - Rb4165 601/71 54-16, Green Lens, Rectangle Frame",Eyewear,"Ray-Ban Rectangular Unisex Sunglasses - Rb4165 601/71 54-16, Green Lens, Rectangle Frame",1,725,725,Wallet,2024,12,December,Wednesday
ORD-2024-01341,26-Dec-24,C0399,P0127,"Nike Air Force 1 '07 Sneaker For Men , Grey",Casual & Dress Shoes,"Nike Air Force 1 '07 Sneaker For Men , Grey",4,529,2116,Credit Card,2024,12,December,Thursday
ORD-2023-01342,9-Sep-23,C0033,P0156,Ray Ban Classic Aviator Gold Unisex Sunglasses - Rb3025 -58-14-135,Eyewear,Ray Ban Classic Aviator Gold Unisex Sunglasses - Rb3025 -58-14-135,1,850,850,COD,2023,9,September,Saturday
ORD-2022-01343,24-Dec-22,C0206,P0584,Burberry Women's Gold Dial Stainless Steel Band Watch - BU9235,Watches,Burberry Women's Gold Dial Stainless Steel Band Watch - BU9235,3,2960,8880,Net Banking,2022,12,December,Saturday
ORD-2022-01344,29-May-22,C0069,P0447,Tissot Everytime Women's Silver Dial Stainless Steel Band Watch - T057.910.22.037.00,Watches,Tissot Everytime Women's Silver Dial Stainless Steel Band Watch - T057.910.22.037.00,1,1680,1680,Credit Card,2022,5,May,Sunday
ORD-2024-01345,20-Feb-24,C0576,P0383,"Bodytalk Training T-shirt for Men, Size M, Cotton - White",Sportswear,"Bodytalk Training T-shirt for Men, Size M, Cotton - White",10,69,690,Net Banking,2024,2,February,Tuesday
ORD-2022-01346,26-May-22,C0145,P0365,adidas Logo Sport Tank Top for Women - Black,Sportswear,adidas Logo Sport Tank Top for Women - Black,1,155,155,Credit Card,2022,5,May,Thursday
ORD-2023-01347,30-Dec-23,C0445,P0335,"Fendi Furiosa for Women - Eau de Parfum, 50ml",Perfumes & Fragrances,"Fendi Furiosa for Women - Eau de Parfum, 50ml",1,439,439,Credit Card,2023,12,December,Saturday
ORD-2024-01348,17-Dec-24,C0300,P0463,Tissot Womens Round Black Dial Silicone Bracelet Watch [T048.217.27.057.00],Watches,Tissot Womens Round Black Dial Silicone Bracelet Watch [T048.217.27.057.00],1,2370,2370,COD,2024,12,December,Tuesday
ORD-2023-01349,12-Jan-23,C0548,P0435,JBW 562 Men's 12 Diamonds Gold Dial Gold-Plated Stainless Steel Band Watch - JB-6225-M,Watches,JBW 562 Men's 12 Diamonds Gold Dial Gold-Plated Stainless Steel Band Watch - JB-6225-M,1,2749,2749,UPI,2023,1,January,Thursday
ORD-2022-01350,11-Apr-22,C0548,P0527,Tissot T055.217.16.033.01 For Men Analog Casual Watch Leather,Watches,Tissot T055.217.16.033.01 For Men Analog Casual Watch Leather,3,1840,5520,Wallet,2022,4,April,Monday
ORD-2022-01351,11-Jan-22,C0036,P0465,Hugo Boss Dress Watch For Men Analog Leather - 1513279,Watches,Hugo Boss Dress Watch For Men Analog Leather - 1513279,1,1435,1435,Net Banking,2022,1,January,Tuesday
ORD-2022-01352,15-Nov-22,C0283,P0353,"Roberto Cavalli Paradiso for Women - Eau de Parfum, 50ml",Perfumes & Fragrances,"Roberto Cavalli Paradiso for Women - Eau de Parfum, 50ml",3,510,1530,UPI,2022,11,November,Tuesday
ORD-2023-01353,29-Jul-23,C0046,P0433,"Burberry BU9509 For Women (Analog, Casual Watch), Leather",Watches,"Burberry BU9509 For Women (Analog, Casual Watch), Leather",6,2040,12240,Wallet,2023,7,July,Saturday
ORD-2024-01354,29-Jan-24,C0032,P0210,Ray-Ban Pilot Sunglasses for Men - 3386-63-004-13,Eyewear,Ray-Ban Pilot Sunglasses for Men - 3386-63-004-13,1,1129.8,1129.8,COD,2024,1,January,Monday
ORD-2023-01355,28-Nov-23,C0380,P0265,Occhiali da Sole 8687 METALLO,Eyewear,Occhiali da Sole 8687 METALLO,1,1200,1200,Credit Card,2023,11,November,Tuesday
ORD-2022-01356,16-Mar-22,C0531,P0407,"Michael Kors Wristlet for Women, Yellow",Wallets,"Michael Kors Wristlet for Women, Yellow",4,620,2480,Net Banking,2022,3,March,Wednesday
ORD-2022-01357,24-Jul-22,C0605,P0569,Casio Men Black Dial Resin Band Watch aeq-110bw-9a,Watches,Casio Men Black Dial Resin Band Watch aeq-110bw-9a,2,313.95,627.9,UPI,2022,7,July,Sunday
ORD-2024-01358,10-Aug-24,C0462,P0024,"Nike air Zoom Pegasus 36 Sneaker for Men , Size 43 EU , Blue",Athletic Shoes,"Nike air Zoom Pegasus 36 Sneaker for Men , Size 43 EU , Blue",3,579,1737,Credit Card,2024,8,August,Saturday
ORD-2025-01359,10-May-25,C0296,P0117,"Lacoste Fairlead Fashion Sneakers Shoes for Men, Size 43 EU, White and Beige",Casual & Dress Shoes,"Lacoste Fairlead Fashion Sneakers Shoes for Men, Size 43 EU, White and Beige",2,469,938,Net Banking,2025,5,May,Saturday
ORD-2023-01360,14-Jul-23,C0036,P0366,"Adidas Must Haves Badge of Sport Tank Top for Men - Black & Grey, XL, DT9935",Sportswear,"Adidas Must Haves Badge of Sport Tank Top for Men - Black & Grey, XL, DT9935",1,115,115,Net Banking,2023,7,July,Friday
ORD-2024-01361,27-Apr-24,C0613,P0541,"Fossil Pilot 54 Men'S Black Dial Leather Band Chronograph Watch Fs5157, Quartz, Analog",Watches,"Fossil Pilot 54 Men'S Black Dial Leather Band Chronograph Watch Fs5157, Quartz, Analog",2,670,1340,UPI,2024,4,April,Saturday
ORD-2024-01362,21-Sep-24,C0367,P0213,"Ray-Ban Sunglasses Unisex , Lense Size 54 mm , Brown",Eyewear,"Ray-Ban Sunglasses Unisex , Lense Size 54 mm , Brown",7,997,6979,Credit Card,2024,9,September,Saturday
ORD-2022-01363,16-Oct-22,C0460,P0455,"Akribos XXIV Men's Silver Dial Stainless Steel Band Watch - AK813SS, Analog, Swiss Quartz",Watches,"Akribos XXIV Men's Silver Dial Stainless Steel Band Watch - AK813SS, Analog, Swiss Quartz",1,2610,2610,Net Banking,2022,10,October,Sunday
ORD-2025-01364,18-May-25,C0324,P0450,"Burberry Watch For Men,Stainless Steel Band, Quartz, BU9351, Analog",Watches,"Burberry Watch For Men,Stainless Steel Band, Quartz, BU9351, Analog",1,2865,2865,UPI,2025,5,May,Sunday
ORD-2025-01365,7-Apr-25,C0240,P0172,Ray-Ban Wrap Sunglasses for Men - RB3183-63-15-125,Eyewear,Ray-Ban Wrap Sunglasses for Men - RB3183-63-15-125,1,690,690,Credit Card,2025,4,April,Monday
ORD-2024-01366,17-Feb-24,C0312,P0411,"DOWNTOWN MINI CC WALLET Men’s Purse, Multicolour (Testa Di Moro), 0.1x0.1x0.1 centimeters (B x H x T)",Wallets,"DOWNTOWN MINI CC WALLET Men’s Purse, Multicolour (Testa Di Moro), 0.1x0.1x0.1 centimeters (B x H x T)",2,399,798,Wallet,2024,2,February,Saturday
ORD-2023-01367,17-Jun-23,C0663,P0532,JBW Men's 10 YR Anniversary GMT Globetrotter 0.21 ctw Diamond Watch - J6365-10A,Watches,JBW Men's 10 YR Anniversary GMT Globetrotter 0.21 ctw Diamond Watch - J6365-10A,1,2243,2243,Wallet,2023,6,June,Saturday
ORD-2024-01368,28-Nov-24,C0563,P0550,"Swarovski Crystalline Watch for Women Rose Gold Plated Analog, 5269250",Watches,"Swarovski Crystalline Watch for Women Rose Gold Plated Analog, 5269250",1,1997,1997,Credit Card,2024,11,November,Thursday
ORD-2023-01369,17-Dec-23,C0088,P0384,"Puma Lifestyle Sport Pant For Men , Black , L",Sportswear,"Puma Lifestyle Sport Pant For Men , Black , L",1,279,279,Net Banking,2023,12,December,Sunday
ORD-2022-01370,25-Jun-22,C0218,P0409,"Michael Kors Chain Wallet for Women , Multicolour",Wallets,"Michael Kors Chain Wallet for Women , Multicolour",1,360,360,UPI,2022,6,June,Saturday
ORD-2023-01371,12-May-23,C0462,P0039,Nike Md Runner 2 Running Shoes for Men - Black/White (43 EU),Athletic Shoes,Nike Md Runner 2 Running Shoes for Men - Black/White (43 EU),1,399,399,Credit Card,2023,5,May,Friday
ORD-2024-01372,5-Jan-24,C0455,P0088,"Asics Curreo II Sneakers for Men, Grey, 44 EU",Athletic Shoes,"Asics Curreo II Sneakers for Men, Grey, 44 EU",1,249,249,Wallet,2024,1,January,Friday
ORD-2025-01373,14-Feb-25,C0172,P0069,"Asics Gel-Quantum Infinity Sneakers for Men, Black, 43.5 EU",Athletic Shoes,"Asics Gel-Quantum Infinity Sneakers for Men, Black, 43.5 EU",3,749,2247,Credit Card,2025,2,February,Friday
ORD-2024-01374,11-Aug-24,C0089,P0417,guess Men's Wallet 31GUE11028-Black,Wallets,guess Men's Wallet 31GUE11028-Black,5,140,700,COD,2024,8,August,Sunday
ORD-2025-01375,7-Jan-25,C0149,P0509,"JBW Laurel Watch for Women , Stainless Steel , 9 Diamonds , J6330F",Watches,"JBW Laurel Watch for Women , Stainless Steel , 9 Diamonds , J6330F",1,4316,4316,COD,2025,1,January,Tuesday
ORD-2022-01376,15-Oct-22,C0008,P0040,"adidas STRUTTER Sneaker for Men , Size 42.7 EU , White",Athletic Shoes,"adidas STRUTTER Sneaker for Men , Size 42.7 EU , White",1,289,289,Wallet,2022,10,October,Saturday
ORD-2024-01377,29-May-24,C0509,P0524,"Casio Enticer Men's Blue Dial Stainless Steel Band Watch - MTP-1335D-2AV, Analog, Quartz",Watches,"Casio Enticer Men's Blue Dial Stainless Steel Band Watch - MTP-1335D-2AV, Analog, Quartz",1,4249.54,4249.54,Wallet,2024,5,May,Wednesday
ORD-2022-01378,10-Jul-22,C0179,P0167,Ray-Ban Sunglasses for Unisex -0RB3552i,Eyewear,Ray-Ban Sunglasses for Unisex -0RB3552i,2,614,1228,Wallet,2022,7,July,Sunday
ORD-2024-01379,10-Aug-24,C0498,P0197,"Ray-Ban Aviator Unisex Sunglasses - Rb3025-001/58-62 - 62-14-140 mm , Polarized Lens",Eyewear,"Ray-Ban Aviator Unisex Sunglasses - Rb3025-001/58-62 - 62-14-140 mm , Polarized Lens",1,980,980,Net Banking,2024,8,August,Saturday
ORD-2022-01380,18-Oct-22,C0181,P0469,Lacoste Women's Blue Dial Leather Band Watch - 2001006,Watches,Lacoste Women's Blue Dial Leather Band Watch - 2001006,1,605,605,UPI,2022,10,October,Tuesday
ORD-2022-01381,5-Nov-22,C0666,P0488,JBW Jet Setter Men's 234 Diamonds Gold Dial Stainless Steel Band Watch - JB-6213-E,Watches,JBW Jet Setter Men's 234 Diamonds Gold Dial Stainless Steel Band Watch - JB-6213-E,6,26220,157320,UPI,2022,11,November,Saturday
ORD-2023-01382,8-Nov-23,C0271,P0036,Nike Tanjun Running Shoe For Men (Black - 42 EU),Athletic Shoes,Nike Tanjun Running Shoe For Men (Black - 42 EU),3,349,1047,Wallet,2023,11,November,Wednesday
ORD-2025-01383,12-Feb-25,C0504,P0158,Ray-Ban Aviator Unisex Sunglasses - RB3025-004-58-58,Eyewear,Ray-Ban Aviator Unisex Sunglasses - RB3025-004-58-58,1,900,900,Debit Card,2025,2,February,Wednesday
ORD-2023-01384,16-Dec-23,C0205,P0162,"Carrera Aviator Men's Sunglasses - Carrera 113/S -003-57-17-145-QT, 145 mm Green",Eyewear,"Carrera Aviator Men's Sunglasses - Carrera 113/S -003-57-17-145-QT, 145 mm Green",1,750,750,Net Banking,2023,12,December,Saturday
ORD-2024-01385,10-Nov-24,C0052,P0078,"Asics Gel-Kayano 5.1 Sneakers for Men, Black, 44 EU",Athletic Shoes,"Asics Gel-Kayano 5.1 Sneakers for Men, Black, 44 EU",1,379,379,Wallet,2024,11,November,Sunday
ORD-2024-01386,6-May-24,C0355,P0283,"Ray-Ban Aviator Men's Sunglasses - Rb 3560-004/51 - 61-17-145 mm, Brown Lens",Eyewear,"Ray-Ban Aviator Men's Sunglasses - Rb 3560-004/51 - 61-17-145 mm, Brown Lens",9,840,7560,UPI,2024,5,May,Monday
ORD-2022-01387,1-Nov-22,C0157,P0537,Akribos XXIV Women's Cream Dial Mixed Material Band Watch Set - AK766YG,Watches,Akribos XXIV Women's Cream Dial Mixed Material Band Watch Set - AK766YG,1,909,909,COD,2022,11,November,Tuesday
ORD-2023-01388,5-Nov-23,C0628,P0399,Levis Bifold Mens Wallet - 31LV240012-Black,Wallets,Levis Bifold Mens Wallet - 31LV240012-Black,2,110,220,COD,2023,11,November,Sunday
ORD-2024-01389,15-May-24,C0085,P0557,JBW Caden 0.08 ctw Diamond Men's Black Dial Genuine Leather Band Watch - J6374B,Watches,JBW Caden 0.08 ctw Diamond Men's Black Dial Genuine Leather Band Watch - J6374B,2,1499,2998,Credit Card,2024,5,May,Wednesday
ORD-2023-01390,29-Dec-23,C0401,P0542,"JBW The G4 Calfskin Leather Band Men's Watch, 16 Diamonds, Swiss Multi-Function Movement (J6248LM)",Watches,"JBW The G4 Calfskin Leather Band Men's Watch, 16 Diamonds, Swiss Multi-Function Movement (J6248LM)",1,4481,4481,Wallet,2023,12,December,Friday
ORD-2024-01391,24-Oct-24,C0658,P0088,"Asics Curreo II Sneakers for Men, Grey, 44 EU",Athletic Shoes,"Asics Curreo II Sneakers for Men, Grey, 44 EU",1,249,249,UPI,2024,10,October,Thursday
ORD-2024-01392,12-Nov-24,C0095,P0513,Lacoste Casual Watch For Men Analog Leather - 2010910,Watches,Lacoste Casual Watch For Men Analog Leather - 2010910,1,575,575,UPI,2024,11,November,Tuesday
ORD-2024-01393,11-Jul-24,C0575,P0166,"Ray-Ban Aviator Sunglasses For Men - Rb3449-003/8G 59, Grey Lens",Eyewear,"Ray-Ban Aviator Sunglasses For Men - Rb3449-003/8G 59, Grey Lens",1,770,770,UPI,2024,7,July,Thursday
ORD-2025-01394,28-Jan-25,C0532,P0114,Lacoste Casual Shoe For Men Size 43 EU - White,Casual & Dress Shoes,Lacoste Casual Shoe For Men Size 43 EU - White,2,539,1078,Debit Card,2025,1,January,Tuesday
ORD-2022-01395,18-Apr-22,C0170,P0229,"Polaroid Cat Eye Women's Sunglasses - Pld 4066/S 08657La, Brown Lens",Eyewear,"Polaroid Cat Eye Women's Sunglasses - Pld 4066/S 08657La, Brown Lens",3,250,750,Wallet,2022,4,April,Monday
ORD-2024-01396,8-Nov-24,C0382,P0589,"Casio EF-558D-7A For Men-Analog, Sport Watch, Stainless Steel",Watches,"Casio EF-558D-7A For Men-Analog, Sport Watch, Stainless Steel",3,931,2793,Wallet,2024,11,November,Friday
ORD-2023-01397,25-Feb-23,C0170,P0093,"Skechers BOUNDER Sneaker for Men , Size 42.5 EU , Black",Athletic Shoes,"Skechers BOUNDER Sneaker for Men , Size 42.5 EU , Black",1,984.86,984.86,Net Banking,2023,2,February,Saturday
ORD-2023-01398,8-Oct-23,C0152,P0109,"Polo Ralph Lauren Fashion Sneakers For Men Size 44 EU , Black",Casual & Dress Shoes,"Polo Ralph Lauren Fashion Sneakers For Men Size 44 EU , Black",1,329,329,COD,2023,10,October,Sunday
ORD-2022-01399,12-Dec-22,C0229,P0020,Nike Tanjun Sneaker For Men (Black - 43 EU),Athletic Shoes,Nike Tanjun Sneaker For Men (Black - 43 EU),4,349,1396,Credit Card,2022,12,December,Monday
ORD-2023-01400,2-Dec-23,C0468,P0264,"Ray-Ban Men's Injected Man Sunglass Polarized Iridium Rectangular, BLACK 64 mm",Eyewear,"Ray-Ban Men's Injected Man Sunglass Polarized Iridium Rectangular, BLACK 64 mm",1,1115,1115,COD,2023,12,December,Saturday
ORD-2023-01401,22-Mar-23,C0553,P0599,Invicta Pro Diver Men's Black Dial Stainless Steel Band Automatic Watch - INVICTA-8929OB,Watches,Invicta Pro Diver Men's Black Dial Stainless Steel Band Automatic Watch - INVICTA-8929OB,1,1181,1181,Net Banking,2023,3,March,Wednesday
ORD-2023-01402,10-Nov-23,C0219,P0574,"Emporio Armani Men'S Silver Dial Stainless Steel Band Luigi Watch Ar11132, Quartz, Analog",Watches,"Emporio Armani Men'S Silver Dial Stainless Steel Band Luigi Watch Ar11132, Quartz, Analog",1,1327,1327,Debit Card,2023,11,November,Friday
ORD-2023-01403,20-Aug-23,C0305,P0311,"Montblanc Emblem for Men - Eau de Toilette, 100ml",Perfumes & Fragrances,"Montblanc Emblem for Men - Eau de Toilette, 100ml",1,336,336,Net Banking,2023,8,August,Sunday
ORD-2025-01404,5-Feb-25,C0120,P0337,"Scuderia Ferrari Black for Men - Eau de Toilette, 125ml",Perfumes & Fragrances,"Scuderia Ferrari Black for Men - Eau de Toilette, 125ml",1,199,199,UPI,2025,2,February,Wednesday
ORD-2024-01405,30-Aug-24,C0438,P0335,"Fendi Furiosa for Women - Eau de Parfum, 50ml",Perfumes & Fragrances,"Fendi Furiosa for Women - Eau de Parfum, 50ml",1,439,439,Net Banking,2024,8,August,Friday
ORD-2024-01406,7-Mar-24,C0392,P0412,"Tommy Hilfiger Corp Plaque Mini Cc Money Clip Wallets, Card Cases & Money Organizers, Black, 0 AM0AM05062",Wallets,"Tommy Hilfiger Corp Plaque Mini Cc Money Clip Wallets, Card Cases & Money Organizers, Black, 0 AM0AM05062",1,399,399,Debit Card,2024,3,March,Thursday
ORD-2024-01407,17-Nov-24,C0633,P0261,"Polaroid Kids' PLD 8016/N K7 SED Sunglasses, Havana Green Grey Speckled Pz, 48",Eyewear,"Polaroid Kids' PLD 8016/N K7 SED Sunglasses, Havana Green Grey Speckled Pz, 48",3,250,750,Wallet,2024,11,November,Sunday
ORD-2024-01408,2-Nov-24,C0443,P0506,JBW Victory Women's 16 Diamonds Mother of Pearl Dial Gold Plated Stainless Steel Band Watch - JB-6210-A,Watches,JBW Victory Women's 16 Diamonds Mother of Pearl Dial Gold Plated Stainless Steel Band Watch - JB-6210-A,1,5870,5870,Debit Card,2024,11,November,Saturday
ORD-2024-01409,14-Apr-24,C0239,P0318,"Elizabeth Arden 5th Avenue for Women - Eau de Parfum, 125ml",Perfumes & Fragrances,"Elizabeth Arden 5th Avenue for Women - Eau de Parfum, 125ml",1,385,385,COD,2024,4,April,Sunday
ORD-2025-01410,29-Jun-25,C0032,P0322,"Dunhill Fresh by Dunhill for Men - Eau de Toilette, 100ml",Perfumes & Fragrances,"Dunhill Fresh by Dunhill for Men - Eau de Toilette, 100ml",5,263,1315,Credit Card,2025,6,June,Sunday
ORD-2023-01411,25-Nov-23,C0520,P0520,"Emporio Armani Classic Men'S Blue Dial Stainless Steel Band Watch Ar2477, Japanese Quartz, Analog",Watches,"Emporio Armani Classic Men'S Blue Dial Stainless Steel Band Watch Ar2477, Japanese Quartz, Analog",1,1149,1149,Debit Card,2023,11,November,Saturday
ORD-2024-01412,24-Nov-24,C0210,P0517,"Casio Classic Unisex Gold Dial Resin Band Watch - MQ-24-9E, Analog, Quartz",Watches,"Casio Classic Unisex Gold Dial Resin Band Watch - MQ-24-9E, Analog, Quartz",1,45,45,Net Banking,2024,11,November,Sunday
ORD-2022-01413,12-May-22,C0553,P0084,"Asics Gel-Saga Sneakers for Women, White, 38 EU",Athletic Shoes,"Asics Gel-Saga Sneakers for Women, White, 38 EU",2,379,758,COD,2022,5,May,Thursday
ORD-2024-01414,11-Dec-24,C0646,P0059,"adidas Pro Next 2019 GCA Sneaker for Men , Size 42.7 EU , Black",Athletic Shoes,"adidas Pro Next 2019 GCA Sneaker for Men , Size 42.7 EU , Black",1,389,389,Net Banking,2024,12,December,Wednesday
ORD-2024-01415,15-Nov-24,C0063,P0328,"Chopard Wish for Women - Eau de Parfum, 75ml",Perfumes & Fragrances,"Chopard Wish for Women - Eau de Parfum, 75ml",2,209,418,UPI,2024,11,November,Friday
ORD-2022-01416,22-May-22,C0494,P0250,"Gucci Oval Unisex Sunglasses - Gg0124Sa00152 - 52-21-150 mm, Grey Lens",Eyewear,"Gucci Oval Unisex Sunglasses - Gg0124Sa00152 - 52-21-150 mm, Grey Lens",3,1619,4857,COD,2022,5,May,Sunday
ORD-2023-01417,13-Sep-23,C0199,P0420,"Levi's Men Slimfold Wallet, Brown 31LV220010",Wallets,"Levi's Men Slimfold Wallet, Brown 31LV220010",1,110,110,Credit Card,2023,9,September,Wednesday
ORD-2022-01418,20-Nov-22,C0106,P0197,"Ray-Ban Aviator Unisex Sunglasses - Rb3025-001/58-62 - 62-14-140 mm , Polarized Lens",Eyewear,"Ray-Ban Aviator Unisex Sunglasses - Rb3025-001/58-62 - 62-14-140 mm , Polarized Lens",2,980,1960,Wallet,2022,11,November,Sunday
ORD-2024-01419,11-Dec-24,C0501,P0398,guess Men's Wallet 31GUE13143-Black,Wallets,guess Men's Wallet 31GUE13143-Black,2,160,320,Net Banking,2024,12,December,Wednesday
ORD-2023-01420,10-Dec-23,C0066,P0298,"Davidoff Cool Water for Women - Eau de Toilette, 100ml",Perfumes & Fragrances,"Davidoff Cool Water for Women - Eau de Toilette, 100ml",1,279,279,UPI,2023,12,December,Sunday
ORD-2022-01421,26-Jun-22,C0075,P0524,"Casio Enticer Men's Blue Dial Stainless Steel Band Watch - MTP-1335D-2AV, Analog, Quartz",Watches,"Casio Enticer Men's Blue Dial Stainless Steel Band Watch - MTP-1335D-2AV, Analog, Quartz",3,1168.07,3504.21,Wallet,2022,6,June,Sunday
ORD-2025-01422,10-May-25,C0266,P0047,"asics GEL-NIMBUS 22 Running Shoes for Women, Pink, 38 EU",Athletic Shoes,"asics GEL-NIMBUS 22 Running Shoes for Women, Pink, 38 EU",1,839,839,Net Banking,2025,5,May,Saturday
ORD-2024-01423,16-Feb-24,C0332,P0038,"Adidas Duramo 9 Nylon Mesh Rubber-Accent Side-Stripe Lace-Up Running Athletic Shoes for Men - Core Black, 42 2/3",Athletic Shoes,"Adidas Duramo 9 Nylon Mesh Rubber-Accent Side-Stripe Lace-Up Running Athletic Shoes for Men - Core Black, 42 2/3",3,289,867,UPI,2024,2,February,Friday
ORD-2023-01424,16-Mar-23,C0073,P0292,"Oakley Men's Crossrange Sunglasses, Matte Black W/Prizm Black Polarized, 57",Eyewear,"Oakley Men's Crossrange Sunglasses, Matte Black W/Prizm Black Polarized, 57",2,1100,2200,COD,2023,3,March,Thursday
ORD-2025-01425,9-Mar-25,C0493,P0430,Lacoste Women's Silver Dial Leather Band Watch - 2001007,Watches,Lacoste Women's Silver Dial Leather Band Watch - 2001007,1,929,929,COD,2025,3,March,Sunday
ORD-2023-01426,22-May-23,C0416,P0546,"Akribos XXIV Men's Black Dial Leather Band Watch - AK769YG, Analog, Quartz",Watches,"Akribos XXIV Men's Black Dial Leather Band Watch - AK769YG, Analog, Quartz",7,1600,11200,Credit Card,2023,5,May,Monday
ORD-2023-01427,29-Jan-23,C0135,P0288,"Ray-Ban Clubmaster Women's Sunglasses - Rb4256-60926G-49 - 49-20-145, Grey Lens",Eyewear,"Ray-Ban Clubmaster Women's Sunglasses - Rb4256-60926G-49 - 49-20-145, Grey Lens",1,562,562,Debit Card,2023,1,January,Sunday
ORD-2022-01428,29-Aug-22,C0639,P0522,Michael Kors Skylar Champagne Dial Gold-tone Ladies Watch - MK5867,Watches,Michael Kors Skylar Champagne Dial Gold-tone Ladies Watch - MK5867,2,1013,2026,UPI,2022,8,August,Monday
ORD-2025-01429,7-May-25,C0165,P0275,"Arnette Sunglasses, Square, For Women, Grey, 0An4243 252181 60",Eyewear,"Arnette Sunglasses, Square, For Women, Grey, 0An4243 252181 60",7,500,3500,UPI,2025,5,May,Wednesday
ORD-2023-01430,16-Jan-23,C0478,P0347,"Dolce & Gabbana The One for Men - Eau de Toilette, 100ml",Perfumes & Fragrances,"Dolce & Gabbana The One for Men - Eau de Toilette, 100ml",2,368,736,Credit Card,2023,1,January,Monday
ORD-2024-01431,11-Apr-24,C0669,P0028,Nike Court Royale Sport Sneakers for Women - White/Metallic Silver Size - 38 EU,Athletic Shoes,Nike Court Royale Sport Sneakers for Women - White/Metallic Silver Size - 38 EU,2,319,638,Net Banking,2024,4,April,Thursday
ORD-2023-01432,10-Dec-23,C0453,P0434,"Casio Men's Silver Dial Leather Band Watch - MTP-1374L-7, Analog, Quartz",Watches,"Casio Men's Silver Dial Leather Band Watch - MTP-1374L-7, Analog, Quartz",1,4083.3,4083.3,Net Banking,2023,12,December,Sunday
ORD-2025-01433,12-Apr-25,C0515,P0405,Montblanc Meisterstuck 6 CC Leather Wallet -114462-Black,Wallets,Montblanc Meisterstuck 6 CC Leather Wallet -114462-Black,2,1100,2200,Credit Card,2025,4,April,Saturday
ORD-2022-01434,23-Apr-22,C0144,P0283,"Ray-Ban Aviator Men's Sunglasses - Rb 3560-004/51 - 61-17-145 mm, Brown Lens",Eyewear,"Ray-Ban Aviator Men's Sunglasses - Rb 3560-004/51 - 61-17-145 mm, Brown Lens",1,840,840,Net Banking,2022,4,April,Saturday
ORD-2025-01435,5-Jan-25,C0202,P0300,"Guess by Marciano for Women - Eau de Parfum, 100ml",Perfumes & Fragrances,"Guess by Marciano for Women - Eau de Parfum, 100ml",2,147,294,Wallet,2025,1,January,Sunday
ORD-2023-01436,13-May-23,C0343,P0245,"Miu Miu Rimless Women's Sunglasses - 56Ts-Xej1A1 - 63 mm, Black Lens",Eyewear,"Miu Miu Rimless Women's Sunglasses - 56Ts-Xej1A1 - 63 mm, Black Lens",3,2000,6000,Net Banking,2023,5,May,Saturday
ORD-2023-01437,11-Oct-23,C0352,P0483,JBW Alessandra for Women - Analog Stainless Steel Band Watch - JB-6217-C,Watches,JBW Alessandra for Women - Analog Stainless Steel Band Watch - JB-6217-C,3,5481,16443,UPI,2023,10,October,Wednesday
ORD-2025-01438,13-Feb-25,C0349,P0519,"Fossil Jacqueline Women'S Rose Gold Dial Stainless Steel Band Watch Es3546, Quartz, Analog",Watches,"Fossil Jacqueline Women'S Rose Gold Dial Stainless Steel Band Watch Es3546, Quartz, Analog",2,1452,2904,UPI,2025,2,February,Thursday
ORD-2024-01439,7-Nov-24,C0327,P0172,Ray-Ban Wrap Sunglasses for Men - RB3183-63-15-125,Eyewear,Ray-Ban Wrap Sunglasses for Men - RB3183-63-15-125,5,690,3450,UPI,2024,11,November,Thursday
ORD-2022-01440,3-Nov-22,C0443,P0420,"Levi's Men Slimfold Wallet, Brown 31LV220010",Wallets,"Levi's Men Slimfold Wallet, Brown 31LV220010",1,110,110,COD,2022,11,November,Thursday
ORD-2024-01441,17-Jun-24,C0041,P0041,"Adidas Courtsmash Perforated Genuine Leather Mesh-Accent Lace-up Side-Stripe Tennis Athletic Shoes for Men - Core Black, 44",Athletic Shoes,"Adidas Courtsmash Perforated Genuine Leather Mesh-Accent Lace-up Side-Stripe Tennis Athletic Shoes for Men - Core Black, 44",1,259,259,Credit Card,2024,6,June,Monday
ORD-2024-01442,26-May-24,C0137,P0373,"Adidas W E Lin Slim Tk Tank For Women - Black (Dp2359), S",Sportswear,"Adidas W E Lin Slim Tk Tank For Women - Black (Dp2359), S",1,100,100,UPI,2024,5,May,Sunday
ORD-2025-01443,6-Feb-25,C0506,P0241,"Ray-Ban Sunglasses for Man , Lens Color Dark Green , 0RB3654 60 002/71",Eyewear,"Ray-Ban Sunglasses for Man , Lens Color Dark Green , 0RB3654 60 002/71",2,1060,2120,COD,2025,2,February,Thursday
ORD-2022-01444,6-Apr-22,C0134,P0559,Casio Men's Black Dial Silicone Band Watch - GA-1000-1ADR,Watches,Casio Men's Black Dial Silicone Band Watch - GA-1000-1ADR,6,1034,6204,UPI,2022,4,April,Wednesday
ORD-2024-01445,3-Dec-24,C0469,P0428,"Nautica 31NU22X026-200 Bowline Passcase Wallet for Men - Leather, Brown",Wallets,"Nautica 31NU22X026-200 Bowline Passcase Wallet for Men - Leather, Brown",3,100,300,Debit Card,2024,12,December,Tuesday
ORD-2022-01446,23-Apr-22,C0170,P0135,Lacoste Casual Shoe for Men Size 44 EU - White,Casual & Dress Shoes,Lacoste Casual Shoe for Men Size 44 EU - White,1,469,469,Wallet,2022,4,April,Saturday
ORD-2022-01447,28-May-22,C0380,P0452,"Casio Analog, Casual Watch For Men - MTP-1314D-7AVDF, Stainless Steel",Watches,"Casio Analog, Casual Watch For Men - MTP-1314D-7AVDF, Stainless Steel",1,184,184,Net Banking,2022,5,May,Saturday
ORD-2024-01448,1-Feb-24,C0037,P0122,Lacoste Casual Shoe For Men Size 45 EU - White,Casual & Dress Shoes,Lacoste Casual Shoe For Men Size 45 EU - White,1,449,449,COD,2024,2,February,Thursday
ORD-2024-01449,26-May-24,C0309,P0446,"Casio Men's Ana-Digi Dial Resin Band Watch - AQ-S810W-2AV, Quartz",Watches,"Casio Men's Ana-Digi Dial Resin Band Watch - AQ-S810W-2AV, Quartz",2,208,416,Credit Card,2024,5,May,Sunday
ORD-2024-01450,21-Sep-24,C0190,P0173,"Ray Ban Rectangle Sunglasses For Men - Gray Lens, Rb4179-601S82, 140 mm",Eyewear,"Ray Ban Rectangle Sunglasses For Men - Gray Lens, Rb4179-601S82, 140 mm",1,1680,1680,Wallet,2024,9,September,Saturday
ORD-2022-01451,9-Jul-22,C0473,P0309,"Davidoff Hot Water for Men - Eau de Toilette, 110ml",Perfumes & Fragrances,"Davidoff Hot Water for Men - Eau de Toilette, 110ml",2,294,588,Net Banking,2022,7,July,Saturday
ORD-2024-01452,17-Feb-24,C0325,P0280,"Ray-Ban Half Frame Unisex Sunglasses - 4280 6289/B7 55, Blue Lens",Eyewear,"Ray-Ban Half Frame Unisex Sunglasses - 4280 6289/B7 55, Blue Lens",1,994,994,Debit Card,2024,2,February,Saturday
ORD-2024-01453,14-Nov-24,C0466,P0290,"Ray-Ban Sunglasses For Unisex, 0Rb3578 186/B150, Multi Color Lens, Round Frame",Eyewear,"Ray-Ban Sunglasses For Unisex, 0Rb3578 186/B150, Multi Color Lens, Round Frame",2,1110,2220,Debit Card,2024,11,November,Thursday
ORD-2022-01454,8-May-22,C0371,P0165,"Ray Ban Aviator Sunglasses For Unisex - Brown Gradient Lens, Rb4147/710/51, 60-15-145, 145 mm",Eyewear,"Ray Ban Aviator Sunglasses For Unisex - Brown Gradient Lens, Rb4147/710/51, 60-15-145, 145 mm",8,945,7560,Net Banking,2022,5,May,Sunday
ORD-2024-01455,28-May-24,C0161,P0592,"Emporio Armani Watch For Men Leather Quartz Ar1945, Analog",Watches,"Emporio Armani Watch For Men Leather Quartz Ar1945, Analog",5,980,4900,Net Banking,2024,5,May,Tuesday
ORD-2024-01456,13-Apr-24,C0050,P0491,"Emporio Armani Watch for Men , Analog , AR11053",Watches,"Emporio Armani Watch for Men , Analog , AR11053",3,1118,3354,Credit Card,2024,4,April,Saturday
ORD-2024-01457,27-Oct-24,C0050,P0060,Nike Shoes for Women -  Multi Color -  Size 39 EU,Athletic Shoes,Nike Shoes for Women -  Multi Color -  Size 39 EU,4,399,1596,Net Banking,2024,10,October,Sunday
ORD-2024-01458,28-Apr-24,C0515,P0226,"Ray Ban Sunglasses, Unisex, Black, 4253, 50, 601, 71, Round Frame",Eyewear,"Ray Ban Sunglasses, Unisex, Black, 4253, 50, 601, 71, Round Frame",3,850,2550,Debit Card,2024,4,April,Sunday
ORD-2022-01459,31-May-22,C0001,P0303,"United Colors Of Benetton Hot for Women - Eau de Toilette, 100ml",Perfumes & Fragrances,"United Colors Of Benetton Hot for Women - Eau de Toilette, 100ml",1,79,79,UPI,2022,5,May,Tuesday
ORD-2024-01460,13-May-24,C0528,P0028,Nike Court Royale Sport Sneakers for Women - White/Metallic Silver Size - 38 EU,Athletic Shoes,Nike Court Royale Sport Sneakers for Women - White/Metallic Silver Size - 38 EU,5,319,1595,Debit Card,2024,5,May,Monday
ORD-2023-01461,18-Nov-23,C0059,P0125,Lacoste Casual Shoe for Women Size 39 EU - Pink,Casual & Dress Shoes,Lacoste Casual Shoe for Women Size 39 EU - Pink,2,339,678,COD,2023,11,November,Saturday
ORD-2023-01462,4-Nov-23,C0461,P0600,JBW Victory Women's 16 Diamonds Mother of Pearl Dial Stainless Steel Band Watch - JB-6210-N,Watches,JBW Victory Women's 16 Diamonds Mother of Pearl Dial Stainless Steel Band Watch - JB-6210-N,1,5587,5587,Wallet,2023,11,November,Saturday
ORD-2023-01463,4-Dec-23,C0227,P0331,"Eternity by Calvin Klein for Men - Eau de Toilette, 100ml",Perfumes & Fragrances,"Eternity by Calvin Klein for Men - Eau de Toilette, 100ml",4,322,1288,COD,2023,12,December,Monday
ORD-2022-01464,24-Jun-22,C0478,P0495,"Casio Unisex Ana Digi Dial Stainless Steel Band Watch Aq230A 1Dmq, Quartz, Analog Digital",Watches,"Casio Unisex Ana Digi Dial Stainless Steel Band Watch Aq230A 1Dmq, Quartz, Analog Digital",1,154,154,COD,2022,6,June,Friday
ORD-2024-01465,5-Dec-24,C0029,P0529,"Scuderia Ferrari Watch for Men , Quartz , Stainless Steel - 830635",Watches,"Scuderia Ferrari Watch for Men , Quartz , Stainless Steel - 830635",1,2027.86,2027.86,Credit Card,2024,12,December,Thursday
ORD-2023-01466,26-Dec-23,C0312,P0221,Ray-Ban Aviator Unisex Sunglasses - RB3025 001/33 58,Eyewear,Ray-Ban Aviator Unisex Sunglasses - RB3025 001/33 58,2,977,1954,Debit Card,2023,12,December,Tuesday
ORD-2022-01467,26-Jan-22,C0574,P0359,"Adidas Spain Home Football Jersey For Men - Red, L",Sportswear,"Adidas Spain Home Football Jersey For Men - Red, L",5,419,2095,COD,2022,1,January,Wednesday
ORD-2025-01468,22-May-25,C0363,P0603,JBW Delmare Men's 4 Genuine Diamonds Silicone Watch - J6359D,Watches,JBW Delmare Men's 4 Genuine Diamonds Silicone Watch - J6359D,3,2624,7872,Debit Card,2025,5,May,Thursday
ORD-2022-01469,20-Nov-22,C0485,P0011,"NiKE Tanjun Sneaker for Women, Grey - 38 EU",Athletic Shoes,"NiKE Tanjun Sneaker for Women, Grey - 38 EU",1,359,359,Net Banking,2022,11,November,Sunday
ORD-2023-01470,22-Nov-23,C0090,P0001,Nike SB Check Solar Cnvs Skateboarding Shoes for Men,Athletic Shoes,Nike SB Check Solar Cnvs Skateboarding Shoes for Men,3,299,897,Credit Card,2023,11,November,Wednesday
ORD-2022-01471,6-May-22,C0446,P0275,"Arnette Sunglasses, Square, For Women, Grey, 0An4243 252181 60",Eyewear,"Arnette Sunglasses, Square, For Women, Grey, 0An4243 252181 60",1,500,500,Debit Card,2022,5,May,Friday
ORD-2024-01472,26-Apr-24,C0238,P0302,"Roberto Cavalli For Women - Eau de Parfum, 75ml",Perfumes & Fragrances,"Roberto Cavalli For Women - Eau de Parfum, 75ml",2,525,1050,UPI,2024,4,April,Friday
ORD-2024-01473,30-Oct-24,C0300,P0008,"Nike Fitness Shoes For Men , 44.5 EU , Gray",Athletic Shoes,"Nike Fitness Shoes For Men , 44.5 EU , Gray",3,389,1167,UPI,2024,10,October,Wednesday
ORD-2025-01474,17-Jan-25,C0197,P0363,"Under Armour Rival Fleece Training Sports Pants for Men Black, L",Sportswear,"Under Armour Rival Fleece Training Sports Pants for Men Black, L",3,229,687,Wallet,2025,1,January,Friday
ORD-2022-01475,23-Sep-22,C0095,P0562,JBW Vanquish Men's Silver Pave Dial Stainless Steel Band Chronograph Watch - J6337C,Watches,JBW Vanquish Men's Silver Pave Dial Stainless Steel Band Chronograph Watch - J6337C,1,5231,5231,Debit Card,2022,9,September,Friday
ORD-2022-01476,13-Nov-22,C0590,P0047,"asics GEL-NIMBUS 22 Running Shoes for Women, Pink, 38 EU",Athletic Shoes,"asics GEL-NIMBUS 22 Running Shoes for Women, Pink, 38 EU",2,839,1678,Net Banking,2022,11,November,Sunday
ORD-2022-01477,17-Dec-22,C0064,P0208,"Calvin Klein Round Sunglasses for Men - Blue lens, CK18104S-045",Eyewear,"Calvin Klein Round Sunglasses for Men - Blue lens, CK18104S-045",2,890,1780,Wallet,2022,12,December,Saturday
ORD-2022-01478,1-Dec-22,C0037,P0341,"Bebe Glam for Women - Eau de Parfum, 100ml",Perfumes & Fragrances,"Bebe Glam for Women - Eau de Parfum, 100ml",3,170,510,UPI,2022,12,December,Thursday
ORD-2024-01479,17-Nov-24,C0586,P0278,"Oakley Round Sunglasses For Men, Silver, 0OO9265 92652153",Eyewear,"Oakley Round Sunglasses For Men, Silver, 0OO9265 92652153",1,1000,1000,Net Banking,2024,11,November,Sunday
ORD-2024-01480,20-Jan-24,C0034,P0050,"Nike Viale Sneaker for Men , Size 45 EU , Black",Athletic Shoes,"Nike Viale Sneaker for Men , Size 45 EU , Black",1,389,389,Debit Card,2024,1,January,Saturday
ORD-2022-01481,13-Nov-22,C0291,P0268,"Just Cavalli Cat Eye Women's Sunglasses - JC759S - 52-20-140mm, Grey",Eyewear,"Just Cavalli Cat Eye Women's Sunglasses - JC759S - 52-20-140mm, Grey",1,625,625,UPI,2022,11,November,Sunday
ORD-2023-01482,18-Mar-23,C0307,P0340,"S.T.Dupont for Women - Eau de Parfum, 100ml",Perfumes & Fragrances,"S.T.Dupont for Women - Eau de Parfum, 100ml",1,141,141,Credit Card,2023,3,March,Saturday
ORD-2024-01483,27-Jan-24,C0042,P0274,"Puma Sunglass For Men - Pu0016S_005, Blue Lens, Square Frame",Eyewear,"Puma Sunglass For Men - Pu0016S_005, Blue Lens, Square Frame",4,365,1460,Wallet,2024,1,January,Saturday
ORD-2024-01484,3-Nov-24,C0472,P0260,"Gucci Oval Unisex Sunglasses - Gg0124S00450 - 50-22-145 mm, Brown Lens",Eyewear,"Gucci Oval Unisex Sunglasses - Gg0124S00450 - 50-22-145 mm, Brown Lens",3,1619,4857,Net Banking,2024,11,November,Sunday
ORD-2023-01485,22-May-23,C0269,P0412,"Tommy Hilfiger Corp Plaque Mini Cc Money Clip Wallets, Card Cases & Money Organizers, Black, 0 AM0AM05062",Wallets,"Tommy Hilfiger Corp Plaque Mini Cc Money Clip Wallets, Card Cases & Money Organizers, Black, 0 AM0AM05062",4,399,1596,Net Banking,2023,5,May,Monday
ORD-2022-01486,29-Jan-22,C0610,P0559,Casio Men's Black Dial Silicone Band Watch - GA-1000-1ADR,Watches,Casio Men's Black Dial Silicone Band Watch - GA-1000-1ADR,1,1034,1034,Net Banking,2022,1,January,Saturday
ORD-2022-01487,23-Dec-22,C0607,P0598,Invicta Pro Diver Men's Black Dial Stainless Steel Band Automatic Watch - INVICTA-8926,Watches,Invicta Pro Diver Men's Black Dial Stainless Steel Band Automatic Watch - INVICTA-8926,4,680.4,2721.6,Net Banking,2022,12,December,Friday
ORD-2025-01488,15-Feb-25,C0613,P0233,Polaroid PLD 4062/S/X BLACK/GREY women Sunglasses,Eyewear,Polaroid PLD 4062/S/X BLACK/GREY women Sunglasses,2,250,500,Wallet,2025,2,February,Saturday
ORD-2022-01489,12-Aug-22,C0362,P0070,Ellesse Pamplona Shoe For Women (Black - 38 EU),Athletic Shoes,Ellesse Pamplona Shoe For Women (Black - 38 EU),2,289,578,UPI,2022,8,August,Friday
ORD-2024-01490,9-Nov-24,C0074,P0048,"Adidas Sooraj Color Block Rubber Sole Lace-Up Running Shoes for Women - Core Black & Grey Five, 38",Athletic Shoes,"Adidas Sooraj Color Block Rubber Sole Lace-Up Running Shoes for Women - Core Black & Grey Five, 38",4,408.9,1635.6,COD,2024,11,November,Saturday
ORD-2025-01491,29-Mar-25,C0509,P0326,"Davidoff Champion for Men - Eau de Toilette, 90ml",Perfumes & Fragrances,"Davidoff Champion for Men - Eau de Toilette, 90ml",1,370,370,Wallet,2025,3,March,Saturday
ORD-2024-01492,15-Dec-24,C0489,P0107,"Polo Ralph Lauren Hanford Sneakers for Men, Black - 43 EU",Casual & Dress Shoes,"Polo Ralph Lauren Hanford Sneakers for Men, Black - 43 EU",1,269,269,Credit Card,2024,12,December,Sunday
ORD-2025-01493,5-Jan-25,C0561,P0089,"Asics New York Sneakers for Women, Grey, 39 EU",Athletic Shoes,"Asics New York Sneakers for Women, Grey, 39 EU",3,299,897,Credit Card,2025,1,January,Sunday
ORD-2024-01494,23-Nov-24,C0211,P0138,Lacoste Casual Shoe for Men Size 43 EU - White,Casual & Dress Shoes,Lacoste Casual Shoe for Men Size 43 EU - White,2,529,1058,Net Banking,2024,11,November,Saturday
ORD-2024-01495,21-Oct-24,C0459,P0122,Lacoste Casual Shoe For Men Size 45 EU - White,Casual & Dress Shoes,Lacoste Casual Shoe For Men Size 45 EU - White,2,449,898,Debit Card,2024,10,October,Monday
ORD-2024-01496,11-Aug-24,C0166,P0074,"Asics Gel Kayano 25 SP Sneaker for Women, Black/Pink, 37 EU",Athletic Shoes,"Asics Gel Kayano 25 SP Sneaker for Women, Black/Pink, 37 EU",10,749,7490,Net Banking,2024,8,August,Sunday
ORD-2024-01497,4-May-24,C0290,P0357,"Chanel Chance Eau Fraiche for Women - Eau de Toilette, 50ml",Perfumes & Fragrances,"Chanel Chance Eau Fraiche for Women - Eau de Toilette, 50ml",3,319,957,Credit Card,2024,5,May,Saturday
ORD-2024-01498,19-Jan-24,C0232,P0403,"Calvin Klein Bifold Wallet for Men , Black",Wallets,"Calvin Klein Bifold Wallet for Men , Black",1,160,160,COD,2024,1,January,Friday
ORD-2022-01499,6-Aug-22,C0425,P0081,"Asics Gel-Kayano 5.1 Sneakers for Men, White, 42 EU",Athletic Shoes,"Asics Gel-Kayano 5.1 Sneakers for Men, White, 42 EU",3,379,1137,Credit Card,2022,8,August,Saturday
ORD-2023-01500,26-Aug-23,C0008,P0515,Michael Kors Parker Women's Pink Dial Stainless Steel Band Chronograph Watch - MK6140,Watches,Michael Kors Parker Women's Pink Dial Stainless Steel Band Chronograph Watch - MK6140,3,909,2727,Wallet,2023,8,August,Saturday
ORD-2023-01501,7-May-23,C0310,P0499,Casio Casual Watch For Men Analog-Digital Resin - AEQ-110W-1BV,Watches,Casio Casual Watch For Men Analog-Digital Resin - AEQ-110W-1BV,1,3883.53,3883.53,Debit Card,2023,5,May,Sunday
ORD-2022-01502,2-Feb-22,C0597,P0395,"Vince Camuto Wallet for Women , White",Wallets,"Vince Camuto Wallet for Women , White",2,425,850,COD,2022,2,February,Wednesday
ORD-2022-01503,14-Oct-22,C0613,P0456,"Burberry BU9015
 Womens Analog Leather Watch",Watches,"Burberry BU9015
 Womens Analog Leather Watch",6,2040,12240,Credit Card,2022,10,October,Friday
ORD-2023-01504,9-Dec-23,C0312,P0420,"Levi's Men Slimfold Wallet, Brown 31LV220010",Wallets,"Levi's Men Slimfold Wallet, Brown 31LV220010",1,110,110,COD,2023,12,December,Saturday
ORD-2023-01505,21-Apr-23,C0224,P0280,"Ray-Ban Half Frame Unisex Sunglasses - 4280 6289/B7 55, Blue Lens",Eyewear,"Ray-Ban Half Frame Unisex Sunglasses - 4280 6289/B7 55, Blue Lens",1,994,994,Net Banking,2023,4,April,Friday
ORD-2022-01506,30-Dec-22,C0624,P0578,"Akribos XXIV Men's Brown Dial Leather Band Watch - AK916RG, Analog, Japanese Quartz Movement",Watches,"Akribos XXIV Men's Brown Dial Leather Band Watch - AK916RG, Analog, Japanese Quartz Movement",1,1490,1490,Net Banking,2022,12,December,Friday
ORD-2023-01507,6-Dec-23,C0631,P0557,JBW Caden 0.08 ctw Diamond Men's Black Dial Genuine Leather Band Watch - J6374B,Watches,JBW Caden 0.08 ctw Diamond Men's Black Dial Genuine Leather Band Watch - J6374B,1,1499,1499,Net Banking,2023,12,December,Wednesday
ORD-2025-01508,15-Feb-25,C0197,P0209,"Emporio Armani Sunglasses For Men - Multi Color, 4115-56691W-54, Square Frame",Eyewear,"Emporio Armani Sunglasses For Men - Multi Color, 4115-56691W-54, Square Frame",1,730,730,Debit Card,2025,2,February,Saturday
ORD-2024-01509,19-Jul-24,C0070,P0279,"Ray-Ban Aviator Unisex Sunglasses - 3540 198/9U 56, Blue Lens",Eyewear,"Ray-Ban Aviator Unisex Sunglasses - 3540 198/9U 56, Blue Lens",3,950,2850,Credit Card,2024,7,July,Friday
ORD-2024-01510,11-May-24,C0225,P0569,Casio Men Black Dial Resin Band Watch aeq-110bw-9a,Watches,Casio Men Black Dial Resin Band Watch aeq-110bw-9a,2,313.95,627.9,Net Banking,2024,5,May,Saturday
ORD-2024-01511,24-Dec-24,C0433,P0131,Lacoste Casual Shoe for Men Size 45 EU - Navy,Casual & Dress Shoes,Lacoste Casual Shoe for Men Size 45 EU - Navy,4,449,1796,Credit Card,2024,12,December,Tuesday
ORD-2025-01512,16-Mar-25,C0649,P0433,"Burberry BU9509 For Women (Analog, Casual Watch), Leather",Watches,"Burberry BU9509 For Women (Analog, Casual Watch), Leather",5,2040,10200,COD,2025,3,March,Sunday
ORD-2022-01513,3-Dec-22,C0140,P0077,"Asics GEL-Lyte V Sanze Sneakers for Unisex, Sand, 44 EU",Athletic Shoes,"Asics GEL-Lyte V Sanze Sneakers for Unisex, Sand, 44 EU",2,449,898,Credit Card,2022,12,December,Saturday
ORD-2023-01514,13-Jul-23,C0654,P0333,"Brown Orchid for Men - Eau de Parfum, 80ml",Perfumes & Fragrances,"Brown Orchid for Men - Eau de Parfum, 80ml",2,59,118,UPI,2023,7,July,Thursday
ORD-2024-01515,20-Dec-24,C0482,P0462,Michael Kors Lexington Watch for Men - Analog Stainless Steel Band - MK8344,Watches,Michael Kors Lexington Watch for Men - Analog Stainless Steel Band - MK8344,3,2420,7260,Wallet,2024,12,December,Friday
ORD-2024-01516,3-Oct-24,C0184,P0257,Guess GU 7563,Eyewear,Guess GU 7563,1,669,669,Wallet,2024,10,October,Thursday
ORD-2024-01517,26-Jun-24,C0085,P0471,"Emporio Armani Men Ar1808 Classic Silver Tone Stainless Steel Watch, Analog",Watches,"Emporio Armani Men Ar1808 Classic Silver Tone Stainless Steel Watch, Analog",1,1095,1095,Credit Card,2024,6,June,Wednesday
ORD-2022-01518,17-Sep-22,C0222,P0587,"Casio GA-100B-4A For Men- Analog-Digital, Casual Watch, Resin, Quartz",Watches,"Casio GA-100B-4A For Men- Analog-Digital, Casual Watch, Resin, Quartz",1,885,885,Wallet,2022,9,September,Saturday
ORD-2025-01519,21-Apr-25,C0568,P0559,Casio Men's Black Dial Silicone Band Watch - GA-1000-1ADR,Watches,Casio Men's Black Dial Silicone Band Watch - GA-1000-1ADR,1,1034,1034,COD,2025,4,April,Monday
ORD-2022-01520,24-Feb-22,C0348,P0033,"Nike Quest 2 Sneaker for Men , Size 42.5 EU , Black",Athletic Shoes,"Nike Quest 2 Sneaker for Men , Size 42.5 EU , Black",2,389,778,Debit Card,2022,2,February,Thursday
ORD-2024-01521,27-Aug-24,C0152,P0376,adidas SID 360 ADI TEE WHITE for MALE,Sportswear,adidas SID 360 ADI TEE WHITE for MALE,1,139,139,Wallet,2024,8,August,Tuesday
ORD-2024-01522,30-Jan-24,C0541,P0060,Nike Shoes for Women -  Multi Color -  Size 39 EU,Athletic Shoes,Nike Shoes for Women -  Multi Color -  Size 39 EU,2,399,798,COD,2024,1,January,Tuesday
ORD-2023-01523,14-Jul-23,C0025,P0332,"S.T.Dupont Blanc for Women - Eau de Parfum, 100ml",Perfumes & Fragrances,"S.T.Dupont Blanc for Women - Eau de Parfum, 100ml",1,299,299,Debit Card,2023,7,July,Friday
ORD-2024-01524,9-Nov-24,C0375,P0174,"Carrera Aviator Sunglasses for Unisex , 8010/S-R80-59-12-140-WJ",Eyewear,"Carrera Aviator Sunglasses for Unisex , 8010/S-R80-59-12-140-WJ",1,525,525,Wallet,2024,11,November,Saturday
ORD-2024-01525,15-Sep-24,C0600,P0295,"Ray-Ban Round Unisex Sunglasses - Rb2447-116049, Brown Lens",Eyewear,"Ray-Ban Round Unisex Sunglasses - Rb2447-116049, Brown Lens",2,1061,2122,COD,2024,9,September,Sunday
ORD-2024-01526,11-Nov-24,C0186,P0179,Ray-Ban Rb3025-002/58 Aviator Unisex Sunglasses,Eyewear,Ray-Ban Rb3025-002/58 Aviator Unisex Sunglasses,2,985,1970,UPI,2024,11,November,Monday
ORD-2024-01527,26-Mar-24,C0341,P0565,August Steiner Men's Black Dial Metal Band Watch - AS8097SSB,Watches,August Steiner Men's Black Dial Metal Band Watch - AS8097SSB,3,693,2079,Net Banking,2024,3,March,Tuesday
ORD-2025-01528,28-Jun-25,C0647,P0591,"Emporio Armani Men'S Silver Dial Stainless Steel Band Watch Ar6073, Analog",Watches,"Emporio Armani Men'S Silver Dial Stainless Steel Band Watch Ar6073, Analog",3,1150,3450,UPI,2025,6,June,Saturday
ORD-2024-01529,26-Jun-24,C0232,P0449,"Scuderia Ferrari Casual Watch for Unisex , Silicone , 830482",Watches,"Scuderia Ferrari Casual Watch for Unisex , Silicone , 830482",1,395,395,UPI,2024,6,June,Wednesday
ORD-2024-01530,13-Jan-24,C0340,P0599,Invicta Pro Diver Men's Black Dial Stainless Steel Band Automatic Watch - INVICTA-8929OB,Watches,Invicta Pro Diver Men's Black Dial Stainless Steel Band Automatic Watch - INVICTA-8929OB,5,1181,5905,Debit Card,2024,1,January,Saturday
ORD-2023-01531,12-Dec-23,C0264,P0003,"Nike air Heights Sneaker for Women , Size 38 EU , White",Athletic Shoes,"Nike air Heights Sneaker for Women , Size 38 EU , White",1,419,419,UPI,2023,12,December,Tuesday
ORD-2024-01532,25-Nov-24,C0449,P0034,"Nike Downshifter 9 Sneaker for Men , Size 41 EU , Red",Athletic Shoes,"Nike Downshifter 9 Sneaker for Men , Size 41 EU , Red",9,319,2871,Wallet,2024,11,November,Monday
ORD-2025-01533,5-Feb-25,C0660,P0201,"U.S. Polo Assn. Sunglasses For Men - Brown, 711 BRN",Eyewear,"U.S. Polo Assn. Sunglasses For Men - Brown, 711 BRN",2,240,480,COD,2025,2,February,Wednesday
ORD-2023-01534,11-Feb-23,C0590,P0298,"Davidoff Cool Water for Women - Eau de Toilette, 100ml",Perfumes & Fragrances,"Davidoff Cool Water for Women - Eau de Toilette, 100ml",5,279,1395,Credit Card,2023,2,February,Saturday
ORD-2024-01535,14-Apr-24,C0044,P0223,"Polaroid Sunglassess for Men, Grey- PLD 1015/S D28/Y2,Rectangle Shape",Eyewear,"Polaroid Sunglassess for Men, Grey- PLD 1015/S D28/Y2,Rectangle Shape",2,250,500,COD,2024,4,April,Sunday
ORD-2022-01536,14-Feb-22,C0641,P0079,"Asics Gel-Pulse 10 Sneakers for Men, Silver, 42.5 EU",Athletic Shoes,"Asics Gel-Pulse 10 Sneakers for Men, Silver, 42.5 EU",1,389,389,Net Banking,2022,2,February,Monday
ORD-2025-01537,5-Jan-25,C0399,P0426,"Dickies Trifold Wallet for Men,Brown,31DI210003-Brown",Wallets,"Dickies Trifold Wallet for Men,Brown,31DI210003-Brown",1,60,60,Credit Card,2025,1,January,Sunday
ORD-2023-01538,3-Oct-23,C0304,P0337,"Scuderia Ferrari Black for Men - Eau de Toilette, 125ml",Perfumes & Fragrances,"Scuderia Ferrari Black for Men - Eau de Toilette, 125ml",2,199,398,Wallet,2023,10,October,Tuesday
ORD-2022-01539,13-May-22,C0219,P0306,"Roberto Cavalli Nero Assoluto for Women - Eau de Parfum, 75ml",Perfumes & Fragrances,"Roberto Cavalli Nero Assoluto for Women - Eau de Parfum, 75ml",2,210,420,Wallet,2022,5,May,Friday
ORD-2023-01540,23-Aug-23,C0208,P0018,Nike air Monarch IV Training Shoes for Men - Black Size - 43 EU,Athletic Shoes,Nike air Monarch IV Training Shoes for Men - Black Size - 43 EU,1,279,279,Debit Card,2023,8,August,Wednesday
ORD-2024-01541,15-Jun-24,C0500,P0300,"Guess by Marciano for Women - Eau de Parfum, 100ml",Perfumes & Fragrances,"Guess by Marciano for Women - Eau de Parfum, 100ml",4,147,588,COD,2024,6,June,Saturday
ORD-2024-01542,28-May-24,C0137,P0451,Hugo Boss Casual Round Watch for Men,Watches,Hugo Boss Casual Round Watch for Men,3,1285,3855,Debit Card,2024,5,May,Tuesday
ORD-2022-01543,30-Dec-22,C0485,P0557,JBW Caden 0.08 ctw Diamond Men's Black Dial Genuine Leather Band Watch - J6374B,Watches,JBW Caden 0.08 ctw Diamond Men's Black Dial Genuine Leather Band Watch - J6374B,3,1499,4497,Debit Card,2022,12,December,Friday
ORD-2022-01544,5-Feb-22,C0621,P0256,CARRERA Men's Sunglasses Aviator Carrera 1005/S Whit Gold,Eyewear,CARRERA Men's Sunglasses Aviator Carrera 1005/S Whit Gold,1,800,800,COD,2022,2,February,Saturday
ORD-2022-01545,21-Feb-22,C0502,P0011,"NiKE Tanjun Sneaker for Women, Grey - 38 EU",Athletic Shoes,"NiKE Tanjun Sneaker for Women, Grey - 38 EU",2,359,718,Debit Card,2022,2,February,Monday
ORD-2023-01546,12-Oct-23,C0667,P0291,Ray-Ban Rectangle Unisex Sunglasses - 3538 189/55 53,Eyewear,Ray-Ban Rectangle Unisex Sunglasses - 3538 189/55 53,1,950,950,Debit Card,2023,10,October,Thursday
ORD-2022-01547,22-Dec-22,C0467,P0154,"Diesel Wayfarer Unisex's Sunglasses - Dl0161 - 54-16-145 mm, Purple Lens",Eyewear,"Diesel Wayfarer Unisex's Sunglasses - Dl0161 - 54-16-145 mm, Purple Lens",2,755,1510,Net Banking,2022,12,December,Thursday
ORD-2024-01548,4-Apr-24,C0042,P0156,Ray Ban Classic Aviator Gold Unisex Sunglasses - Rb3025 -58-14-135,Eyewear,Ray Ban Classic Aviator Gold Unisex Sunglasses - Rb3025 -58-14-135,3,850,2550,COD,2024,4,April,Thursday
ORD-2023-01549,6-Sep-23,C0356,P0508,"Akribos XXIV Women's Gold Dial Mixed Material Band Watch Set - AK738YG, Analog, Swiss Quartz and Japanese Quartz",Watches,"Akribos XXIV Women's Gold Dial Mixed Material Band Watch Set - AK738YG, Analog, Swiss Quartz and Japanese Quartz",1,2990,2990,UPI,2023,9,September,Wednesday
ORD-2023-01550,14-May-23,C0143,P0094,"Skechers GO WALK 5 Sneaker for Men , Size 42.5 EU , Black",Athletic Shoes,"Skechers GO WALK 5 Sneaker for Men , Size 42.5 EU , Black",1,289,289,Net Banking,2023,5,May,Sunday
ORD-2022-01551,28-Dec-22,C0398,P0005,"adidas ASWEERUN Sneaker for Mens, Grey - Size 43.3 EU",Athletic Shoes,"adidas ASWEERUN Sneaker for Mens, Grey - Size 43.3 EU",1,259,259,Wallet,2022,12,December,Wednesday
ORD-2025-01552,14-Jun-25,C0141,P0582,"Burberry Women's Silver Dial Stainless Steel Band Watch - BU9144, Analog, Quartz",Watches,"Burberry Women's Silver Dial Stainless Steel Band Watch - BU9144, Analog, Quartz",3,2455,7365,UPI,2025,6,June,Saturday
ORD-2024-01553,3-Nov-24,C0151,P0122,Lacoste Casual Shoe For Men Size 45 EU - White,Casual & Dress Shoes,Lacoste Casual Shoe For Men Size 45 EU - White,3,449,1347,Wallet,2024,11,November,Sunday
ORD-2023-01554,21-May-23,C0262,P0015,"adidas ASWEERUN Sneaker for Mens, Black - Size 42 EU",Athletic Shoes,"adidas ASWEERUN Sneaker for Mens, Black - Size 42 EU",1,259,259,UPI,2023,5,May,Sunday
ORD-2024-01555,6-Dec-24,C0494,P0600,JBW Victory Women's 16 Diamonds Mother of Pearl Dial Stainless Steel Band Watch - JB-6210-N,Watches,JBW Victory Women's 16 Diamonds Mother of Pearl Dial Stainless Steel Band Watch - JB-6210-N,3,5587,16761,Net Banking,2024,12,December,Friday
ORD-2023-01556,18-Jun-23,C0271,P0107,"Polo Ralph Lauren Hanford Sneakers for Men, Black - 43 EU",Casual & Dress Shoes,"Polo Ralph Lauren Hanford Sneakers for Men, Black - 43 EU",3,269,807,UPI,2023,6,June,Sunday
ORD-2024-01557,29-Jun-24,C0270,P0088,"Asics Curreo II Sneakers for Men, Grey, 44 EU",Athletic Shoes,"Asics Curreo II Sneakers for Men, Grey, 44 EU",3,249,747,Net Banking,2024,6,June,Saturday
ORD-2023-01558,10-Dec-23,C0217,P0042,"Nike FLEX RUNNER Shoe for Kids , Black - 33 EU",Athletic Shoes,"Nike FLEX RUNNER Shoe for Kids , Black - 33 EU",3,199,597,Wallet,2023,12,December,Sunday
ORD-2025-01559,16-Mar-25,C0668,P0285,"Guess Cat Eye Women's Sunglasses - Gu7485-56F-51 - 51-25- 135 mm, Brown Lens",Eyewear,"Guess Cat Eye Women's Sunglasses - Gu7485-56F-51 - 51-25- 135 mm, Brown Lens",1,600,600,Credit Card,2025,3,March,Sunday
ORD-2024-01560,13-Jan-24,C0445,P0416,Levi's Men's Trifold Wallet [31LV1179],Wallets,Levi's Men's Trifold Wallet [31LV1179],2,120,240,Debit Card,2024,1,January,Saturday
ORD-2024-01561,28-Dec-24,C0232,P0384,"Puma Lifestyle Sport Pant For Men , Black , L",Sportswear,"Puma Lifestyle Sport Pant For Men , Black , L",1,279,279,Net Banking,2024,12,December,Saturday
ORD-2024-01562,2-Feb-24,C0175,P0113,"Lacoste Carnaby Lace Up Shoes For Men Size 42 EU, White",Casual & Dress Shoes,"Lacoste Carnaby Lace Up Shoes For Men Size 42 EU, White",7,519,3633,Debit Card,2024,2,February,Friday
ORD-2023-01563,17-Feb-23,C0021,P0267,"Ray-Ban Sunglasses For Men, Size 51 mm, 4246, 51, 990, N.C, Green Lens, Round Frame",Eyewear,"Ray-Ban Sunglasses For Men, Size 51 mm, 4246, 51, 990, N.C, Green Lens, Round Frame",3,790,2370,UPI,2023,2,February,Friday
ORD-2023-01564,19-Aug-23,C0651,P0342,"S.T.Dupont Pour Homme for Men - Eau de Toilette, 100ml",Perfumes & Fragrances,"S.T.Dupont Pour Homme for Men - Eau de Toilette, 100ml",2,221,442,Net Banking,2023,8,August,Saturday
ORD-2024-01565,7-Nov-24,C0003,P0463,Tissot Womens Round Black Dial Silicone Bracelet Watch [T048.217.27.057.00],Watches,Tissot Womens Round Black Dial Silicone Bracelet Watch [T048.217.27.057.00],3,2370,7110,Debit Card,2024,11,November,Thursday
ORD-2023-01566,10-Feb-23,C0571,P0266,"Ray-Ban Wayfarer Unisex Sunglasses - Rb4210-646/3R50, Green Lens",Eyewear,"Ray-Ban Wayfarer Unisex Sunglasses - Rb4210-646/3R50, Green Lens",2,1310,2620,Credit Card,2023,2,February,Friday
ORD-2023-01567,11-Mar-23,C0032,P0028,Nike Court Royale Sport Sneakers for Women - White/Metallic Silver Size - 38 EU,Athletic Shoes,Nike Court Royale Sport Sneakers for Women - White/Metallic Silver Size - 38 EU,1,319,319,Wallet,2023,3,March,Saturday
ORD-2022-01568,10-May-22,C0027,P0177,"Ray-Ban Sunglasses for Men, Black, 3548N",Eyewear,"Ray-Ban Sunglasses for Men, Black, 3548N",9,1286,11574,COD,2022,5,May,Tuesday
ORD-2022-01569,2-Mar-22,C0609,P0045,"Asics GEL-NIMBUS 22 Running Shoes for Women, Rose Gold, 38 EU",Athletic Shoes,"Asics GEL-NIMBUS 22 Running Shoes for Women, Rose Gold, 38 EU",2,839,1678,COD,2022,3,March,Wednesday
ORD-2022-01570,3-Apr-22,C0583,P0302,"Roberto Cavalli For Women - Eau de Parfum, 75ml",Perfumes & Fragrances,"Roberto Cavalli For Women - Eau de Parfum, 75ml",2,525,1050,UPI,2022,4,April,Sunday
ORD-2023-01571,8-Apr-23,C0424,P0568,JBW Victor Men's 16 Diamonds Black Dial Black Ion-Plated Stainless Steel Band Watch - JB-8102-G,Watches,JBW Victor Men's 16 Diamonds Black Dial Black Ion-Plated Stainless Steel Band Watch - JB-8102-G,3,4490,13470,Net Banking,2023,4,April,Saturday
ORD-2022-01572,16-Jun-22,C0398,P0089,"Asics New York Sneakers for Women, Grey, 39 EU",Athletic Shoes,"Asics New York Sneakers for Women, Grey, 39 EU",4,299,1196,UPI,2022,6,June,Thursday
ORD-2023-01573,23-Dec-23,C0616,P0050,"Nike Viale Sneaker for Men , Size 45 EU , Black",Athletic Shoes,"Nike Viale Sneaker for Men , Size 45 EU , Black",2,389,778,UPI,2023,12,December,Saturday
ORD-2024-01574,21-Nov-24,C0311,P0280,"Ray-Ban Half Frame Unisex Sunglasses - 4280 6289/B7 55, Blue Lens",Eyewear,"Ray-Ban Half Frame Unisex Sunglasses - 4280 6289/B7 55, Blue Lens",4,994,3976,COD,2024,11,November,Thursday
ORD-2024-01575,23-May-24,C0250,P0150,"Polaroid Sunglasses for Unisex , Blue",Eyewear,"Polaroid Sunglasses for Unisex , Blue",3,250,750,Debit Card,2024,5,May,Thursday
ORD-2022-01576,18-Jul-22,C0252,P0404,Montblanc bifold Wallet For Men Sartorial 118391-Black,Wallets,Montblanc bifold Wallet For Men Sartorial 118391-Black,3,850,2550,Wallet,2022,7,July,Monday
ORD-2023-01577,24-Nov-23,C0542,P0413,"Calvin Klein Elevated Slimfold 6cc, Men’s Credit Card Case, Black, 8.6x1.8x10.199999999999999 cm (B x H T)",Wallets,"Calvin Klein Elevated Slimfold 6cc, Men’s Credit Card Case, Black, 8.6x1.8x10.199999999999999 cm (B x H T)",3,250,750,Debit Card,2023,11,November,Friday
ORD-2024-01578,12-Mar-24,C0267,P0446,"Casio Men's Ana-Digi Dial Resin Band Watch - AQ-S810W-2AV, Quartz",Watches,"Casio Men's Ana-Digi Dial Resin Band Watch - AQ-S810W-2AV, Quartz",1,208,208,Credit Card,2024,3,March,Tuesday
ORD-2024-01579,12-Oct-24,C0213,P0366,"Adidas Must Haves Badge of Sport Tank Top for Men - Black & Grey, XL, DT9935",Sportswear,"Adidas Must Haves Badge of Sport Tank Top for Men - Black & Grey, XL, DT9935",1,115,115,Net Banking,2024,10,October,Saturday
ORD-2023-01580,9-Aug-23,C0392,P0424,Dickies Trifold Wallet for Men - 31DI210004-Red,Wallets,Dickies Trifold Wallet for Men - 31DI210004-Red,2,60,120,COD,2023,8,August,Wednesday
ORD-2024-01581,7-Sep-24,C0521,P0179,Ray-Ban Rb3025-002/58 Aviator Unisex Sunglasses,Eyewear,Ray-Ban Rb3025-002/58 Aviator Unisex Sunglasses,1,985,985,COD,2024,9,September,Saturday
ORD-2024-01582,25-Apr-24,C0633,P0349,"Gucci Premiere for Women - Eau de Toilette, 75ml",Perfumes & Fragrances,"Gucci Premiere for Women - Eau de Toilette, 75ml",3,370,1110,Debit Card,2024,4,April,Thursday
ORD-2022-01583,19-Oct-22,C0365,P0116,Lacoste Casual Shoe for Men Size 43 EU - Navy,Casual & Dress Shoes,Lacoste Casual Shoe for Men Size 43 EU - Navy,7,539,3773,Debit Card,2022,10,October,Wednesday
ORD-2024-01584,29-Jun-24,C0162,P0313,"Calvin Klein Euphoria for Men - Eau de Toilette, 100ml",Perfumes & Fragrances,"Calvin Klein Euphoria for Men - Eau de Toilette, 100ml",2,249,498,COD,2024,6,June,Saturday
ORD-2023-01585,21-Aug-23,C0149,P0314,Crystal Noir by Versace  for Women - Eau de Parfum- 90 ml,Perfumes & Fragrances,Crystal Noir by Versace  for Women - Eau de Parfum- 90 ml,2,315,630,Wallet,2023,8,August,Monday
ORD-2023-01586,31-Oct-23,C0017,P0301,"Guess Seductive Homme for Men - Eau de Toilette, 100ml",Perfumes & Fragrances,"Guess Seductive Homme for Men - Eau de Toilette, 100ml",1,289,289,UPI,2023,10,October,Tuesday
ORD-2025-01587,7-Mar-25,C0035,P0059,"adidas Pro Next 2019 GCA Sneaker for Men , Size 42.7 EU , Black",Athletic Shoes,"adidas Pro Next 2019 GCA Sneaker for Men , Size 42.7 EU , Black",4,389,1556,COD,2025,3,March,Friday
ORD-2023-01588,8-Aug-23,C0477,P0358,"Fatale by Agent Provocateur for Women - Eau de Parfum, 50ml",Perfumes & Fragrances,"Fatale by Agent Provocateur for Women - Eau de Parfum, 50ml",1,1836.97,1836.97,Net Banking,2023,8,August,Tuesday
ORD-2023-01589,24-Apr-23,C0016,P0087,"Asics Gel-Saga SOU Sneakers for Women, White, 39 EU",Athletic Shoes,"Asics Gel-Saga SOU Sneakers for Women, White, 39 EU",9,339,3051,Net Banking,2023,4,April,Monday
ORD-2022-01590,15-Feb-22,C0005,P0548,"Casio for Men - Analog Stainless Steel Band Watch - MTP-1183A-2A, Quartz",Watches,"Casio for Men - Analog Stainless Steel Band Watch - MTP-1183A-2A, Quartz",1,138,138,Debit Card,2022,2,February,Tuesday
ORD-2024-01591,12-Aug-24,C0518,P0200,Polaroid P4139 Sunglasses,Eyewear,Polaroid P4139 Sunglasses,1,350,350,Debit Card,2024,8,August,Monday
ORD-2022-01592,6-Nov-22,C0256,P0120,"Lacoste avance Lace Up Shoes For Men Size 44 EU, Black",Casual & Dress Shoes,"Lacoste avance Lace Up Shoes For Men Size 44 EU, Black",3,519,1557,Wallet,2022,11,November,Sunday
ORD-2022-01593,13-Dec-22,C0455,P0208,"Calvin Klein Round Sunglasses for Men - Blue lens, CK18104S-045",Eyewear,"Calvin Klein Round Sunglasses for Men - Blue lens, CK18104S-045",4,890,3560,Credit Card,2022,12,December,Tuesday
ORD-2024-01594,19-Jul-24,C0257,P0219,"Sunglasses For Unisex By Ray-Ban, Metal, Gold, Rb3025 001 62, Green Lens, Panto Frame",Eyewear,"Sunglasses For Unisex By Ray-Ban, Metal, Gold, Rb3025 001 62, Green Lens, Panto Frame",1,658,658,Credit Card,2024,7,July,Friday
ORD-2022-01595,13-Feb-22,C0568,P0092,"Nike Court Vision Low Faux Leather Contrast Side Logo Perforated Upper Training Shoes for Men - Gym Red, 44.5",Athletic Shoes,"Nike Court Vision Low Faux Leather Contrast Side Logo Perforated Upper Training Shoes for Men - Gym Red, 44.5",4,4127.38,16509.52,COD,2022,2,February,Sunday
ORD-2025-01596,16-Mar-25,C0407,P0281,"Ray-Ban Butterfly Unisex Sunglasses - 4250 671/55 52, Blue Lens",Eyewear,"Ray-Ban Butterfly Unisex Sunglasses - 4250 671/55 52, Blue Lens",5,1170,5850,UPI,2025,3,March,Sunday
ORD-2024-01597,15-Nov-24,C0172,P0519,"Fossil Jacqueline Women'S Rose Gold Dial Stainless Steel Band Watch Es3546, Quartz, Analog",Watches,"Fossil Jacqueline Women'S Rose Gold Dial Stainless Steel Band Watch Es3546, Quartz, Analog",3,1452,4356,COD,2024,11,November,Friday
ORD-2023-01598,23-Mar-23,C0468,P0453,"Casio Men's Black Dial Stainless Steel Band Watch - MTP-1314SG-1AV, Analog, Quartz",Watches,"Casio Men's Black Dial Stainless Steel Band Watch - MTP-1314SG-1AV, Analog, Quartz",1,300,300,Wallet,2023,3,March,Thursday
ORD-2025-01599,23-Jan-25,C0470,P0150,"Polaroid Sunglasses for Unisex , Blue",Eyewear,"Polaroid Sunglasses for Unisex , Blue",1,250,250,Net Banking,2025,1,January,Thursday
ORD-2025-01600,6-Jan-25,C0272,P0034,"Nike Downshifter 9 Sneaker for Men , Size 41 EU , Red",Athletic Shoes,"Nike Downshifter 9 Sneaker for Men , Size 41 EU , Red",1,319,319,Credit Card,2025,1,January,Monday
ORD-2024-01601,17-Jul-24,C0502,P0179,Ray-Ban Rb3025-002/58 Aviator Unisex Sunglasses,Eyewear,Ray-Ban Rb3025-002/58 Aviator Unisex Sunglasses,7,985,6895,Credit Card,2024,7,July,Wednesday
ORD-2024-01602,22-Jun-24,C0615,P0022,"Puma Ella Sneaker For Women, Size 39 EU - Color White",Athletic Shoes,"Puma Ella Sneaker For Women, Size 39 EU - Color White",1,249,249,Credit Card,2024,6,June,Saturday
ORD-2022-01603,27-Sep-22,C0326,P0053,Nike SB Check Solar Sneaker For Men (Grey - 43 EU),Athletic Shoes,Nike SB Check Solar Sneaker For Men (Grey - 43 EU),1,346,346,COD,2022,9,September,Tuesday
ORD-2025-01604,24-Jan-25,C0305,P0543,"JBW Wrist Watch for Women Diamond Inlay 16 Piece , Leather ,J6345B",Watches,"JBW Wrist Watch for Women Diamond Inlay 16 Piece , Leather ,J6345B",1,1800,1800,COD,2025,1,January,Friday
ORD-2022-01605,10-Dec-22,C0549,P0029,"Nike Flex Experience RN 8 Sneaker for Men , Size 42.5 EU , Grey",Athletic Shoes,"Nike Flex Experience RN 8 Sneaker for Men , Size 42.5 EU , Grey",5,359,1795,UPI,2022,12,December,Saturday
ORD-2024-01606,14-Dec-24,C0161,P0546,"Akribos XXIV Men's Black Dial Leather Band Watch - AK769YG, Analog, Quartz",Watches,"Akribos XXIV Men's Black Dial Leather Band Watch - AK769YG, Analog, Quartz",1,1600,1600,Credit Card,2024,12,December,Saturday
ORD-2025-01607,14-May-25,C0020,P0077,"Asics GEL-Lyte V Sanze Sneakers for Unisex, Sand, 44 EU",Athletic Shoes,"Asics GEL-Lyte V Sanze Sneakers for Unisex, Sand, 44 EU",3,449,1347,Credit Card,2025,5,May,Wednesday
ORD-2022-01608,3-Nov-22,C0569,P0133,Lacoste Casual Shoe for Men Size 46 EU - Navy,Casual & Dress Shoes,Lacoste Casual Shoe for Men Size 46 EU - Navy,1,539,539,Debit Card,2022,11,November,Thursday
ORD-2022-01609,11-Dec-22,C0309,P0262,"Ray-Ban Erika Unisex Sunglasses - 4258 6230/7J 50, Pink Lens",Eyewear,"Ray-Ban Erika Unisex Sunglasses - 4258 6230/7J 50, Pink Lens",1,840,840,Net Banking,2022,12,December,Sunday
ORD-2022-01610,19-Jun-22,C0309,P0220,"Polaroid Sunglass for Men , Black Lens , PLD 2069/F/S/X 807 61",Eyewear,"Polaroid Sunglass for Men , Black Lens , PLD 2069/F/S/X 807 61",2,280,560,COD,2022,6,June,Sunday
ORD-2024-01611,14-May-24,C0374,P0167,Ray-Ban Sunglasses for Unisex -0RB3552i,Eyewear,Ray-Ban Sunglasses for Unisex -0RB3552i,2,614,1228,Net Banking,2024,5,May,Tuesday
ORD-2023-01612,19-Dec-23,C0326,P0302,"Roberto Cavalli For Women - Eau de Parfum, 75ml",Perfumes & Fragrances,"Roberto Cavalli For Women - Eau de Parfum, 75ml",2,525,1050,Net Banking,2023,12,December,Tuesday
ORD-2022-01613,30-Oct-22,C0451,P0460,"Fossil Grant Watch For Men Analog Leather Band Fs4813, Quartz",Watches,"Fossil Grant Watch For Men Analog Leather Band Fs4813, Quartz",4,472,1888,Debit Card,2022,10,October,Sunday
ORD-2023-01614,28-Dec-23,C0217,P0540,"Burberry BU9350 For Men (Analog, Casual Watch), Stainless Steel",Watches,"Burberry BU9350 For Men (Analog, Casual Watch), Stainless Steel",1,2865,2865,Debit Card,2023,12,December,Thursday
ORD-2024-01615,13-Oct-24,C0157,P0113,"Lacoste Carnaby Lace Up Shoes For Men Size 42 EU, White",Casual & Dress Shoes,"Lacoste Carnaby Lace Up Shoes For Men Size 42 EU, White",2,519,1038,Wallet,2024,10,October,Sunday
ORD-2025-01616,20-May-25,C0321,P0221,Ray-Ban Aviator Unisex Sunglasses - RB3025 001/33 58,Eyewear,Ray-Ban Aviator Unisex Sunglasses - RB3025 001/33 58,8,977,7816,Credit Card,2025,5,May,Tuesday
ORD-2024-01617,29-Feb-24,C0181,P0306,"Roberto Cavalli Nero Assoluto for Women - Eau de Parfum, 75ml",Perfumes & Fragrances,"Roberto Cavalli Nero Assoluto for Women - Eau de Parfum, 75ml",5,210,1050,Net Banking,2024,2,February,Thursday
ORD-2024-01618,31-Dec-24,C0579,P0048,"Adidas Sooraj Color Block Rubber Sole Lace-Up Running Shoes for Women - Core Black & Grey Five, 38",Athletic Shoes,"Adidas Sooraj Color Block Rubber Sole Lace-Up Running Shoes for Women - Core Black & Grey Five, 38",2,2519.12,5038.24,COD,2024,12,December,Tuesday
ORD-2022-01619,31-Jan-22,C0238,P0129,"Puma Fashion Sneakers Casual Shoe  For Men , Multi Color , 40 EU",Casual & Dress Shoes,"Puma Fashion Sneakers Casual Shoe  For Men , Multi Color , 40 EU",2,509,1018,Debit Card,2022,1,January,Monday
ORD-2022-01620,24-Nov-22,C0154,P0375,Adidas  D2M HR 34 T Sport Tight for Women - Black,Sportswear,Adidas  D2M HR 34 T Sport Tight for Women - Black,2,180,360,COD,2022,11,November,Thursday
ORD-2025-01621,1-Jun-25,C0330,P0366,"Adidas Must Haves Badge of Sport Tank Top for Men - Black & Grey, XL, DT9935",Sportswear,"Adidas Must Haves Badge of Sport Tank Top for Men - Black & Grey, XL, DT9935",9,115,1035,COD,2025,6,June,Sunday
ORD-2024-01622,12-Jul-24,C0220,P0489,"Casio Enticer for Men - Casual Leather Band Watch - MTP1314L-7A, Analog",Watches,"Casio Enticer for Men - Casual Leather Band Watch - MTP1314L-7A, Analog",1,196,196,UPI,2024,7,July,Friday
ORD-2023-01623,14-Apr-23,C0489,P0196,"Ray-Ban Sunglasses for Unisex, Brown, 3647N",Eyewear,"Ray-Ban Sunglasses for Unisex, Brown, 3647N",1,900,900,Credit Card,2023,4,April,Friday
ORD-2024-01624,20-Mar-24,C0486,P0309,"Davidoff Hot Water for Men - Eau de Toilette, 110ml",Perfumes & Fragrances,"Davidoff Hot Water for Men - Eau de Toilette, 110ml",1,294,294,Debit Card,2024,3,March,Wednesday
ORD-2025-01625,23-Mar-25,C0076,P0179,Ray-Ban Rb3025-002/58 Aviator Unisex Sunglasses,Eyewear,Ray-Ban Rb3025-002/58 Aviator Unisex Sunglasses,2,985,1970,Credit Card,2025,3,March,Sunday
ORD-2023-01626,16-Nov-23,C0319,P0501,JBW Mondrain for Women - Dress Stainless Steel Band Watch - J6303G,Watches,JBW Mondrain for Women - Dress Stainless Steel Band Watch - J6303G,1,2990,2990,COD,2023,11,November,Thursday
ORD-2025-01627,29-Jun-25,C0565,P0198,"Ray Ban 3025,58,167,2K Sunglasses For Unisex-Gold",Eyewear,"Ray Ban 3025,58,167,2K Sunglasses For Unisex-Gold",3,850,2550,Credit Card,2025,6,June,Sunday
ORD-2022-01628,25-Aug-22,C0597,P0269,"Ray-Ban Butterfly Unisex Sunglasses - 4250 6034/2Y 52, Beige Lens",Eyewear,"Ray-Ban Butterfly Unisex Sunglasses - 4250 6034/2Y 52, Beige Lens",1,1170,1170,UPI,2022,8,August,Thursday
ORD-2023-01629,3-Feb-23,C0379,P0021,"Nike Quest 2 Nylon-Mesh Contrast Side Logo Running Shoes for Men - White, 45",Athletic Shoes,"Nike Quest 2 Nylon-Mesh Contrast Side Logo Running Shoes for Men - White, 45",1,2151.03,2151.03,Net Banking,2023,2,February,Friday
ORD-2024-01630,18-Aug-24,C0652,P0085,"Asics Gel-Kayano 5 OG Sneakers for Men, White, 44 EU",Athletic Shoes,"Asics Gel-Kayano 5 OG Sneakers for Men, White, 44 EU",1,489,489,COD,2024,8,August,Sunday
ORD-2024-01631,2-Mar-24,C0494,P0492,Ferrari Casual Watch For Men Analog Leather - 830388,Watches,Ferrari Casual Watch For Men Analog Leather - 830388,1,1045,1045,Net Banking,2024,3,March,Saturday
ORD-2024-01632,23-Apr-24,C0053,P0432,"Casio MTP1303L-1A For Men-Analog, Casual Watch, Leather",Watches,"Casio MTP1303L-1A For Men-Analog, Casual Watch, Leather",4,152,608,Debit Card,2024,4,April,Tuesday
ORD-2024-01633,20-Nov-24,C0111,P0582,"Burberry Women's Silver Dial Stainless Steel Band Watch - BU9144, Analog, Quartz",Watches,"Burberry Women's Silver Dial Stainless Steel Band Watch - BU9144, Analog, Quartz",3,2455,7365,Wallet,2024,11,November,Wednesday
ORD-2024-01634,5-Nov-24,C0561,P0303,"United Colors Of Benetton Hot for Women - Eau de Toilette, 100ml",Perfumes & Fragrances,"United Colors Of Benetton Hot for Women - Eau de Toilette, 100ml",1,79,79,Debit Card,2024,11,November,Tuesday
ORD-2022-01635,14-Nov-22,C0555,P0011,"NiKE Tanjun Sneaker for Women, Grey - 38 EU",Athletic Shoes,"NiKE Tanjun Sneaker for Women, Grey - 38 EU",2,359,718,Net Banking,2022,11,November,Monday
ORD-2024-01636,18-Feb-24,C0051,P0108,Lacoste Casual Shoe For Women Size 39 EU - White,Casual & Dress Shoes,Lacoste Casual Shoe For Women Size 39 EU - White,4,399,1596,Wallet,2024,2,February,Sunday
ORD-2023-01637,20-Aug-23,C0388,P0346,"Sheikh Al Shuyukh Luxe Edition For Men, Eau De Parfum, 100 ml",Perfumes & Fragrances,"Sheikh Al Shuyukh Luxe Edition For Men, Eau De Parfum, 100 ml",6,681.87,4091.22,Credit Card,2023,8,August,Sunday
ORD-2025-01638,28-Feb-25,C0559,P0319,"Sheikh Al Shuyukh by Lattafa for Unisex - Eau de Parfum, 50ml",Perfumes & Fragrances,"Sheikh Al Shuyukh by Lattafa for Unisex - Eau de Parfum, 50ml",1,95,95,Wallet,2025,2,February,Friday
ORD-2022-01639,5-Nov-22,C0197,P0182,"Ray Ban Aviator Sunglasses for Unisex - Green Lens, RB3025 55 W3234",Eyewear,"Ray Ban Aviator Sunglasses for Unisex - Green Lens, RB3025 55 W3234",5,1039.5,5197.5,Credit Card,2022,11,November,Saturday
ORD-2025-01640,26-Mar-25,C0596,P0451,Hugo Boss Casual Round Watch for Men,Watches,Hugo Boss Casual Round Watch for Men,1,1285,1285,COD,2025,3,March,Wednesday
ORD-2022-01641,29-Dec-22,C0057,P0176,CARRERA Men's Sunglasses Round Carrera 126/S Shnblckgd,Eyewear,CARRERA Men's Sunglasses Round Carrera 126/S Shnblckgd,1,750,750,Net Banking,2022,12,December,Thursday
ORD-2024-01642,20-Nov-24,C0229,P0522,Michael Kors Skylar Champagne Dial Gold-tone Ladies Watch - MK5867,Watches,Michael Kors Skylar Champagne Dial Gold-tone Ladies Watch - MK5867,1,1013,1013,Net Banking,2024,11,November,Wednesday
ORD-2024-01643,27-Dec-24,C0508,P0282,"Bottega Veneta Sunglasses For Unisex, Bv0013S-001-59, Brown Lens, Round Frame",Eyewear,"Bottega Veneta Sunglasses For Unisex, Bv0013S-001-59, Brown Lens, Round Frame",2,2094,4188,UPI,2024,12,December,Friday
ORD-2024-01644,23-May-24,C0308,P0319,"Sheikh Al Shuyukh by Lattafa for Unisex - Eau de Parfum, 50ml",Perfumes & Fragrances,"Sheikh Al Shuyukh by Lattafa for Unisex - Eau de Parfum, 50ml",3,95,285,Wallet,2024,5,May,Thursday
ORD-2024-01645,11-Sep-24,C0024,P0189,"Carrera Sunglasses for Men , Grey Lenses",Eyewear,"Carrera Sunglasses for Men , Grey Lenses",2,700,1400,Debit Card,2024,9,September,Wednesday
ORD-2023-01646,21-May-23,C0339,P0059,"adidas Pro Next 2019 GCA Sneaker for Men , Size 42.7 EU , Black",Athletic Shoes,"adidas Pro Next 2019 GCA Sneaker for Men , Size 42.7 EU , Black",1,389,389,Wallet,2023,5,May,Sunday
ORD-2024-01647,18-Oct-24,C0026,P0233,Polaroid PLD 4062/S/X BLACK/GREY women Sunglasses,Eyewear,Polaroid PLD 4062/S/X BLACK/GREY women Sunglasses,1,250,250,Net Banking,2024,10,October,Friday
ORD-2025-01648,14-Mar-25,C0287,P0158,Ray-Ban Aviator Unisex Sunglasses - RB3025-004-58-58,Eyewear,Ray-Ban Aviator Unisex Sunglasses - RB3025-004-58-58,1,900,900,UPI,2025,3,March,Friday
ORD-2022-01649,13-Jun-22,C0221,P0524,"Casio Enticer Men's Blue Dial Stainless Steel Band Watch - MTP-1335D-2AV, Analog, Quartz",Watches,"Casio Enticer Men's Blue Dial Stainless Steel Band Watch - MTP-1335D-2AV, Analog, Quartz",2,4436.45,8872.9,Credit Card,2022,6,June,Monday
ORD-2024-01650,7-Jan-24,C0509,P0058,"Under Armour Jet Sneakers for Men , Size 41/42 EU",Athletic Shoes,"Under Armour Jet Sneakers for Men , Size 41/42 EU",2,369,738,Wallet,2024,1,January,Sunday
ORD-2023-01651,30-Jan-23,C0143,P0003,"Nike air Heights Sneaker for Women , Size 38 EU , White",Athletic Shoes,"Nike air Heights Sneaker for Women , Size 38 EU , White",4,419,1676,Wallet,2023,1,January,Monday
ORD-2023-01652,13-Aug-23,C0348,P0446,"Casio Men's Ana-Digi Dial Resin Band Watch - AQ-S810W-2AV, Quartz",Watches,"Casio Men's Ana-Digi Dial Resin Band Watch - AQ-S810W-2AV, Quartz",3,208,624,Net Banking,2023,8,August,Sunday
ORD-2024-01653,3-May-24,C0146,P0012,"Adidas VS Pace Nubuck Contrast Side Stripe Sport Sneakers for Men - White, 43 1/3",Athletic Shoes,"Adidas VS Pace Nubuck Contrast Side Stripe Sport Sneakers for Men - White, 43 1/3",2,259,518,Credit Card,2024,5,May,Friday
ORD-2022-01654,11-Sep-22,C0593,P0028,Nike Court Royale Sport Sneakers for Women - White/Metallic Silver Size - 38 EU,Athletic Shoes,Nike Court Royale Sport Sneakers for Women - White/Metallic Silver Size - 38 EU,1,319,319,Wallet,2022,9,September,Sunday
ORD-2022-01655,26-Sep-22,C0277,P0495,"Casio Unisex Ana Digi Dial Stainless Steel Band Watch Aq230A 1Dmq, Quartz, Analog Digital",Watches,"Casio Unisex Ana Digi Dial Stainless Steel Band Watch Aq230A 1Dmq, Quartz, Analog Digital",2,154,308,Net Banking,2022,9,September,Monday
ORD-2023-01656,16-Dec-23,C0387,P0165,"Ray Ban Aviator Sunglasses For Unisex - Brown Gradient Lens, Rb4147/710/51, 60-15-145, 145 mm",Eyewear,"Ray Ban Aviator Sunglasses For Unisex - Brown Gradient Lens, Rb4147/710/51, 60-15-145, 145 mm",1,945,945,COD,2023,12,December,Saturday
ORD-2023-01657,2-Nov-23,C0668,P0408,Michael Kors Card Case For Women - Brown,Wallets,Michael Kors Card Case For Women - Brown,1,209,209,Net Banking,2023,11,November,Thursday
ORD-2022-01658,6-Nov-22,C0573,P0381,Adidas Design 2 Move Climacool Logo Tee For Men - Black,Sportswear,Adidas Design 2 Move Climacool Logo Tee For Men - Black,1,1779.08,1779.08,Credit Card,2022,11,November,Sunday
ORD-2024-01659,15-Mar-24,C0053,P0403,"Calvin Klein Bifold Wallet for Men , Black",Wallets,"Calvin Klein Bifold Wallet for Men , Black",1,160,160,Credit Card,2024,3,March,Friday
ORD-2024-01660,16-Jan-24,C0264,P0330,"Calvin Klein Ck One Shock for Women - Eau de Toilette, 200ml",Perfumes & Fragrances,"Calvin Klein Ck One Shock for Women - Eau de Toilette, 200ml",3,284,852,Net Banking,2024,1,January,Tuesday
ORD-2024-01661,2-Aug-24,C0260,P0341,"Bebe Glam for Women - Eau de Parfum, 100ml",Perfumes & Fragrances,"Bebe Glam for Women - Eau de Parfum, 100ml",2,170,340,Net Banking,2024,8,August,Friday
ORD-2023-01662,29-Sep-23,C0655,P0522,Michael Kors Skylar Champagne Dial Gold-tone Ladies Watch - MK5867,Watches,Michael Kors Skylar Champagne Dial Gold-tone Ladies Watch - MK5867,1,1013,1013,COD,2023,9,September,Friday
ORD-2025-01663,5-Jun-25,C0075,P0307,"Body By Burberry For Women - Eau De Parfum, 85Ml",Perfumes & Fragrances,"Body By Burberry For Women - Eau De Parfum, 85Ml",4,263,1052,Net Banking,2025,6,June,Thursday
ORD-2024-01664,20-May-24,C0178,P0197,"Ray-Ban Aviator Unisex Sunglasses - Rb3025-001/58-62 - 62-14-140 mm , Polarized Lens",Eyewear,"Ray-Ban Aviator Unisex Sunglasses - Rb3025-001/58-62 - 62-14-140 mm , Polarized Lens",2,980,1960,UPI,2024,5,May,Monday
ORD-2023-01665,4-Oct-23,C0414,P0600,JBW Victory Women's 16 Diamonds Mother of Pearl Dial Stainless Steel Band Watch - JB-6210-N,Watches,JBW Victory Women's 16 Diamonds Mother of Pearl Dial Stainless Steel Band Watch - JB-6210-N,2,5587,11174,Net Banking,2023,10,October,Wednesday
ORD-2023-01666,5-Dec-23,C0251,P0462,Michael Kors Lexington Watch for Men - Analog Stainless Steel Band - MK8344,Watches,Michael Kors Lexington Watch for Men - Analog Stainless Steel Band - MK8344,2,2420,4840,COD,2023,12,December,Tuesday
ORD-2023-01667,2-Dec-23,C0467,P0390,"Under Armour Armour Sport Ss7 T-Shirt For Women Medium, Blue",Sportswear,"Under Armour Armour Sport Ss7 T-Shirt For Women Medium, Blue",2,139,278,Credit Card,2023,12,December,Saturday
ORD-2023-01668,2-Apr-23,C0238,P0041,"Adidas Courtsmash Perforated Genuine Leather Mesh-Accent Lace-up Side-Stripe Tennis Athletic Shoes for Men - Core Black, 44",Athletic Shoes,"Adidas Courtsmash Perforated Genuine Leather Mesh-Accent Lace-up Side-Stripe Tennis Athletic Shoes for Men - Core Black, 44",2,259,518,UPI,2023,4,April,Sunday
ORD-2022-01669,28-Dec-22,C0586,P0472,hugo boss Jet Men's White Dial Leather Band Watch - 1513282,Watches,hugo boss Jet Men's White Dial Leather Band Watch - 1513282,1,1140,1140,UPI,2022,12,December,Wednesday
ORD-2023-01670,9-Nov-23,C0023,P0568,JBW Victor Men's 16 Diamonds Black Dial Black Ion-Plated Stainless Steel Band Watch - JB-8102-G,Watches,JBW Victor Men's 16 Diamonds Black Dial Black Ion-Plated Stainless Steel Band Watch - JB-8102-G,1,4490,4490,Net Banking,2023,11,November,Thursday
ORD-2023-01671,20-Oct-23,C0296,P0078,"Asics Gel-Kayano 5.1 Sneakers for Men, Black, 44 EU",Athletic Shoes,"Asics Gel-Kayano 5.1 Sneakers for Men, Black, 44 EU",2,379,758,COD,2023,10,October,Friday
ORD-2022-01672,2-Aug-22,C0647,P0300,"Guess by Marciano for Women - Eau de Parfum, 100ml",Perfumes & Fragrances,"Guess by Marciano for Women - Eau de Parfum, 100ml",1,147,147,Wallet,2022,8,August,Tuesday
ORD-2025-01673,28-Feb-25,C0150,P0570,"JBW Watch For men With 16 Diamonds, JB-8102-B",Watches,"JBW Watch For men With 16 Diamonds, JB-8102-B",2,5061,10122,UPI,2025,2,February,Friday
ORD-2024-01674,13-Apr-24,C0545,P0507,Casio AE-1000W-1A Digital Quartz Resin Sport Watch for Men - Black,Watches,Casio AE-1000W-1A Digital Quartz Resin Sport Watch for Men - Black,4,4221.61,16886.44,Net Banking,2024,4,April,Saturday
ORD-2023-01675,24-Aug-23,C0283,P0494,JBW Jet Setter Men's 234 Diamonds Gold Dial Gold Plated Stainless Steel Band Watch - JB-6213-A,Watches,JBW Jet Setter Men's 234 Diamonds Gold Dial Gold Plated Stainless Steel Band Watch - JB-6213-A,1,29970,29970,COD,2023,8,August,Thursday
ORD-2022-01676,25-Dec-22,C0518,P0364,"Nike B Nsw Tee Futura Icon Td T-Shirts For Kids , Grey, XL",Sportswear,"Nike B Nsw Tee Futura Icon Td T-Shirts For Kids , Grey, XL",3,109,327,Net Banking,2022,12,December,Sunday
ORD-2024-01677,1-Jul-24,C0510,P0269,"Ray-Ban Butterfly Unisex Sunglasses - 4250 6034/2Y 52, Beige Lens",Eyewear,"Ray-Ban Butterfly Unisex Sunglasses - 4250 6034/2Y 52, Beige Lens",3,1170,3510,UPI,2024,7,July,Monday
ORD-2024-01678,22-Sep-24,C0265,P0274,"Puma Sunglass For Men - Pu0016S_005, Blue Lens, Square Frame",Eyewear,"Puma Sunglass For Men - Pu0016S_005, Blue Lens, Square Frame",4,365,1460,Wallet,2024,9,September,Sunday
ORD-2024-01679,9-Jul-24,C0579,P0332,"S.T.Dupont Blanc for Women - Eau de Parfum, 100ml",Perfumes & Fragrances,"S.T.Dupont Blanc for Women - Eau de Parfum, 100ml",1,299,299,Wallet,2024,7,July,Tuesday
ORD-2024-01680,5-May-24,C0120,P0177,"Ray-Ban Sunglasses for Men, Black, 3548N",Eyewear,"Ray-Ban Sunglasses for Men, Black, 3548N",1,1286,1286,UPI,2024,5,May,Sunday
ORD-2023-01681,18-Mar-23,C0171,P0123,Lacoste Casual Shoe for Men Size 44 EU - White,Casual & Dress Shoes,Lacoste Casual Shoe for Men Size 44 EU - White,5,359,1795,COD,2023,3,March,Saturday
ORD-2022-01682,31-Aug-22,C0446,P0471,"Emporio Armani Men Ar1808 Classic Silver Tone Stainless Steel Watch, Analog",Watches,"Emporio Armani Men Ar1808 Classic Silver Tone Stainless Steel Watch, Analog",2,1095,2190,Debit Card,2022,8,August,Wednesday
ORD-2023-01683,7-Nov-23,C0159,P0230,"Carrera Sunglasses for Unisex - Black Lens,  1005/S TI7",Eyewear,"Carrera Sunglasses for Unisex - Black Lens,  1005/S TI7",4,750,3000,Debit Card,2023,11,November,Tuesday
ORD-2024-01684,13-Dec-24,C0391,P0504,"Emporio Armani Men'S Black Dial Leather Band Watch Ar2482, Quartz, Analog",Watches,"Emporio Armani Men'S Black Dial Leather Band Watch Ar2482, Quartz, Analog",2,1095,2190,COD,2024,12,December,Friday
ORD-2022-01685,6-Sep-22,C0135,P0291,Ray-Ban Rectangle Unisex Sunglasses - 3538 189/55 53,Eyewear,Ray-Ban Rectangle Unisex Sunglasses - 3538 189/55 53,1,950,950,Credit Card,2022,9,September,Tuesday
ORD-2022-01686,26-Dec-22,C0379,P0333,"Brown Orchid for Men - Eau de Parfum, 80ml",Perfumes & Fragrances,"Brown Orchid for Men - Eau de Parfum, 80ml",2,59,118,Credit Card,2022,12,December,Monday
ORD-2022-01687,7-Apr-22,C0276,P0415,Levis Trifold Wallet for Men - 31LV110021-Black,Wallets,Levis Trifold Wallet for Men - 31LV110021-Black,5,110,550,Wallet,2022,4,April,Thursday
ORD-2024-01688,13-Jan-24,C0636,P0141,Lacoste Casual Shoe for Men Size 42 EU - Black,Casual & Dress Shoes,Lacoste Casual Shoe for Men Size 42 EU - Black,5,379,1895,Wallet,2024,1,January,Saturday
ORD-2024-01689,25-Aug-24,C0129,P0043,"Adidas Grand Court Base Faux Leather Contrast Side Stripe Heel Tab Logo Tennis Shoes for Women - White, 40",Athletic Shoes,"Adidas Grand Court Base Faux Leather Contrast Side Stripe Heel Tab Logo Tennis Shoes for Women - White, 40",6,259,1554,Wallet,2024,8,August,Sunday
ORD-2024-01690,10-Aug-24,C0382,P0474,"August Steiner Men's Gold-Tone And Blue Dial Leather Band Watch - AS8183SSB, Analog, Japanese Quartz Movement",Watches,"August Steiner Men's Gold-Tone And Blue Dial Leather Band Watch - AS8183SSB, Analog, Japanese Quartz Movement",1,1600,1600,COD,2024,8,August,Saturday
ORD-2025-01691,4-Jan-25,C0667,P0181,"Ray-Ban Sunglasses For Unisex, Grey, 3647N, Round Frame",Eyewear,"Ray-Ban Sunglasses For Unisex, Grey, 3647N, Round Frame",4,850,3400,Credit Card,2025,1,January,Saturday
ORD-2023-01692,30-Jun-23,C0626,P0596,Scuderia Ferrari Men's Grey  Dial Color Rubber Band Watch - 830342,Watches,Scuderia Ferrari Men's Grey  Dial Color Rubber Band Watch - 830342,1,1045,1045,Debit Card,2023,6,June,Friday
ORD-2025-01693,9-Apr-25,C0083,P0565,August Steiner Men's Black Dial Metal Band Watch - AS8097SSB,Watches,August Steiner Men's Black Dial Metal Band Watch - AS8097SSB,1,693,693,UPI,2025,4,April,Wednesday
ORD-2023-01694,8-Oct-23,C0311,P0429,Michael Kors Lexington Women's Silver Dial Stainless Steel Band Watch - MK5735,Watches,Michael Kors Lexington Women's Silver Dial Stainless Steel Band Watch - MK5735,2,1698,3396,Debit Card,2023,10,October,Sunday
ORD-2022-01695,29-Jul-22,C0101,P0231,"Carrera Sunglasses For Unisex - Black Lens, 1011/S, Grey Lens, Square Frame",Eyewear,"Carrera Sunglasses For Unisex - Black Lens, 1011/S, Grey Lens, Square Frame",2,750,1500,Wallet,2022,7,July,Friday
ORD-2024-01696,4-Feb-24,C0217,P0419,guess Men's Wallet 31GUE11028-Brown,Wallets,guess Men's Wallet 31GUE11028-Brown,2,140,280,Wallet,2024,2,February,Sunday
ORD-2023-01697,3-Feb-23,C0331,P0338,"Dunhill Desire for Men - Eau de Toilette, 100ml",Perfumes & Fragrances,"Dunhill Desire for Men - Eau de Toilette, 100ml",3,305,915,Wallet,2023,2,February,Friday
ORD-2023-01698,9-Apr-23,C0103,P0355,"Juicy Couture Viva La Juicy for Women - Eau de Parfum, 100ml",Perfumes & Fragrances,"Juicy Couture Viva La Juicy for Women - Eau de Parfum, 100ml",1,218,218,Credit Card,2023,4,April,Sunday
ORD-2022-01699,11-Nov-22,C0356,P0546,"Akribos XXIV Men's Black Dial Leather Band Watch - AK769YG, Analog, Quartz",Watches,"Akribos XXIV Men's Black Dial Leather Band Watch - AK769YG, Analog, Quartz",2,1600,3200,COD,2022,11,November,Friday
ORD-2024-01700,14-Dec-24,C0335,P0363,"Under Armour Rival Fleece Training Sports Pants for Men Black, L",Sportswear,"Under Armour Rival Fleece Training Sports Pants for Men Black, L",1,229,229,Debit Card,2024,12,December,Saturday
ORD-2024-01701,11-Apr-24,C0419,P0560,"Fossil Nate Men'S Black Dial Stainless Steel Band Watch Jr1527, Quartz, Analog",Watches,"Fossil Nate Men'S Black Dial Stainless Steel Band Watch Jr1527, Quartz, Analog",1,775,775,COD,2024,4,April,Thursday
ORD-2024-01702,18-Aug-24,C0594,P0510,JBW Women's Mondrian Jewelry Set 0.16 ctw Diamond 18k Gold-plated Stainless Steel Watch - J6303-SetB,Watches,JBW Women's Mondrian Jewelry Set 0.16 ctw Diamond 18k Gold-plated Stainless Steel Watch - J6303-SetB,4,3787.84,15151.36,Debit Card,2024,8,August,Sunday
ORD-2022-01703,28-Jun-22,C0116,P0269,"Ray-Ban Butterfly Unisex Sunglasses - 4250 6034/2Y 52, Beige Lens",Eyewear,"Ray-Ban Butterfly Unisex Sunglasses - 4250 6034/2Y 52, Beige Lens",1,1170,1170,UPI,2022,6,June,Tuesday
ORD-2023-01704,8-Mar-23,C0304,P0352,"Brit Rhythm by Burberry for Men - Eau de Toilette, 50ml",Perfumes & Fragrances,"Brit Rhythm by Burberry for Men - Eau de Toilette, 50ml",1,399,399,Wallet,2023,3,March,Wednesday
ORD-2025-01705,6-Jan-25,C0367,P0104,Hugo Boss Casual Shoe for Men Size 43 EU - Navy,Casual & Dress Shoes,Hugo Boss Casual Shoe for Men Size 43 EU - Navy,1,759,759,Wallet,2025,1,January,Monday
ORD-2025-01706,31-Jan-25,C0142,P0378,"Champion Hemmed Edge Pants For Men, S, Black",Sportswear,"Champion Hemmed Edge Pants For Men, S, Black",7,159,1113,Credit Card,2025,1,January,Friday
ORD-2022-01707,15-Aug-22,C0057,P0368,Adidas Must Haves 3-Stripes Sport T-Shirt for Men - Black & White,Sportswear,Adidas Must Haves 3-Stripes Sport T-Shirt for Men - Black & White,1,140,140,UPI,2022,8,August,Monday
ORD-2022-01708,18-Nov-22,C0181,P0096,Lacoste Casual Shoe For Men Size 45 EU - White,Casual & Dress Shoes,Lacoste Casual Shoe For Men Size 45 EU - White,3,519,1557,UPI,2022,11,November,Friday
ORD-2023-01709,14-Nov-23,C0115,P0505,Lacoste Legacy Men's Black Dial Leather Band Watch - 2010982,Watches,Lacoste Legacy Men's Black Dial Leather Band Watch - 2010982,1,855,855,Debit Card,2023,11,November,Tuesday
ORD-2025-01710,11-May-25,C0218,P0079,"Asics Gel-Pulse 10 Sneakers for Men, Silver, 42.5 EU",Athletic Shoes,"Asics Gel-Pulse 10 Sneakers for Men, Silver, 42.5 EU",2,389,778,UPI,2025,5,May,Sunday
ORD-2024-01711,10-Jul-24,C0111,P0255,"Ray-Ban Clubmaster Unisex Sunglasses - 3016 1145/17 49, Blue Lens",Eyewear,"Ray-Ban Clubmaster Unisex Sunglasses - 3016 1145/17 49, Blue Lens",2,890,1780,Credit Card,2024,7,July,Wednesday
ORD-2022-01712,1-Nov-22,C0180,P0536,"Watch for Women by Tory Burch, Buddy Signature, Pink, Leather, trb2004",Watches,"Watch for Women by Tory Burch, Buddy Signature, Pink, Leather, trb2004",3,1113,3339,Debit Card,2022,11,November,Tuesday
ORD-2024-01713,7-Feb-24,C0149,P0462,Michael Kors Lexington Watch for Men - Analog Stainless Steel Band - MK8344,Watches,Michael Kors Lexington Watch for Men - Analog Stainless Steel Band - MK8344,2,2420,4840,COD,2024,2,February,Wednesday
ORD-2022-01714,11-Nov-22,C0014,P0510,JBW Women's Mondrian Jewelry Set 0.16 ctw Diamond 18k Gold-plated Stainless Steel Watch - J6303-SetB,Watches,JBW Women's Mondrian Jewelry Set 0.16 ctw Diamond 18k Gold-plated Stainless Steel Watch - J6303-SetB,3,1215.57,3646.71,Debit Card,2022,11,November,Friday
ORD-2023-01715,12-Nov-23,C0524,P0298,"Davidoff Cool Water for Women - Eau de Toilette, 100ml",Perfumes & Fragrances,"Davidoff Cool Water for Women - Eau de Toilette, 100ml",2,279,558,COD,2023,11,November,Sunday
ORD-2025-01716,16-May-25,C0058,P0359,"Adidas Spain Home Football Jersey For Men - Red, L",Sportswear,"Adidas Spain Home Football Jersey For Men - Red, L",1,419,419,Wallet,2025,5,May,Friday
ORD-2024-01717,24-Dec-24,C0583,P0539,"Casio Men's Ana-Digi Dial Stainless Steel Band Watch - AW-82D-1AVDF, Quartz",Watches,"Casio Men's Ana-Digi Dial Stainless Steel Band Watch - AW-82D-1AVDF, Quartz",1,336,336,Debit Card,2024,12,December,Tuesday
ORD-2022-01718,12-Sep-22,C0152,P0030,Nike Tanjun Sneaker For Women (White & Black - 38 EU),Athletic Shoes,Nike Tanjun Sneaker For Women (White & Black - 38 EU),1,352,352,Wallet,2022,9,September,Monday
ORD-2023-01719,14-Feb-23,C0046,P0566,Seiko Men's Black Dial Stainless Steel Band Watch - SNK375J1,Watches,Seiko Men's Black Dial Stainless Steel Band Watch - SNK375J1,6,691,4146,Debit Card,2023,2,February,Tuesday
ORD-2022-01720,19-Oct-22,C0147,P0365,adidas Logo Sport Tank Top for Women - Black,Sportswear,adidas Logo Sport Tank Top for Women - Black,3,155,465,Credit Card,2022,10,October,Wednesday
ORD-2023-01721,1-Feb-23,C0279,P0050,"Nike Viale Sneaker for Men , Size 45 EU , Black",Athletic Shoes,"Nike Viale Sneaker for Men , Size 45 EU , Black",1,389,389,Debit Card,2023,2,February,Wednesday
ORD-2023-01722,9-Dec-23,C0309,P0422,"The North Face Flap WALLET For UNISEX, Multi Color - NOT0CE69-JK3",Wallets,"The North Face Flap WALLET For UNISEX, Multi Color - NOT0CE69-JK3",1,123,123,Credit Card,2023,12,December,Saturday
ORD-2022-01723,28-Aug-22,C0438,P0170,"Esprit Women's Sunglasses - Brown Frame,Brown Gradient Lens- ET19461/535, size 56-16-142",Eyewear,"Esprit Women's Sunglasses - Brown Frame,Brown Gradient Lens- ET19461/535, size 56-16-142",2,336,672,Credit Card,2022,8,August,Sunday
ORD-2023-01724,14-Sep-23,C0220,P0483,JBW Alessandra for Women - Analog Stainless Steel Band Watch - JB-6217-C,Watches,JBW Alessandra for Women - Analog Stainless Steel Band Watch - JB-6217-C,2,5481,10962,UPI,2023,9,September,Thursday
ORD-2023-01725,6-Jul-23,C0264,P0439,"Casio Women'S Blue Dial Stainless Steel Band Watch Ltp 1183A 2A, Quartz, Analog",Watches,"Casio Women'S Blue Dial Stainless Steel Band Watch Ltp 1183A 2A, Quartz, Analog",1,225,225,Net Banking,2023,7,July,Thursday
ORD-2023-01726,6-Nov-23,C0198,P0091,Nike air Max Motion 2 Running Shoes for Men - atmosphere Grey/White (44 EU),Athletic Shoes,Nike air Max Motion 2 Running Shoes for Men - atmosphere Grey/White (44 EU),1,589,589,Credit Card,2023,11,November,Monday
ORD-2022-01727,15-Apr-22,C0012,P0218,"Ray-Ban RB1971 914731 Square Sunglasses for Unisex , Lens 54 mm",Eyewear,"Ray-Ban RB1971 914731 Square Sunglasses for Unisex , Lens 54 mm",2,997,1994,COD,2022,4,April,Friday
ORD-2022-01728,15-Nov-22,C0114,P0549,"Casio Multi Lingual Data Bank Men'S Digital Dial Stainless Steel Band Watch Dbc 32D 1A, Quartz",Watches,"Casio Multi Lingual Data Bank Men'S Digital Dial Stainless Steel Band Watch Dbc 32D 1A, Quartz",3,210,630,Net Banking,2022,11,November,Tuesday
ORD-2025-01729,15-Feb-25,C0603,P0011,"NiKE Tanjun Sneaker for Women, Grey - 38 EU",Athletic Shoes,"NiKE Tanjun Sneaker for Women, Grey - 38 EU",1,359,359,UPI,2025,2,February,Saturday
ORD-2022-01730,7-May-22,C0037,P0485,Scuderia Ferrari Aspire Men's Black Dial Stainless Steel Band Watch - 830535,Watches,Scuderia Ferrari Aspire Men's Black Dial Stainless Steel Band Watch - 830535,2,1115,2230,Wallet,2022,5,May,Saturday
ORD-2023-01731,20-Aug-23,C0572,P0046,"Asics GEL-Kayano 26 Running Shoes for Women, Multi Color, 38 EU",Athletic Shoes,"Asics GEL-Kayano 26 Running Shoes for Women, Multi Color, 38 EU",1,839,839,Net Banking,2023,8,August,Sunday
ORD-2023-01732,6-Nov-23,C0480,P0323,"Dunhill Custom for Men - Eau de Toilette, 100ml",Perfumes & Fragrances,"Dunhill Custom for Men - Eau de Toilette, 100ml",1,263,263,COD,2023,11,November,Monday
ORD-2024-01733,26-Mar-24,C0496,P0164,Polaroid P4139 Aviator Sunglasses,Eyewear,Polaroid P4139 Aviator Sunglasses,1,350,350,UPI,2024,3,March,Tuesday
ORD-2023-01734,29-Dec-23,C0314,P0345,"MONTALE Roses Musk for Women - Eau de Parfum, 100ml",Perfumes & Fragrances,"MONTALE Roses Musk for Women - Eau de Parfum, 100ml",3,439,1317,Debit Card,2023,12,December,Friday
ORD-2022-01735,12-Jun-22,C0632,P0323,"Dunhill Custom for Men - Eau de Toilette, 100ml",Perfumes & Fragrances,"Dunhill Custom for Men - Eau de Toilette, 100ml",1,263,263,UPI,2022,6,June,Sunday
ORD-2022-01736,16-Aug-22,C0057,P0320,"Bentley Intense for Men - Eau de Parfum, 100ml",Perfumes & Fragrances,"Bentley Intense for Men - Eau de Parfum, 100ml",1,294,294,Credit Card,2022,8,August,Tuesday
ORD-2023-01737,19-Jun-23,C0475,P0057,Nike Sb Check Solar Cnvs Sneaker For Men (Black - 43 EU),Athletic Shoes,Nike Sb Check Solar Cnvs Sneaker For Men (Black - 43 EU),7,299,2093,Debit Card,2023,6,June,Monday
ORD-2023-01738,6-Jan-23,C0156,P0600,JBW Victory Women's 16 Diamonds Mother of Pearl Dial Stainless Steel Band Watch - JB-6210-N,Watches,JBW Victory Women's 16 Diamonds Mother of Pearl Dial Stainless Steel Band Watch - JB-6210-N,2,5587,11174,Wallet,2023,1,January,Friday
ORD-2023-01739,14-Aug-23,C0479,P0605,Puma Casual Watch For Men Analog Stainless Steel - PU103951004,Watches,Puma Casual Watch For Men Analog Stainless Steel - PU103951004,2,679,1358,Credit Card,2023,8,August,Monday
ORD-2024-01740,14-Nov-24,C0375,P0229,"Polaroid Cat Eye Women's Sunglasses - Pld 4066/S 08657La, Brown Lens",Eyewear,"Polaroid Cat Eye Women's Sunglasses - Pld 4066/S 08657La, Brown Lens",1,250,250,COD,2024,11,November,Thursday
ORD-2024-01741,3-Mar-24,C0525,P0075,"Asics GEL-Nimbus 20 Sneaker for Men, Grey, 36 EU",Athletic Shoes,"Asics GEL-Nimbus 20 Sneaker for Men, Grey, 36 EU",1,749,749,Wallet,2024,3,March,Sunday
ORD-2022-01742,27-Apr-22,C0024,P0035,Asics Jolt 2 Sneaker for Men Black 43.5 EU,Athletic Shoes,Asics Jolt 2 Sneaker for Men Black 43.5 EU,1,209,209,Net Banking,2022,4,April,Wednesday
ORD-2023-01743,13-Jun-23,C0248,P0503,"Diesel Mega Chief Dz4329, Analog",Watches,"Diesel Mega Chief Dz4329, Analog",1,990,990,Debit Card,2023,6,June,Tuesday
ORD-2025-01744,1-Mar-25,C0342,P0529,"Scuderia Ferrari Watch for Men , Quartz , Stainless Steel - 830635",Watches,"Scuderia Ferrari Watch for Men , Quartz , Stainless Steel - 830635",3,1221.35,3664.05,Wallet,2025,3,March,Saturday
ORD-2022-01745,23-Dec-22,C0011,P0495,"Casio Unisex Ana Digi Dial Stainless Steel Band Watch Aq230A 1Dmq, Quartz, Analog Digital",Watches,"Casio Unisex Ana Digi Dial Stainless Steel Band Watch Aq230A 1Dmq, Quartz, Analog Digital",1,154,154,Net Banking,2022,12,December,Friday
ORD-2024-01746,15-Dec-24,C0225,P0254,"Ray-Ban Round Unisex Sunglasses - 4257 6092/55 53, Blue Lens",Eyewear,"Ray-Ban Round Unisex Sunglasses - 4257 6092/55 53, Blue Lens",1,890,890,Debit Card,2024,12,December,Sunday
ORD-2024-01747,27-Apr-24,C0641,P0181,"Ray-Ban Sunglasses For Unisex, Grey, 3647N, Round Frame",Eyewear,"Ray-Ban Sunglasses For Unisex, Grey, 3647N, Round Frame",2,850,1700,Wallet,2024,4,April,Saturday
ORD-2022-01748,7-Dec-22,C0161,P0173,"Ray Ban Rectangle Sunglasses For Men - Gray Lens, Rb4179-601S82, 140 mm",Eyewear,"Ray Ban Rectangle Sunglasses For Men - Gray Lens, Rb4179-601S82, 140 mm",2,1680,3360,Credit Card,2022,12,December,Wednesday
ORD-2022-01749,20-Dec-22,C0260,P0117,"Lacoste Fairlead Fashion Sneakers Shoes for Men, Size 43 EU, White and Beige",Casual & Dress Shoes,"Lacoste Fairlead Fashion Sneakers Shoes for Men, Size 43 EU, White and Beige",1,469,469,COD,2022,12,December,Tuesday
ORD-2022-01750,12-Jan-22,C0444,P0310,"Oud Sharqia for Unisex - Eau de Parfum, 80ml",Perfumes & Fragrances,"Oud Sharqia for Unisex - Eau de Parfum, 80ml",1,157,157,UPI,2022,1,January,Wednesday
ORD-2022-01751,3-Jul-22,C0075,P0137,Lacoste Casual Shoe for Men Size 44 EU - White,Casual & Dress Shoes,Lacoste Casual Shoe for Men Size 44 EU - White,3,499,1497,Debit Card,2022,7,July,Sunday
ORD-2024-01752,25-Nov-24,C0129,P0432,"Casio MTP1303L-1A For Men-Analog, Casual Watch, Leather",Watches,"Casio MTP1303L-1A For Men-Analog, Casual Watch, Leather",2,152,304,UPI,2024,11,November,Monday
ORD-2022-01753,17-Jul-22,C0632,P0008,"Nike Fitness Shoes For Men , 44.5 EU , Gray",Athletic Shoes,"Nike Fitness Shoes For Men , 44.5 EU , Gray",2,389,778,UPI,2022,7,July,Sunday
ORD-2024-01754,6-Oct-24,C0114,P0074,"Asics Gel Kayano 25 SP Sneaker for Women, Black/Pink, 37 EU",Athletic Shoes,"Asics Gel Kayano 25 SP Sneaker for Women, Black/Pink, 37 EU",3,749,2247,Credit Card,2024,10,October,Sunday
ORD-2022-01755,29-Apr-22,C0616,P0415,Levis Trifold Wallet for Men - 31LV110021-Black,Wallets,Levis Trifold Wallet for Men - 31LV110021-Black,2,110,220,Wallet,2022,4,April,Friday
ORD-2024-01756,16-Dec-24,C0063,P0271,"Ray-Ban Men's 0RB4346 Sunglasses, Negro, 51",Eyewear,"Ray-Ban Men's 0RB4346 Sunglasses, Negro, 51",2,1170,2340,COD,2024,12,December,Monday
ORD-2024-01757,16-Dec-24,C0457,P0263,"Ray-Ban Men's Aviator Large Metal Aviator Sunglasses, Gold (Frames: gold Glass: Course light blue 001/3F), 58 mm",Eyewear,"Ray-Ban Men's Aviator Large Metal Aviator Sunglasses, Gold (Frames: gold Glass: Course light blue 001/3F), 58 mm",2,802,1604,COD,2024,12,December,Monday
ORD-2025-01758,11-Jun-25,C0641,P0458,JBW Skye 0.05 ctw Diamond Women's White MOP Dial Genuine Leather Band Watch - J6378C,Watches,JBW Skye 0.05 ctw Diamond Women's White MOP Dial Genuine Leather Band Watch - J6378C,2,1879,3758,Credit Card,2025,6,June,Wednesday
ORD-2025-01759,18-Apr-25,C0052,P0276,"Calvin Klein Square Sunglasseses for Unisex , Grey ,  CKJ818S",Eyewear,"Calvin Klein Square Sunglasseses for Unisex , Grey ,  CKJ818S",1,950,950,Credit Card,2025,4,April,Friday
ORD-2022-01760,1-Jun-22,C0516,P0377,adidas FL_SPR Z FT 3ST BLACK for MALE,Sportswear,adidas FL_SPR Z FT 3ST BLACK for MALE,1,139,139,Wallet,2022,6,June,Wednesday
ORD-2022-01761,21-Apr-22,C0333,P0465,Hugo Boss Dress Watch For Men Analog Leather - 1513279,Watches,Hugo Boss Dress Watch For Men Analog Leather - 1513279,1,1435,1435,Credit Card,2022,4,April,Thursday
ORD-2022-01762,13-Aug-22,C0361,P0088,"Asics Curreo II Sneakers for Men, Grey, 44 EU",Athletic Shoes,"Asics Curreo II Sneakers for Men, Grey, 44 EU",4,249,996,Debit Card,2022,8,August,Saturday
ORD-2022-01763,21-Nov-22,C0594,P0494,JBW Jet Setter Men's 234 Diamonds Gold Dial Gold Plated Stainless Steel Band Watch - JB-6213-A,Watches,JBW Jet Setter Men's 234 Diamonds Gold Dial Gold Plated Stainless Steel Band Watch - JB-6213-A,3,29970,89910,Credit Card,2022,11,November,Monday
ORD-2023-01764,17-Apr-23,C0581,P0040,"adidas STRUTTER Sneaker for Men , Size 42.7 EU , White",Athletic Shoes,"adidas STRUTTER Sneaker for Men , Size 42.7 EU , White",2,289,578,Credit Card,2023,4,April,Monday
ORD-2023-01765,14-Nov-23,C0153,P0429,Michael Kors Lexington Women's Silver Dial Stainless Steel Band Watch - MK5735,Watches,Michael Kors Lexington Women's Silver Dial Stainless Steel Band Watch - MK5735,1,1698,1698,Wallet,2023,11,November,Tuesday
ORD-2023-01766,16-Dec-23,C0628,P0004,"Nike Fitness Shoes For Men , 43 EU , Black",Athletic Shoes,"Nike Fitness Shoes For Men , 43 EU , Black",2,319,638,Credit Card,2023,12,December,Saturday
ORD-2022-01767,20-Jan-22,C0035,P0333,"Brown Orchid for Men - Eau de Parfum, 80ml",Perfumes & Fragrances,"Brown Orchid for Men - Eau de Parfum, 80ml",4,59,236,Wallet,2022,1,January,Thursday
ORD-2024-01768,16-Oct-24,C0391,P0207,"Emporio armani Wayfarer Sunglassese for Women , Grey Lens , B00G8VTQ64",Eyewear,"Emporio armani Wayfarer Sunglassese for Women , Grey Lens , B00G8VTQ64",2,1119,2238,Net Banking,2024,10,October,Wednesday
ORD-2024-01769,8-Aug-24,C0506,P0553,Casio Standard Analog Watch MTP-1374D-2AV,Watches,Casio Standard Analog Watch MTP-1374D-2AV,2,288.75,577.5,COD,2024,8,August,Thursday
ORD-2024-01770,23-May-24,C0634,P0476,Lacoste Men's Blue Dial Stainless Steel Band Watch - 2010953L,Watches,Lacoste Men's Blue Dial Stainless Steel Band Watch - 2010953L,4,965,3860,Wallet,2024,5,May,Thursday
ORD-2024-01771,13-Jul-24,C0026,P0466,"Burberry Watch for Women , Quartz , Leather , BU9132, Analog",Watches,"Burberry Watch for Women , Quartz , Leather , BU9132, Analog",1,1625,1625,UPI,2024,7,July,Saturday
ORD-2022-01772,14-Aug-22,C0279,P0113,"Lacoste Carnaby Lace Up Shoes For Men Size 42 EU, White",Casual & Dress Shoes,"Lacoste Carnaby Lace Up Shoes For Men Size 42 EU, White",2,519,1038,Credit Card,2022,8,August,Sunday
ORD-2024-01773,8-Nov-24,C0207,P0592,"Emporio Armani Watch For Men Leather Quartz Ar1945, Analog",Watches,"Emporio Armani Watch For Men Leather Quartz Ar1945, Analog",2,980,1960,Debit Card,2024,11,November,Friday
ORD-2022-01774,13-Nov-22,C0304,P0440,"Emporio Armani Men'S White Dial Stainless Steel Band Watch Ar1839, Quartz, Analog",Watches,"Emporio Armani Men'S White Dial Stainless Steel Band Watch Ar1839, Quartz, Analog",1,1145,1145,Debit Card,2022,11,November,Sunday
ORD-2023-01775,24-Mar-23,C0468,P0391,"Under Armour Baseline Fleece Jogger7 Pant For Men , Size M , Brown",Sportswear,"Under Armour Baseline Fleece Jogger7 Pant For Men , Size M , Brown",3,239,717,Credit Card,2023,3,March,Friday
ORD-2022-01776,21-Sep-22,C0533,P0039,Nike Md Runner 2 Running Shoes for Men - Black/White (43 EU),Athletic Shoes,Nike Md Runner 2 Running Shoes for Men - Black/White (43 EU),2,399,798,COD,2022,9,September,Wednesday
ORD-2023-01777,26-Jul-23,C0608,P0245,"Miu Miu Rimless Women's Sunglasses - 56Ts-Xej1A1 - 63 mm, Black Lens",Eyewear,"Miu Miu Rimless Women's Sunglasses - 56Ts-Xej1A1 - 63 mm, Black Lens",2,2000,4000,Debit Card,2023,7,July,Wednesday
ORD-2022-01778,21-Sep-22,C0405,P0494,JBW Jet Setter Men's 234 Diamonds Gold Dial Gold Plated Stainless Steel Band Watch - JB-6213-A,Watches,JBW Jet Setter Men's 234 Diamonds Gold Dial Gold Plated Stainless Steel Band Watch - JB-6213-A,1,29970,29970,COD,2022,9,September,Wednesday
ORD-2024-01779,26-Nov-24,C0473,P0373,"Adidas W E Lin Slim Tk Tank For Women - Black (Dp2359), S",Sportswear,"Adidas W E Lin Slim Tk Tank For Women - Black (Dp2359), S",3,100,300,UPI,2024,11,November,Tuesday
ORD-2024-01780,11-Nov-24,C0063,P0043,"Adidas Grand Court Base Faux Leather Contrast Side Stripe Heel Tab Logo Tennis Shoes for Women - White, 40",Athletic Shoes,"Adidas Grand Court Base Faux Leather Contrast Side Stripe Heel Tab Logo Tennis Shoes for Women - White, 40",3,259,777,UPI,2024,11,November,Monday
ORD-2024-01781,3-Dec-24,C0577,P0589,"Casio EF-558D-7A For Men-Analog, Sport Watch, Stainless Steel",Watches,"Casio EF-558D-7A For Men-Analog, Sport Watch, Stainless Steel",1,931,931,Credit Card,2024,12,December,Tuesday
ORD-2024-01782,28-Sep-24,C0325,P0270,"Ray-Ban Unisex's Rb4075 Sunglasses, Tortoise, 61",Eyewear,"Ray-Ban Unisex's Rb4075 Sunglasses, Tortoise, 61",1,1169,1169,COD,2024,9,September,Saturday
ORD-2022-01783,4-Dec-22,C0156,P0308,"Davidoff Cool Water For Men - Eau de Toilette, 125ml",Perfumes & Fragrances,"Davidoff Cool Water For Men - Eau de Toilette, 125ml",4,294,1176,Wallet,2022,12,December,Sunday
ORD-2025-01784,28-May-25,C0337,P0142,"Geox U FEDERICO Fashion Sneakers For Men , size 44 EU , Black",Casual & Dress Shoes,"Geox U FEDERICO Fashion Sneakers For Men , size 44 EU , Black",2,579,1158,COD,2025,5,May,Wednesday
ORD-2022-01785,26-Dec-22,C0409,P0287,Sunglasses Diane von Furstenberg DVF 143 S FIONA 237 DARK TORTOISE,Eyewear,Sunglasses Diane von Furstenberg DVF 143 S FIONA 237 DARK TORTOISE,3,594,1782,Net Banking,2022,12,December,Monday
ORD-2022-01786,1-Feb-22,C0151,P0210,Ray-Ban Pilot Sunglasses for Men - 3386-63-004-13,Eyewear,Ray-Ban Pilot Sunglasses for Men - 3386-63-004-13,1,1129.8,1129.8,COD,2022,2,February,Tuesday
ORD-2023-01787,6-Aug-23,C0403,P0410,"Tommy Hilfiger Bifold Wallet For Men,Leather,Black",Wallets,"Tommy Hilfiger Bifold Wallet For Men,Leather,Black",1,419,419,Net Banking,2023,8,August,Sunday
ORD-2022-01788,10-Oct-22,C0155,P0501,JBW Mondrain for Women - Dress Stainless Steel Band Watch - J6303G,Watches,JBW Mondrain for Women - Dress Stainless Steel Band Watch - J6303G,2,2990,5980,UPI,2022,10,October,Monday
ORD-2024-01789,3-May-24,C0301,P0258,"Fendi Sunglasses For Women, Alloy, Pink, Ff 0177/S 0J, Cat Eye Frame",Eyewear,"Fendi Sunglasses For Women, Alloy, Pink, Ff 0177/S 0J, Cat Eye Frame",1,1250,1250,UPI,2024,5,May,Friday
ORD-2024-01790,31-Jan-24,C0163,P0358,"Fatale by Agent Provocateur for Women - Eau de Parfum, 50ml",Perfumes & Fragrances,"Fatale by Agent Provocateur for Women - Eau de Parfum, 50ml",1,450.65,450.65,Credit Card,2024,1,January,Wednesday
ORD-2023-01791,3-Feb-23,C0243,P0344,"Nikos Sculpture Homme for Men - Eau de Toilette, 100ml",Perfumes & Fragrances,"Nikos Sculpture Homme for Men - Eau de Toilette, 100ml",5,250,1250,Net Banking,2023,2,February,Friday
ORD-2024-01792,24-Nov-24,C0285,P0327,"Davidoff The Game for Men - Eau de Toilette, 100ml",Perfumes & Fragrances,"Davidoff The Game for Men - Eau de Toilette, 100ml",1,252,252,Credit Card,2024,11,November,Sunday
ORD-2022-01793,14-Apr-22,C0065,P0544,Michael Kors Darci Watch for Women - Analog Stainless Steel Band - MK3406,Watches,Michael Kors Darci Watch for Women - Analog Stainless Steel Band - MK3406,4,1127,4508,Credit Card,2022,4,April,Thursday
ORD-2024-01794,30-May-24,C0194,P0325,"Versace Eros Pour Femme for Women - Eau de Parfum, 100ml",Perfumes & Fragrances,"Versace Eros Pour Femme for Women - Eau de Parfum, 100ml",1,342,342,Credit Card,2024,5,May,Thursday
ORD-2024-01795,14-Dec-24,C0055,P0248,"Salvatore Ferragamo Women's Sunglasses - Sf879S-213 53, 150 mm, Black Lens, Square Frame",Eyewear,"Salvatore Ferragamo Women's Sunglasses - Sf879S-213 53, 150 mm, Black Lens, Square Frame",3,1490,4470,Wallet,2024,12,December,Saturday
ORD-2022-01796,20-Nov-22,C0087,P0316,"Chopard Happy Spirit Forever for Women - Eau de Parfum, 75ml",Perfumes & Fragrances,"Chopard Happy Spirit Forever for Women - Eau de Parfum, 75ml",1,315,315,Credit Card,2022,11,November,Sunday
ORD-2023-01797,7-Jul-23,C0585,P0606,"T5 Watch For Men [Rubber,Chronograph]-H3397G-B",Watches,"T5 Watch For Men [Rubber,Chronograph]-H3397G-B",8,440,3520,COD,2023,7,July,Friday
ORD-2024-01798,29-Dec-24,C0423,P0554,Michael Kors Darci Women's Champagne Dial Leather Band Watch - MK2391,Watches,Michael Kors Darci Women's Champagne Dial Leather Band Watch - MK2391,1,968,968,Credit Card,2024,12,December,Sunday
ORD-2024-01799,31-Dec-24,C0499,P0091,Nike air Max Motion 2 Running Shoes for Men - atmosphere Grey/White (44 EU),Athletic Shoes,Nike air Max Motion 2 Running Shoes for Men - atmosphere Grey/White (44 EU),3,589,1767,Debit Card,2024,12,December,Tuesday
ORD-2023-01800,2-Apr-23,C0268,P0358,"Fatale by Agent Provocateur for Women - Eau de Parfum, 50ml",Perfumes & Fragrances,"Fatale by Agent Provocateur for Women - Eau de Parfum, 50ml",1,3540.68,3540.68,Credit Card,2023,4,April,Sunday
ORD-2025-01801,14-Mar-25,C0104,P0018,Nike air Monarch IV Training Shoes for Men - Black Size - 43 EU,Athletic Shoes,Nike air Monarch IV Training Shoes for Men - Black Size - 43 EU,3,279,837,Debit Card,2025,3,March,Friday
ORD-2024-01802,15-Feb-24,C0296,P0396,guess Men's Wallet 31GUE13142-Black,Wallets,guess Men's Wallet 31GUE13142-Black,1,195,195,Debit Card,2024,2,February,Thursday
ORD-2023-01803,29-Jan-23,C0335,P0540,"Burberry BU9350 For Men (Analog, Casual Watch), Stainless Steel",Watches,"Burberry BU9350 For Men (Analog, Casual Watch), Stainless Steel",1,2865,2865,Credit Card,2023,1,January,Sunday
ORD-2024-01804,14-Jul-24,C0284,P0550,"Swarovski Crystalline Watch for Women Rose Gold Plated Analog, 5269250",Watches,"Swarovski Crystalline Watch for Women Rose Gold Plated Analog, 5269250",4,1997,7988,COD,2024,7,July,Sunday
ORD-2024-01805,3-Mar-24,C0268,P0433,"Burberry BU9509 For Women (Analog, Casual Watch), Leather",Watches,"Burberry BU9509 For Women (Analog, Casual Watch), Leather",1,2040,2040,UPI,2024,3,March,Sunday
ORD-2024-01806,22-Feb-24,C0482,P0139,Lacoste Casual Shoe for Men Size 44 EU - Navy,Casual & Dress Shoes,Lacoste Casual Shoe for Men Size 44 EU - Navy,1,379,379,COD,2024,2,February,Thursday
ORD-2022-01807,30-Jul-22,C0178,P0188,"Carrera Sunglasses for Unisex Aviator- Grey Lens,  132/S 2M2",Eyewear,"Carrera Sunglasses for Unisex Aviator- Grey Lens,  132/S 2M2",1,765,765,UPI,2022,7,July,Saturday
ORD-2024-01808,23-Dec-24,C0257,P0535,Hugo Boss Essential Men's Silver White Dial Stainless Steel Band Watch - 1513650,Watches,Hugo Boss Essential Men's Silver White Dial Stainless Steel Band Watch - 1513650,2,1125,2250,COD,2024,12,December,Monday
ORD-2024-01809,10-Dec-24,C0062,P0200,Polaroid P4139 Sunglasses,Eyewear,Polaroid P4139 Sunglasses,2,350,700,COD,2024,12,December,Tuesday
ORD-2023-01810,18-Nov-23,C0384,P0130,"Puma Fashion Sneakers Casual Shoe  For Men , Navy , 41 EU",Casual & Dress Shoes,"Puma Fashion Sneakers Casual Shoe  For Men , Navy , 41 EU",1,320,320,Credit Card,2023,11,November,Saturday
ORD-2024-01811,9-Feb-24,C0290,P0593,"Esprit Casual Watch for Women , Digital , Stainless Steel Band , ES1L036M0085",Watches,"Esprit Casual Watch for Women , Digital , Stainless Steel Band , ES1L036M0085",1,437,437,UPI,2024,2,February,Friday
ORD-2022-01812,5-Oct-22,C0557,P0413,"Calvin Klein Elevated Slimfold 6cc, Men’s Credit Card Case, Black, 8.6x1.8x10.199999999999999 cm (B x H T)",Wallets,"Calvin Klein Elevated Slimfold 6cc, Men’s Credit Card Case, Black, 8.6x1.8x10.199999999999999 cm (B x H T)",5,250,1250,Wallet,2022,10,October,Wednesday
ORD-2022-01813,23-Aug-22,C0552,P0191,"Ray-Ban Sunglasses For Men - Grey, 3553I, 59, 6, 8G",Eyewear,"Ray-Ban Sunglasses For Men - Grey, 3553I, 59, 6, 8G",4,525,2100,UPI,2022,8,August,Tuesday
ORD-2023-01814,3-Dec-23,C0620,P0149,"Polaroid Sunglasses For Men, Brown- Pld 6033/S, Square Frame",Eyewear,"Polaroid Sunglasses For Men, Brown- Pld 6033/S, Square Frame",1,250,250,Debit Card,2023,12,December,Sunday
ORD-2023-01815,8-Sep-23,C0251,P0510,JBW Women's Mondrian Jewelry Set 0.16 ctw Diamond 18k Gold-plated Stainless Steel Watch - J6303-SetB,Watches,JBW Women's Mondrian Jewelry Set 0.16 ctw Diamond 18k Gold-plated Stainless Steel Watch - J6303-SetB,2,4954.22,9908.44,COD,2023,9,September,Friday
ORD-2022-01816,23-Sep-22,C0194,P0306,"Roberto Cavalli Nero Assoluto for Women - Eau de Parfum, 75ml",Perfumes & Fragrances,"Roberto Cavalli Nero Assoluto for Women - Eau de Parfum, 75ml",3,210,630,Wallet,2022,9,September,Friday
ORD-2025-01817,5-Mar-25,C0043,P0268,"Just Cavalli Cat Eye Women's Sunglasses - JC759S - 52-20-140mm, Grey",Eyewear,"Just Cavalli Cat Eye Women's Sunglasses - JC759S - 52-20-140mm, Grey",2,625,1250,Credit Card,2025,3,March,Wednesday
ORD-2025-01818,2-Mar-25,C0435,P0080,"Asics Gel-Saga SOU Sneakers for Men, White, 42.5 EU",Athletic Shoes,"Asics Gel-Saga SOU Sneakers for Men, White, 42.5 EU",1,339,339,Wallet,2025,3,March,Sunday
ORD-2023-01819,7-Jun-23,C0662,P0462,Michael Kors Lexington Watch for Men - Analog Stainless Steel Band - MK8344,Watches,Michael Kors Lexington Watch for Men - Analog Stainless Steel Band - MK8344,6,2420,14520,Wallet,2023,6,June,Wednesday
ORD-2023-01820,21-Jan-23,C0574,P0200,Polaroid P4139 Sunglasses,Eyewear,Polaroid P4139 Sunglasses,1,350,350,Net Banking,2023,1,January,Saturday
ORD-2022-01821,15-Nov-22,C0649,P0204,"Ray-Ban Square Sunglasses for Men , Green , RB2140F 901 54",Eyewear,"Ray-Ban Square Sunglasses for Men , Green , RB2140F 901 54",1,910,910,Debit Card,2022,11,November,Tuesday
ORD-2024-01822,23-Jul-24,C0280,P0074,"Asics Gel Kayano 25 SP Sneaker for Women, Black/Pink, 37 EU",Athletic Shoes,"Asics Gel Kayano 25 SP Sneaker for Women, Black/Pink, 37 EU",1,749,749,COD,2024,7,July,Tuesday
ORD-2022-01823,9-Feb-22,C0344,P0579,"Akribos XXIV Men's Black Dial Stainless Steel Band Watch - AK901YGB, Analog, Japanese Quartz Movement",Watches,"Akribos XXIV Men's Black Dial Stainless Steel Band Watch - AK901YGB, Analog, Japanese Quartz Movement",5,2240,11200,UPI,2022,2,February,Wednesday
ORD-2022-01824,26-Nov-22,C0291,P0454,"Casio MTP-V004D-1B For Men Analog, Dress Watch , Stainless Steel",Watches,"Casio MTP-V004D-1B For Men Analog, Dress Watch , Stainless Steel",2,114,228,Credit Card,2022,11,November,Saturday
ORD-2024-01825,20-Aug-24,C0654,P0305,"Calvin Klein Beauty for Women - Eau de Parfum, 100ml",Perfumes & Fragrances,"Calvin Klein Beauty for Women - Eau de Parfum, 100ml",1,357,357,Net Banking,2024,8,August,Tuesday
ORD-2024-01826,21-May-24,C0056,P0228,Polaroid Unisex Round Sunglasses - PLD 2053/S 80751M9,Eyewear,Polaroid Unisex Round Sunglasses - PLD 2053/S 80751M9,2,250,500,COD,2024,5,May,Tuesday
ORD-2024-01827,8-Dec-24,C0298,P0325,"Versace Eros Pour Femme for Women - Eau de Parfum, 100ml",Perfumes & Fragrances,"Versace Eros Pour Femme for Women - Eau de Parfum, 100ml",1,342,342,COD,2024,12,December,Sunday
ORD-2023-01828,6-Sep-23,C0298,P0170,"Esprit Women's Sunglasses - Brown Frame,Brown Gradient Lens- ET19461/535, size 56-16-142",Eyewear,"Esprit Women's Sunglasses - Brown Frame,Brown Gradient Lens- ET19461/535, size 56-16-142",1,336,336,UPI,2023,9,September,Wednesday
ORD-2022-01829,18-Mar-22,C0108,P0220,"Polaroid Sunglass for Men , Black Lens , PLD 2069/F/S/X 807 61",Eyewear,"Polaroid Sunglass for Men , Black Lens , PLD 2069/F/S/X 807 61",1,280,280,UPI,2022,3,March,Friday
ORD-2023-01830,4-Jul-23,C0207,P0446,"Casio Men's Ana-Digi Dial Resin Band Watch - AQ-S810W-2AV, Quartz",Watches,"Casio Men's Ana-Digi Dial Resin Band Watch - AQ-S810W-2AV, Quartz",2,208,416,Wallet,2023,7,July,Tuesday
ORD-2024-01831,26-Jan-24,C0486,P0348,"Dare By Guess For Women - Eau De Toilette, 100Ml",Perfumes & Fragrances,"Dare By Guess For Women - Eau De Toilette, 100Ml",3,158,474,Net Banking,2024,1,January,Friday
ORD-2024-01832,17-Feb-24,C0157,P0113,"Lacoste Carnaby Lace Up Shoes For Men Size 42 EU, White",Casual & Dress Shoes,"Lacoste Carnaby Lace Up Shoes For Men Size 42 EU, White",3,519,1557,COD,2024,2,February,Saturday
ORD-2024-01833,17-Apr-24,C0583,P0468,hugo boss Governor Men's Black Dial Stainless Steel Band Watch - 1513488,Watches,hugo boss Governor Men's Black Dial Stainless Steel Band Watch - 1513488,2,915,1830,Wallet,2024,4,April,Wednesday
ORD-2025-01834,28-Jun-25,C0413,P0510,JBW Women's Mondrian Jewelry Set 0.16 ctw Diamond 18k Gold-plated Stainless Steel Watch - J6303-SetB,Watches,JBW Women's Mondrian Jewelry Set 0.16 ctw Diamond 18k Gold-plated Stainless Steel Watch - J6303-SetB,1,3469.89,3469.89,Credit Card,2025,6,June,Saturday
ORD-2023-01835,10-Nov-23,C0452,P0019,"Nike Explore Strada Sneaker for Women , Size 39 EU , White",Athletic Shoes,"Nike Explore Strada Sneaker for Women , Size 39 EU , White",3,339,1017,Debit Card,2023,11,November,Friday
ORD-2024-01836,2-Sep-24,C0417,P0521,"Casio Watch For Men Stainless Steel Mtp 1374D 2Avdf, Analog",Watches,"Casio Watch For Men Stainless Steel Mtp 1374D 2Avdf, Analog",7,374,2618,UPI,2024,9,September,Monday
ORD-2024-01837,9-Sep-24,C0416,P0447,Tissot Everytime Women's Silver Dial Stainless Steel Band Watch - T057.910.22.037.00,Watches,Tissot Everytime Women's Silver Dial Stainless Steel Band Watch - T057.910.22.037.00,4,1680,6720,UPI,2024,9,September,Monday
ORD-2025-01838,26-Mar-25,C0175,P0380,adidas   Colorblock 3/4 Sport Leggings for Women - Black,Sportswear,adidas   Colorblock 3/4 Sport Leggings for Women - Black,4,169,676,Debit Card,2025,3,March,Wednesday
ORD-2024-01839,22-Jun-24,C0001,P0492,Ferrari Casual Watch For Men Analog Leather - 830388,Watches,Ferrari Casual Watch For Men Analog Leather - 830388,1,1045,1045,Wallet,2024,6,June,Saturday
ORD-2025-01840,6-Apr-25,C0626,P0066,"Nike SB Charge Canvas Sneaker for Men , Size 40 EU , Black",Athletic Shoes,"Nike SB Charge Canvas Sneaker for Men , Size 40 EU , Black",1,259,259,Debit Card,2025,4,April,Sunday
ORD-2022-01841,10-Aug-22,C0430,P0582,"Burberry Women's Silver Dial Stainless Steel Band Watch - BU9144, Analog, Quartz",Watches,"Burberry Women's Silver Dial Stainless Steel Band Watch - BU9144, Analog, Quartz",1,2455,2455,Wallet,2022,8,August,Wednesday
ORD-2022-01842,13-Mar-22,C0026,P0593,"Esprit Casual Watch for Women , Digital , Stainless Steel Band , ES1L036M0085",Watches,"Esprit Casual Watch for Women , Digital , Stainless Steel Band , ES1L036M0085",3,437,1311,UPI,2022,3,March,Sunday
ORD-2022-01843,28-Mar-22,C0547,P0063,"Skechers GO WALK 5 Sneaker for Men , Size 43.5 EU , Grey",Athletic Shoes,"Skechers GO WALK 5 Sneaker for Men , Size 43.5 EU , Grey",1,289,289,UPI,2022,3,March,Monday
ORD-2022-01844,18-May-22,C0130,P0542,"JBW The G4 Calfskin Leather Band Men's Watch, 16 Diamonds, Swiss Multi-Function Movement (J6248LM)",Watches,"JBW The G4 Calfskin Leather Band Men's Watch, 16 Diamonds, Swiss Multi-Function Movement (J6248LM)",1,4481,4481,Debit Card,2022,5,May,Wednesday
ORD-2024-01845,2-Apr-24,C0112,P0254,"Ray-Ban Round Unisex Sunglasses - 4257 6092/55 53, Blue Lens",Eyewear,"Ray-Ban Round Unisex Sunglasses - 4257 6092/55 53, Blue Lens",1,890,890,Wallet,2024,4,April,Tuesday
ORD-2024-01846,15-Mar-24,C0271,P0607,Tissot Dress Watch For Women Analog Stainless Steel - T072.210.11.038.00,Watches,Tissot Dress Watch For Women Analog Stainless Steel - T072.210.11.038.00,2,1740,3480,Credit Card,2024,3,March,Friday
ORD-2025-01847,15-May-25,C0340,P0423,"Calvin Klein Omega Billfold Wallet, Black, 12 cm K50K504998",Wallets,"Calvin Klein Omega Billfold Wallet, Black, 12 cm K50K504998",1,229,229,Wallet,2025,5,May,Thursday
ORD-2024-01848,12-May-24,C0073,P0490,"JBW Watch For Men 16 Pieces Diamonds , Leather,Chronograph- J6325C",Watches,"JBW Watch For Men 16 Pieces Diamonds , Leather,Chronograph- J6325C",1,3731,3731,Credit Card,2024,5,May,Sunday
ORD-2024-01849,4-Aug-24,C0099,P0584,Burberry Women's Gold Dial Stainless Steel Band Watch - BU9235,Watches,Burberry Women's Gold Dial Stainless Steel Band Watch - BU9235,1,2960,2960,Wallet,2024,8,August,Sunday
ORD-2022-01850,1-Nov-22,C0376,P0257,Guess GU 7563,Eyewear,Guess GU 7563,1,669,669,UPI,2022,11,November,Tuesday
ORD-2023-01851,1-Apr-23,C0588,P0091,Nike air Max Motion 2 Running Shoes for Men - atmosphere Grey/White (44 EU),Athletic Shoes,Nike air Max Motion 2 Running Shoes for Men - atmosphere Grey/White (44 EU),2,589,1178,Debit Card,2023,4,April,Saturday
ORD-2024-01852,7-Aug-24,C0532,P0336,"Calvin Klein Euphoria Intense for Men - Eau de Toilette, 100ml",Perfumes & Fragrances,"Calvin Klein Euphoria Intense for Men - Eau de Toilette, 100ml",1,282,282,Debit Card,2024,8,August,Wednesday
ORD-2022-01853,21-Dec-22,C0666,P0570,"JBW Watch For men With 16 Diamonds, JB-8102-B",Watches,"JBW Watch For men With 16 Diamonds, JB-8102-B",3,5061,15183,COD,2022,12,December,Wednesday
ORD-2024-01854,28-Nov-24,C0310,P0485,Scuderia Ferrari Aspire Men's Black Dial Stainless Steel Band Watch - 830535,Watches,Scuderia Ferrari Aspire Men's Black Dial Stainless Steel Band Watch - 830535,5,1115,5575,Wallet,2024,11,November,Thursday
ORD-2022-01855,19-Dec-22,C0323,P0543,"JBW Wrist Watch for Women Diamond Inlay 16 Piece , Leather ,J6345B",Watches,"JBW Wrist Watch for Women Diamond Inlay 16 Piece , Leather ,J6345B",4,1800,7200,Debit Card,2022,12,December,Monday
ORD-2024-01856,16-Aug-24,C0023,P0350,"United Colors Of Benetton Hot Gold for Women - Eau de Toilette , 100ml",Perfumes & Fragrances,"United Colors Of Benetton Hot Gold for Women - Eau de Toilette , 100ml",2,77,154,Debit Card,2024,8,August,Friday
ORD-2024-01857,3-Jan-24,C0098,P0213,"Ray-Ban Sunglasses Unisex , Lense Size 54 mm , Brown",Eyewear,"Ray-Ban Sunglasses Unisex , Lense Size 54 mm , Brown",1,997,997,Debit Card,2024,1,January,Wednesday
ORD-2023-01858,26-Jun-23,C0346,P0417,guess Men's Wallet 31GUE11028-Black,Wallets,guess Men's Wallet 31GUE11028-Black,2,140,280,Debit Card,2023,6,June,Monday
ORD-2024-01859,28-Jan-24,C0426,P0477,August Steiner Women's Silver Dial Stainless Steel Band Watch - AS8228SS,Watches,August Steiner Women's Silver Dial Stainless Steel Band Watch - AS8228SS,1,703,703,UPI,2024,1,January,Sunday
ORD-2025-01860,13-Jan-25,C0107,P0100,Lacoste Casual Shoe for Men Size 42 EU - Black,Casual & Dress Shoes,Lacoste Casual Shoe for Men Size 42 EU - Black,2,539,1078,Wallet,2025,1,January,Monday
ORD-2024-01861,1-Sep-24,C0067,P0221,Ray-Ban Aviator Unisex Sunglasses - RB3025 001/33 58,Eyewear,Ray-Ban Aviator Unisex Sunglasses - RB3025 001/33 58,2,977,1954,Wallet,2024,9,September,Sunday
ORD-2023-01862,23-Dec-23,C0444,P0358,"Fatale by Agent Provocateur for Women - Eau de Parfum, 50ml",Perfumes & Fragrances,"Fatale by Agent Provocateur for Women - Eau de Parfum, 50ml",3,3933.04,11799.12,Debit Card,2023,12,December,Saturday
ORD-2024-01863,2-Nov-24,C0235,P0240,"Vogue Sunglasses for Women - Size 54, Blue Frame, 0VO2990S 23254854",Eyewear,"Vogue Sunglasses for Women - Size 54, Blue Frame, 0VO2990S 23254854",3,714,2142,Wallet,2024,11,November,Saturday
ORD-2022-01864,11-Dec-22,C0610,P0296,"Calvin Klein Euphoria for Women - Eau de Parfum, 100ml",Perfumes & Fragrances,"Calvin Klein Euphoria for Women - Eau de Parfum, 100ml",1,357,357,Credit Card,2022,12,December,Sunday
ORD-2024-01865,16-Mar-24,C0547,P0303,"United Colors Of Benetton Hot for Women - Eau de Toilette, 100ml",Perfumes & Fragrances,"United Colors Of Benetton Hot for Women - Eau de Toilette, 100ml",1,79,79,COD,2024,3,March,Saturday
ORD-2023-01866,14-Apr-23,C0635,P0314,Crystal Noir by Versace  for Women - Eau de Parfum- 90 ml,Perfumes & Fragrances,Crystal Noir by Versace  for Women - Eau de Parfum- 90 ml,1,315,315,Credit Card,2023,4,April,Friday
ORD-2023-01867,28-Jun-23,C0390,P0508,"Akribos XXIV Women's Gold Dial Mixed Material Band Watch Set - AK738YG, Analog, Swiss Quartz and Japanese Quartz",Watches,"Akribos XXIV Women's Gold Dial Mixed Material Band Watch Set - AK738YG, Analog, Swiss Quartz and Japanese Quartz",7,2990,20930,Net Banking,2023,6,June,Wednesday
ORD-2023-01868,4-Nov-23,C0084,P0479,"Diesel Mini Daddy For Men Black Dial Leather Band Watch Dz7307, Japanese Quartz, Analog",Watches,"Diesel Mini Daddy For Men Black Dial Leather Band Watch Dz7307, Japanese Quartz, Analog",1,1100,1100,Wallet,2023,11,November,Saturday
ORD-2024-01869,13-Dec-24,C0595,P0070,Ellesse Pamplona Shoe For Women (Black - 38 EU),Athletic Shoes,Ellesse Pamplona Shoe For Women (Black - 38 EU),2,289,578,COD,2024,12,December,Friday
ORD-2022-01870,5-Mar-22,C0602,P0114,Lacoste Casual Shoe For Men Size 43 EU - White,Casual & Dress Shoes,Lacoste Casual Shoe For Men Size 43 EU - White,1,539,539,Credit Card,2022,3,March,Saturday
ORD-2023-01871,6-Feb-23,C0545,P0386,Under Armour Mid Crossback Training Sports Bra for Women,Sportswear,Under Armour Mid Crossback Training Sports Bra for Women,7,139,973,Credit Card,2023,2,February,Monday
ORD-2024-01872,28-Jul-24,C0343,P0146,"Ray-Ban Aviator Classic Sunglasses for Men , RB3025 L0205 58-14",Eyewear,"Ray-Ban Aviator Classic Sunglasses for Men , RB3025 L0205 58-14",1,1050,1050,UPI,2024,7,July,Sunday
ORD-2023-01873,14-Oct-23,C0191,P0086,"Asics Gel-Lyte Runner Sneakers for Men, Multicolour, 42 EU",Athletic Shoes,"Asics Gel-Lyte Runner Sneakers for Men, Multicolour, 42 EU",3,309,927,COD,2023,10,October,Saturday
ORD-2022-01874,7-Aug-22,C0278,P0253,"Ray Ban Unisex Sunglasses - 3025, 58, 004/78, Grey Lens, Aviator Frame",Eyewear,"Ray Ban Unisex Sunglasses - 3025, 58, 004/78, Grey Lens, Aviator Frame",1,1065,1065,Net Banking,2022,8,August,Sunday
ORD-2025-01875,25-Jan-25,C0266,P0471,"Emporio Armani Men Ar1808 Classic Silver Tone Stainless Steel Watch, Analog",Watches,"Emporio Armani Men Ar1808 Classic Silver Tone Stainless Steel Watch, Analog",3,1095,3285,UPI,2025,1,January,Saturday
ORD-2022-01876,1-Jul-22,C0006,P0247,Ray-Ban Aviator Unisex Sunglasses - Rb3025-019/Z258,Eyewear,Ray-Ban Aviator Unisex Sunglasses - Rb3025-019/Z258,3,855,2565,Credit Card,2022,7,July,Friday
ORD-2022-01877,22-Sep-22,C0503,P0067,"Adidas Lite Racer RBN Nylon Mesh Side Stripe Running Shoes with Pull Tab for Men - Core Black, 43 1/3",Athletic Shoes,"Adidas Lite Racer RBN Nylon Mesh Side Stripe Running Shoes with Pull Tab for Men - Core Black, 43 1/3",4,512.5,2050,Debit Card,2022,9,September,Thursday
ORD-2022-01878,17-Jan-22,C0336,P0294,"Ray-Ban Clubmaster Women's Sunglasses - Rb2183-1127B9-53 - 53 -21 -145 mm, Pink Lens",Eyewear,"Ray-Ban Clubmaster Women's Sunglasses - Rb2183-1127B9-53 - 53 -21 -145 mm, Pink Lens",1,970,970,Debit Card,2022,1,January,Monday
ORD-2023-01879,6-Nov-23,C0648,P0356,"Jovan Musk for Women - Eau de Cologne, 59ml",Perfumes & Fragrances,"Jovan Musk for Women - Eau de Cologne, 59ml",2,42,84,COD,2023,11,November,Monday
ORD-2023-01880,2-Jul-23,C0401,P0283,"Ray-Ban Aviator Men's Sunglasses - Rb 3560-004/51 - 61-17-145 mm, Brown Lens",Eyewear,"Ray-Ban Aviator Men's Sunglasses - Rb 3560-004/51 - 61-17-145 mm, Brown Lens",1,840,840,Wallet,2023,7,July,Sunday
ORD-2022-01881,11-Jan-22,C0561,P0099,"Lacoste Jouer Fashion Sneakers Shoes for Men, Size 42 EU, Navy and White",Casual & Dress Shoes,"Lacoste Jouer Fashion Sneakers Shoes for Men, Size 42 EU, Navy and White",2,459,918,Net Banking,2022,1,January,Tuesday
ORD-2024-01882,22-Dec-24,C0339,P0230,"Carrera Sunglasses for Unisex - Black Lens,  1005/S TI7",Eyewear,"Carrera Sunglasses for Unisex - Black Lens,  1005/S TI7",1,750,750,Credit Card,2024,12,December,Sunday
ORD-2022-01883,6-Aug-22,C0599,P0428,"Nautica 31NU22X026-200 Bowline Passcase Wallet for Men - Leather, Brown",Wallets,"Nautica 31NU22X026-200 Bowline Passcase Wallet for Men - Leather, Brown",2,100,200,COD,2022,8,August,Saturday
ORD-2025-01884,29-Apr-25,C0346,P0108,Lacoste Casual Shoe For Women Size 39 EU - White,Casual & Dress Shoes,Lacoste Casual Shoe For Women Size 39 EU - White,1,399,399,COD,2025,4,April,Tuesday
ORD-2025-01885,5-Feb-25,C0382,P0397,guess Men's Wallet 31GUE13150-Black,Wallets,guess Men's Wallet 31GUE13150-Black,2,160,320,COD,2025,2,February,Wednesday
ORD-2024-01886,30-Jan-24,C0557,P0091,Nike air Max Motion 2 Running Shoes for Men - atmosphere Grey/White (44 EU),Athletic Shoes,Nike air Max Motion 2 Running Shoes for Men - atmosphere Grey/White (44 EU),1,589,589,Net Banking,2024,1,January,Tuesday
ORD-2022-01887,28-Nov-22,C0014,P0036,Nike Tanjun Running Shoe For Men (Black - 42 EU),Athletic Shoes,Nike Tanjun Running Shoe For Men (Black - 42 EU),1,349,349,Net Banking,2022,11,November,Monday
ORD-2022-01888,12-May-22,C0170,P0565,August Steiner Men's Black Dial Metal Band Watch - AS8097SSB,Watches,August Steiner Men's Black Dial Metal Band Watch - AS8097SSB,1,693,693,COD,2022,5,May,Thursday
ORD-2022-01889,6-Mar-22,C0169,P0215,"Ray-Ban Classic Aviator Unisex Sunglasses - Rb3025-112-58-19-135, Green Lens",Eyewear,"Ray-Ban Classic Aviator Unisex Sunglasses - Rb3025-112-58-19-135, Green Lens",6,1134,6804,Wallet,2022,3,March,Sunday
ORD-2024-01890,11-Mar-24,C0451,P0365,adidas Logo Sport Tank Top for Women - Black,Sportswear,adidas Logo Sport Tank Top for Women - Black,2,155,310,Debit Card,2024,3,March,Monday
ORD-2022-01891,13-Jul-22,C0448,P0483,JBW Alessandra for Women - Analog Stainless Steel Band Watch - JB-6217-C,Watches,JBW Alessandra for Women - Analog Stainless Steel Band Watch - JB-6217-C,1,5481,5481,UPI,2022,7,July,Wednesday
ORD-2023-01892,11-Sep-23,C0520,P0402,"Tommy Hilfiger Bifold WAllet For Men,LeAther,BlAck",Wallets,"Tommy Hilfiger Bifold WAllet For Men,LeAther,BlAck",2,430,860,COD,2023,9,September,Monday
ORD-2025-01893,24-Feb-25,C0154,P0285,"Guess Cat Eye Women's Sunglasses - Gu7485-56F-51 - 51-25- 135 mm, Brown Lens",Eyewear,"Guess Cat Eye Women's Sunglasses - Gu7485-56F-51 - 51-25- 135 mm, Brown Lens",1,600,600,Debit Card,2025,2,February,Monday
ORD-2022-01894,2-Aug-22,C0512,P0007,Adidas Duramo 9 Running Shoes For Men - Core Black,Athletic Shoes,Adidas Duramo 9 Running Shoes For Men - Core Black,1,319,319,UPI,2022,8,August,Tuesday
ORD-2023-01895,27-Aug-23,C0048,P0225,"Ray Ban Sunglasses For Unisex, Brown, 0Rb4340 710/5150, Square Frame",Eyewear,"Ray Ban Sunglasses For Unisex, Brown, 0Rb4340 710/5150, Square Frame",4,1130,4520,UPI,2023,8,August,Sunday
ORD-2024-01896,14-Nov-24,C0670,P0461,Tissot Casual Watch For Women Analog Stainless Steel - T023.309.11.031.00,Watches,Tissot Casual Watch For Women Analog Stainless Steel - T023.309.11.031.00,3,1580,4740,Wallet,2024,11,November,Thursday
ORD-2022-01897,7-Nov-22,C0002,P0360,Under Armour Training T-Shirt for Men,Sportswear,Under Armour Training T-Shirt for Men,2,139,278,Wallet,2022,11,November,Monday
ORD-2023-01898,3-Dec-23,C0370,P0565,August Steiner Men's Black Dial Metal Band Watch - AS8097SSB,Watches,August Steiner Men's Black Dial Metal Band Watch - AS8097SSB,1,693,693,Debit Card,2023,12,December,Sunday
ORD-2024-01899,8-Jun-24,C0557,P0440,"Emporio Armani Men'S White Dial Stainless Steel Band Watch Ar1839, Quartz, Analog",Watches,"Emporio Armani Men'S White Dial Stainless Steel Band Watch Ar1839, Quartz, Analog",2,1145,2290,Net Banking,2024,6,June,Saturday
ORD-2025-01900,9-Apr-25,C0111,P0385,"Puma Lifestyle Sport Tights For Women , Black , L",Sportswear,"Puma Lifestyle Sport Tights For Women , Black , L",2,269,538,COD,2025,4,April,Wednesday
ORD-2024-01901,26-May-24,C0556,P0569,Casio Men Black Dial Resin Band Watch aeq-110bw-9a,Watches,Casio Men Black Dial Resin Band Watch aeq-110bw-9a,3,313.95,941.85,COD,2024,5,May,Sunday
ORD-2023-01902,20-Jun-23,C0190,P0030,Nike Tanjun Sneaker For Women (White & Black - 38 EU),Athletic Shoes,Nike Tanjun Sneaker For Women (White & Black - 38 EU),3,352,1056,Credit Card,2023,6,June,Tuesday
ORD-2023-01903,15-Aug-23,C0564,P0490,"JBW Watch For Men 16 Pieces Diamonds , Leather,Chronograph- J6325C",Watches,"JBW Watch For Men 16 Pieces Diamonds , Leather,Chronograph- J6325C",3,3731,11193,Credit Card,2023,8,August,Tuesday
ORD-2023-01904,19-May-23,C0085,P0232,"Polaroid Sunglasses For Unisex, Black- Pld 2054/S-003 M9, Square Frame",Eyewear,"Polaroid Sunglasses For Unisex, Black- Pld 2054/S-003 M9, Square Frame",1,250,250,COD,2023,5,May,Friday
ORD-2025-01905,2-Mar-25,C0555,P0275,"Arnette Sunglasses, Square, For Women, Grey, 0An4243 252181 60",Eyewear,"Arnette Sunglasses, Square, For Women, Grey, 0An4243 252181 60",1,500,500,COD,2025,3,March,Sunday
ORD-2022-01906,1-Oct-22,C0543,P0315,"Calvin Klein Eternity Moment for Women - Eau de Parfum, 100ml",Perfumes & Fragrances,"Calvin Klein Eternity Moment for Women - Eau de Parfum, 100ml",2,273,546,UPI,2022,10,October,Saturday
ORD-2022-01907,1-Mar-22,C0592,P0036,Nike Tanjun Running Shoe For Men (Black - 42 EU),Athletic Shoes,Nike Tanjun Running Shoe For Men (Black - 42 EU),4,349,1396,Net Banking,2022,3,March,Tuesday
ORD-2023-01908,24-May-23,C0190,P0351,"Joop! Homme for Men - Eau de Toilette, 125ml",Perfumes & Fragrances,"Joop! Homme for Men - Eau de Toilette, 125ml",3,126,378,UPI,2023,5,May,Wednesday
ORD-2023-01909,25-Oct-23,C0139,P0076,"Asics GEL-Nimbus 20 Sneaker for Women, Multi Color, 37 EU",Athletic Shoes,"Asics GEL-Nimbus 20 Sneaker for Women, Multi Color, 37 EU",3,749,2247,Net Banking,2023,10,October,Wednesday
ORD-2023-01910,10-Dec-23,C0605,P0076,"Asics GEL-Nimbus 20 Sneaker for Women, Multi Color, 37 EU",Athletic Shoes,"Asics GEL-Nimbus 20 Sneaker for Women, Multi Color, 37 EU",2,749,1498,Wallet,2023,12,December,Sunday
ORD-2023-01911,5-Nov-23,C0285,P0092,"Nike Court Vision Low Faux Leather Contrast Side Logo Perforated Upper Training Shoes for Men - Gym Red, 44.5",Athletic Shoes,"Nike Court Vision Low Faux Leather Contrast Side Logo Perforated Upper Training Shoes for Men - Gym Red, 44.5",1,1454.69,1454.69,UPI,2023,11,November,Sunday
ORD-2023-01912,17-Feb-23,C0035,P0539,"Casio Men's Ana-Digi Dial Stainless Steel Band Watch - AW-82D-1AVDF, Quartz",Watches,"Casio Men's Ana-Digi Dial Stainless Steel Band Watch - AW-82D-1AVDF, Quartz",2,336,672,Wallet,2023,2,February,Friday
ORD-2023-01913,10-Sep-23,C0131,P0080,"Asics Gel-Saga SOU Sneakers for Men, White, 42.5 EU",Athletic Shoes,"Asics Gel-Saga SOU Sneakers for Men, White, 42.5 EU",1,339,339,UPI,2023,9,September,Sunday
ORD-2023-01914,15-Dec-23,C0031,P0122,Lacoste Casual Shoe For Men Size 45 EU - White,Casual & Dress Shoes,Lacoste Casual Shoe For Men Size 45 EU - White,1,449,449,Net Banking,2023,12,December,Friday
ORD-2024-01915,17-Nov-24,C0261,P0289,"Ray-Ban Sunglasses For Unisex, Gold, 3538, Square Frame",Eyewear,"Ray-Ban Sunglasses For Unisex, Gold, 3538, Square Frame",3,880,2640,Wallet,2024,11,November,Sunday
ORD-2023-01916,7-Aug-23,C0304,P0345,"MONTALE Roses Musk for Women - Eau de Parfum, 100ml",Perfumes & Fragrances,"MONTALE Roses Musk for Women - Eau de Parfum, 100ml",3,439,1317,Credit Card,2023,8,August,Monday
ORD-2024-01917,19-Nov-24,C0364,P0541,"Fossil Pilot 54 Men'S Black Dial Leather Band Chronograph Watch Fs5157, Quartz, Analog",Watches,"Fossil Pilot 54 Men'S Black Dial Leather Band Chronograph Watch Fs5157, Quartz, Analog",5,670,3350,Debit Card,2024,11,November,Tuesday
ORD-2023-01918,30-Mar-23,C0243,P0547,"Diesel Mr. Daddy Men'S Black Dial Leather Band Watch Dz7313, Japanese Quartz, Analog",Watches,"Diesel Mr. Daddy Men'S Black Dial Leather Band Watch Dz7313, Japanese Quartz, Analog",1,1345,1345,Credit Card,2023,3,March,Thursday
ORD-2023-01919,29-Apr-23,C0234,P0101,"Jack & Jones Lace Up Shoes for Men, Size 44 EU, Black",Casual & Dress Shoes,"Jack & Jones Lace Up Shoes for Men, Size 44 EU, Black",4,139,556,Wallet,2023,4,April,Saturday
ORD-2022-01920,3-Dec-22,C0620,P0209,"Emporio Armani Sunglasses For Men - Multi Color, 4115-56691W-54, Square Frame",Eyewear,"Emporio Armani Sunglasses For Men - Multi Color, 4115-56691W-54, Square Frame",1,730,730,COD,2022,12,December,Saturday
ORD-2023-01921,14-Apr-23,C0029,P0515,Michael Kors Parker Women's Pink Dial Stainless Steel Band Chronograph Watch - MK6140,Watches,Michael Kors Parker Women's Pink Dial Stainless Steel Band Chronograph Watch - MK6140,3,909,2727,COD,2023,4,April,Friday
ORD-2022-01922,30-Nov-22,C0363,P0084,"Asics Gel-Saga Sneakers for Women, White, 38 EU",Athletic Shoes,"Asics Gel-Saga Sneakers for Women, White, 38 EU",5,379,1895,UPI,2022,11,November,Wednesday
ORD-2022-01923,7-Dec-22,C0384,P0477,August Steiner Women's Silver Dial Stainless Steel Band Watch - AS8228SS,Watches,August Steiner Women's Silver Dial Stainless Steel Band Watch - AS8228SS,3,703,2109,Wallet,2022,12,December,Wednesday
ORD-2023-01924,7-Mar-23,C0106,P0047,"asics GEL-NIMBUS 22 Running Shoes for Women, Pink, 38 EU",Athletic Shoes,"asics GEL-NIMBUS 22 Running Shoes for Women, Pink, 38 EU",3,839,2517,Credit Card,2023,3,March,Tuesday
ORD-2022-01925,19-Feb-22,C0104,P0245,"Miu Miu Rimless Women's Sunglasses - 56Ts-Xej1A1 - 63 mm, Black Lens",Eyewear,"Miu Miu Rimless Women's Sunglasses - 56Ts-Xej1A1 - 63 mm, Black Lens",2,2000,4000,COD,2022,2,February,Saturday
ORD-2024-01926,30-Mar-24,C0163,P0188,"Carrera Sunglasses for Unisex Aviator- Grey Lens,  132/S 2M2",Eyewear,"Carrera Sunglasses for Unisex Aviator- Grey Lens,  132/S 2M2",3,765,2295,Net Banking,2024,3,March,Saturday
ORD-2023-01927,11-Oct-23,C0656,P0225,"Ray Ban Sunglasses For Unisex, Brown, 0Rb4340 710/5150, Square Frame",Eyewear,"Ray Ban Sunglasses For Unisex, Brown, 0Rb4340 710/5150, Square Frame",3,1130,3390,Credit Card,2023,10,October,Wednesday
ORD-2023-01928,2-Mar-23,C0122,P0366,"Adidas Must Haves Badge of Sport Tank Top for Men - Black & Grey, XL, DT9935",Sportswear,"Adidas Must Haves Badge of Sport Tank Top for Men - Black & Grey, XL, DT9935",1,115,115,Wallet,2023,3,March,Thursday
ORD-2023-01929,19-Jan-23,C0649,P0488,JBW Jet Setter Men's 234 Diamonds Gold Dial Stainless Steel Band Watch - JB-6213-E,Watches,JBW Jet Setter Men's 234 Diamonds Gold Dial Stainless Steel Band Watch - JB-6213-E,1,26220,26220,Credit Card,2023,1,January,Thursday
ORD-2024-01930,22-Nov-24,C0581,P0318,"Elizabeth Arden 5th Avenue for Women - Eau de Parfum, 125ml",Perfumes & Fragrances,"Elizabeth Arden 5th Avenue for Women - Eau de Parfum, 125ml",4,385,1540,Credit Card,2024,11,November,Friday
ORD-2024-01931,22-Jan-24,C0327,P0253,"Ray Ban Unisex Sunglasses - 3025, 58, 004/78, Grey Lens, Aviator Frame",Eyewear,"Ray Ban Unisex Sunglasses - 3025, 58, 004/78, Grey Lens, Aviator Frame",2,1065,2130,COD,2024,1,January,Monday
ORD-2023-01932,29-Jul-23,C0437,P0519,"Fossil Jacqueline Women'S Rose Gold Dial Stainless Steel Band Watch Es3546, Quartz, Analog",Watches,"Fossil Jacqueline Women'S Rose Gold Dial Stainless Steel Band Watch Es3546, Quartz, Analog",2,1452,2904,Credit Card,2023,7,July,Saturday
ORD-2022-01933,4-Feb-22,C0397,P0592,"Emporio Armani Watch For Men Leather Quartz Ar1945, Analog",Watches,"Emporio Armani Watch For Men Leather Quartz Ar1945, Analog",1,980,980,Wallet,2022,2,February,Friday
ORD-2022-01934,15-Oct-22,C0259,P0350,"United Colors Of Benetton Hot Gold for Women - Eau de Toilette , 100ml",Perfumes & Fragrances,"United Colors Of Benetton Hot Gold for Women - Eau de Toilette , 100ml",1,77,77,Net Banking,2022,10,October,Saturday
ORD-2022-01935,19-Jan-22,C0005,P0153,"Bvlgari Sunglasses for Men , Lens Color Grey , 8053672139723",Eyewear,"Bvlgari Sunglasses for Men , Lens Color Grey , 8053672139723",3,1329,3987,COD,2022,1,January,Wednesday
ORD-2023-01936,9-Dec-23,C0402,P0334,"Burberry London for Women - Eau de Parfum, 100ml",Perfumes & Fragrances,"Burberry London for Women - Eau de Parfum, 100ml",2,252,504,COD,2023,12,December,Saturday
ORD-2025-01937,8-Apr-25,C0544,P0036,Nike Tanjun Running Shoe For Men (Black - 42 EU),Athletic Shoes,Nike Tanjun Running Shoe For Men (Black - 42 EU),1,349,349,Debit Card,2025,4,April,Tuesday
ORD-2024-01938,7-May-24,C0437,P0431,JBW Mondrian Women's 16 Diamonds Rose Gold Dial Stainless Steel Band Watch - J6303C,Watches,JBW Mondrian Women's 16 Diamonds Rose Gold Dial Stainless Steel Band Watch - J6303C,4,2990,11960,UPI,2024,5,May,Tuesday
ORD-2023-01939,22-Jan-23,C0525,P0032,"Nike Fitness Shoes For Men , 42.5 EU , Gray",Athletic Shoes,"Nike Fitness Shoes For Men , 42.5 EU , Gray",5,579,2895,Net Banking,2023,1,January,Sunday
ORD-2023-01940,4-Dec-23,C0468,P0525,"Diesel Mr. Daddy 2.0 Men'S Black Dial Stainless Steel Band Watch Dz7312, Japanese Quartz, Analog",Watches,"Diesel Mr. Daddy 2.0 Men'S Black Dial Stainless Steel Band Watch Dz7312, Japanese Quartz, Analog",1,1502,1502,UPI,2023,12,December,Monday
ORD-2023-01941,19-Oct-23,C0647,P0483,JBW Alessandra for Women - Analog Stainless Steel Band Watch - JB-6217-C,Watches,JBW Alessandra for Women - Analog Stainless Steel Band Watch - JB-6217-C,2,5481,10962,Debit Card,2023,10,October,Thursday
ORD-2024-01942,31-Jan-24,C0305,P0313,"Calvin Klein Euphoria for Men - Eau de Toilette, 100ml",Perfumes & Fragrances,"Calvin Klein Euphoria for Men - Eau de Toilette, 100ml",1,249,249,Debit Card,2024,1,January,Wednesday
ORD-2023-01943,19-Nov-23,C0431,P0348,"Dare By Guess For Women - Eau De Toilette, 100Ml",Perfumes & Fragrances,"Dare By Guess For Women - Eau De Toilette, 100Ml",1,158,158,COD,2023,11,November,Sunday
ORD-2023-01944,4-Dec-23,C0417,P0380,adidas   Colorblock 3/4 Sport Leggings for Women - Black,Sportswear,adidas   Colorblock 3/4 Sport Leggings for Women - Black,1,169,169,COD,2023,12,December,Monday
ORD-2024-01945,23-Apr-24,C0406,P0383,"Bodytalk Training T-shirt for Men, Size M, Cotton - White",Sportswear,"Bodytalk Training T-shirt for Men, Size M, Cotton - White",1,69,69,Debit Card,2024,4,April,Tuesday
ORD-2022-01946,5-Feb-22,C0127,P0547,"Diesel Mr. Daddy Men'S Black Dial Leather Band Watch Dz7313, Japanese Quartz, Analog",Watches,"Diesel Mr. Daddy Men'S Black Dial Leather Band Watch Dz7313, Japanese Quartz, Analog",2,1345,2690,COD,2022,2,February,Saturday
ORD-2024-01947,5-Mar-24,C0581,P0131,Lacoste Casual Shoe for Men Size 45 EU - Navy,Casual & Dress Shoes,Lacoste Casual Shoe for Men Size 45 EU - Navy,10,449,4490,COD,2024,3,March,Tuesday
ORD-2023-01948,21-Apr-23,C0643,P0110,Lacoste Casual Shoe for Women Size 39 EU - Black,Casual & Dress Shoes,Lacoste Casual Shoe for Women Size 39 EU - Black,1,499,499,COD,2023,4,April,Friday
ORD-2024-01949,10-Dec-24,C0138,P0314,Crystal Noir by Versace  for Women - Eau de Parfum- 90 ml,Perfumes & Fragrances,Crystal Noir by Versace  for Women - Eau de Parfum- 90 ml,3,315,945,UPI,2024,12,December,Tuesday
ORD-2024-01950,6-Feb-24,C0073,P0521,"Casio Watch For Men Stainless Steel Mtp 1374D 2Avdf, Analog",Watches,"Casio Watch For Men Stainless Steel Mtp 1374D 2Avdf, Analog",2,374,748,Debit Card,2024,2,February,Tuesday
ORD-2023-01951,24-Nov-23,C0538,P0304,"Guess Girl for Women - Eau de Toilette, 100ml",Perfumes & Fragrances,"Guess Girl for Women - Eau de Toilette, 100ml",1,263,263,Debit Card,2023,11,November,Friday
ORD-2023-01952,17-Nov-23,C0611,P0245,"Miu Miu Rimless Women's Sunglasses - 56Ts-Xej1A1 - 63 mm, Black Lens",Eyewear,"Miu Miu Rimless Women's Sunglasses - 56Ts-Xej1A1 - 63 mm, Black Lens",3,2000,6000,Credit Card,2023,11,November,Friday
ORD-2023-01953,2-Dec-23,C0643,P0324,"Jaguar Classic Gold for Men - Eau de Toilette, 100ml",Perfumes & Fragrances,"Jaguar Classic Gold for Men - Eau de Toilette, 100ml",1,231,231,COD,2023,12,December,Saturday
ORD-2024-01954,18-Nov-24,C0232,P0420,"Levi's Men Slimfold Wallet, Brown 31LV220010",Wallets,"Levi's Men Slimfold Wallet, Brown 31LV220010",7,110,770,Credit Card,2024,11,November,Monday
ORD-2024-01955,12-Oct-24,C0433,P0089,"Asics New York Sneakers for Women, Grey, 39 EU",Athletic Shoes,"Asics New York Sneakers for Women, Grey, 39 EU",3,299,897,Wallet,2024,10,October,Saturday
ORD-2023-01956,10-Dec-23,C0467,P0156,Ray Ban Classic Aviator Gold Unisex Sunglasses - Rb3025 -58-14-135,Eyewear,Ray Ban Classic Aviator Gold Unisex Sunglasses - Rb3025 -58-14-135,1,850,850,Credit Card,2023,12,December,Sunday
ORD-2022-01957,16-Feb-22,C0298,P0230,"Carrera Sunglasses for Unisex - Black Lens,  1005/S TI7",Eyewear,"Carrera Sunglasses for Unisex - Black Lens,  1005/S TI7",1,750,750,COD,2022,2,February,Wednesday
ORD-2023-01958,16-Dec-23,C0646,P0004,"Nike Fitness Shoes For Men , 43 EU , Black",Athletic Shoes,"Nike Fitness Shoes For Men , 43 EU , Black",3,319,957,COD,2023,12,December,Saturday
ORD-2023-01959,15-Jul-23,C0201,P0194,"Emporio Armani Rectangle Sunglasses for Men , Grey Lenses , 8053672481389",Eyewear,"Emporio Armani Rectangle Sunglasses for Men , Grey Lenses , 8053672481389",1,890,890,COD,2023,7,July,Saturday
ORD-2022-01960,1-Feb-22,C0164,P0384,"Puma Lifestyle Sport Pant For Men , Black , L",Sportswear,"Puma Lifestyle Sport Pant For Men , Black , L",2,279,558,Debit Card,2022,2,February,Tuesday
ORD-2022-01961,22-Sep-22,C0469,P0352,"Brit Rhythm by Burberry for Men - Eau de Toilette, 50ml",Perfumes & Fragrances,"Brit Rhythm by Burberry for Men - Eau de Toilette, 50ml",1,399,399,Debit Card,2022,9,September,Thursday
ORD-2025-01962,24-May-25,C0643,P0302,"Roberto Cavalli For Women - Eau de Parfum, 75ml",Perfumes & Fragrances,"Roberto Cavalli For Women - Eau de Parfum, 75ml",1,525,525,Net Banking,2025,5,May,Saturday
ORD-2023-01963,5-Mar-23,C0530,P0006,"Nike Sport Sneaker Shoes for Men , 44 EU , White",Athletic Shoes,"Nike Sport Sneaker Shoes for Men , 44 EU , White",1,319,319,COD,2023,3,March,Sunday
ORD-2022-01964,5-Dec-22,C0066,P0440,"Emporio Armani Men'S White Dial Stainless Steel Band Watch Ar1839, Quartz, Analog",Watches,"Emporio Armani Men'S White Dial Stainless Steel Band Watch Ar1839, Quartz, Analog",1,1145,1145,Net Banking,2022,12,December,Monday
ORD-2024-01965,14-Feb-24,C0384,P0491,"Emporio Armani Watch for Men , Analog , AR11053",Watches,"Emporio Armani Watch for Men , Analog , AR11053",2,1118,2236,COD,2024,2,February,Wednesday
ORD-2022-01966,28-Apr-22,C0514,P0160,"Polaroid Sunglasses , for Women , Mixed , Aviator Lens Shape - Pld 2043/S-80761M9",Eyewear,"Polaroid Sunglasses , for Women , Mixed , Aviator Lens Shape - Pld 2043/S-80761M9",2,201,402,COD,2022,4,April,Thursday
ORD-2023-01967,5-Jul-23,C0287,P0440,"Emporio Armani Men'S White Dial Stainless Steel Band Watch Ar1839, Quartz, Analog",Watches,"Emporio Armani Men'S White Dial Stainless Steel Band Watch Ar1839, Quartz, Analog",3,1145,3435,Net Banking,2023,7,July,Wednesday
ORD-2024-01968,22-Nov-24,C0274,P0030,Nike Tanjun Sneaker For Women (White & Black - 38 EU),Athletic Shoes,Nike Tanjun Sneaker For Women (White & Black - 38 EU),1,352,352,UPI,2024,11,November,Friday
ORD-2022-01969,25-Oct-22,C0395,P0566,Seiko Men's Black Dial Stainless Steel Band Watch - SNK375J1,Watches,Seiko Men's Black Dial Stainless Steel Band Watch - SNK375J1,4,691,2764,Credit Card,2022,10,October,Tuesday
ORD-2023-01970,27-Jul-23,C0358,P0553,Casio Standard Analog Watch MTP-1374D-2AV,Watches,Casio Standard Analog Watch MTP-1374D-2AV,5,288.75,1443.75,UPI,2023,7,July,Thursday
ORD-2025-01971,24-Jun-25,C0054,P0073,Ellesse Classic Shoe For Women (Black - 39 EU),Athletic Shoes,Ellesse Classic Shoe For Women (Black - 39 EU),1,279,279,Net Banking,2025,6,June,Tuesday
ORD-2024-01972,8-Nov-24,C0238,P0061,"adidas VS PACE Sneaker for Mens, WHITE - Size 41.3 EU",Athletic Shoes,"adidas VS PACE Sneaker for Mens, WHITE - Size 41.3 EU",5,249,1245,UPI,2024,11,November,Friday
ORD-2022-01973,5-Jul-22,C0019,P0284,"Ray Ban Sunglasses For Unisex, Rb3025 001/51 58-14, Brown Lens, Aviator Frame",Eyewear,"Ray Ban Sunglasses For Unisex, Rb3025 001/51 58-14, Brown Lens, Aviator Frame",1,770,770,Credit Card,2022,7,July,Tuesday
ORD-2022-01974,29-Nov-22,C0503,P0459,"Emporio Armani Men'S Black Dial Stainless Steel Band Watch Ar1977, Quartz, Analog",Watches,"Emporio Armani Men'S Black Dial Stainless Steel Band Watch Ar1977, Quartz, Analog",1,1148,1148,Debit Card,2022,11,November,Tuesday
ORD-2025-01975,3-Mar-25,C0566,P0554,Michael Kors Darci Women's Champagne Dial Leather Band Watch - MK2391,Watches,Michael Kors Darci Women's Champagne Dial Leather Band Watch - MK2391,1,968,968,UPI,2025,3,March,Monday
ORD-2022-01976,11-Dec-22,C0039,P0424,Dickies Trifold Wallet for Men - 31DI210004-Red,Wallets,Dickies Trifold Wallet for Men - 31DI210004-Red,1,60,60,Debit Card,2022,12,December,Sunday
ORD-2022-01977,6-Dec-22,C0060,P0289,"Ray-Ban Sunglasses For Unisex, Gold, 3538, Square Frame",Eyewear,"Ray-Ban Sunglasses For Unisex, Gold, 3538, Square Frame",2,880,1760,COD,2022,12,December,Tuesday
ORD-2024-01978,28-Nov-24,C0604,P0057,Nike Sb Check Solar Cnvs Sneaker For Men (Black - 43 EU),Athletic Shoes,Nike Sb Check Solar Cnvs Sneaker For Men (Black - 43 EU),1,299,299,Wallet,2024,11,November,Thursday
ORD-2022-01979,4-Sep-22,C0032,P0107,"Polo Ralph Lauren Hanford Sneakers for Men, Black - 43 EU",Casual & Dress Shoes,"Polo Ralph Lauren Hanford Sneakers for Men, Black - 43 EU",2,269,538,COD,2022,9,September,Sunday
ORD-2022-01980,6-Dec-22,C0318,P0141,Lacoste Casual Shoe for Men Size 42 EU - Black,Casual & Dress Shoes,Lacoste Casual Shoe for Men Size 42 EU - Black,5,379,1895,UPI,2022,12,December,Tuesday
ORD-2023-01981,25-Feb-23,C0058,P0107,"Polo Ralph Lauren Hanford Sneakers for Men, Black - 43 EU",Casual & Dress Shoes,"Polo Ralph Lauren Hanford Sneakers for Men, Black - 43 EU",1,269,269,Credit Card,2023,2,February,Saturday
ORD-2025-01982,12-Apr-25,C0164,P0603,JBW Delmare Men's 4 Genuine Diamonds Silicone Watch - J6359D,Watches,JBW Delmare Men's 4 Genuine Diamonds Silicone Watch - J6359D,1,2624,2624,Wallet,2025,4,April,Saturday
ORD-2024-01983,2-Jun-24,C0512,P0118,"Puma Fashion Sneakers Casual Shoe  For Women , White & Black , 41 EU",Casual & Dress Shoes,"Puma Fashion Sneakers Casual Shoe  For Women , White & Black , 41 EU",1,389,389,Net Banking,2024,6,June,Sunday
ORD-2024-01984,13-Apr-24,C0473,P0393,"Tommy Hilfiger Bifold Wallet For Women,Leather,Multi Color",Wallets,"Tommy Hilfiger Bifold Wallet For Women,Leather,Multi Color",2,469,938,Debit Card,2024,4,April,Saturday
ORD-2022-01985,21-Dec-22,C0370,P0110,Lacoste Casual Shoe for Women Size 39 EU - Black,Casual & Dress Shoes,Lacoste Casual Shoe for Women Size 39 EU - Black,4,499,1996,Net Banking,2022,12,December,Wednesday
ORD-2024-01986,17-Oct-24,C0451,P0264,"Ray-Ban Men's Injected Man Sunglass Polarized Iridium Rectangular, BLACK 64 mm",Eyewear,"Ray-Ban Men's Injected Man Sunglass Polarized Iridium Rectangular, BLACK 64 mm",2,1115,2230,UPI,2024,10,October,Thursday
ORD-2024-01987,10-Jun-24,C0340,P0507,Casio AE-1000W-1A Digital Quartz Resin Sport Watch for Men - Black,Watches,Casio AE-1000W-1A Digital Quartz Resin Sport Watch for Men - Black,3,2169.23,6507.69,Net Banking,2024,6,June,Monday
ORD-2025-01988,16-Feb-25,C0273,P0119,"Lacoste Graduate Lace Up Shoes For Men Size 46 EU, White",Casual & Dress Shoes,"Lacoste Graduate Lace Up Shoes For Men Size 46 EU, White",4,449,1796,Net Banking,2025,2,February,Sunday
ORD-2023-01989,21-Dec-23,C0004,P0468,hugo boss Governor Men's Black Dial Stainless Steel Band Watch - 1513488,Watches,hugo boss Governor Men's Black Dial Stainless Steel Band Watch - 1513488,1,915,915,COD,2023,12,December,Thursday
ORD-2024-01990,6-Jul-24,C0101,P0350,"United Colors Of Benetton Hot Gold for Women - Eau de Toilette , 100ml",Perfumes & Fragrances,"United Colors Of Benetton Hot Gold for Women - Eau de Toilette , 100ml",1,77,77,Wallet,2024,7,July,Saturday
ORD-2022-01991,16-Dec-22,C0174,P0116,Lacoste Casual Shoe for Men Size 43 EU - Navy,Casual & Dress Shoes,Lacoste Casual Shoe for Men Size 43 EU - Navy,3,539,1617,Wallet,2022,12,December,Friday
ORD-2024-01992,2-Apr-24,C0207,P0143,"Carrera Sunglasses for Unisex , Black Aviator",Eyewear,"Carrera Sunglasses for Unisex , Black Aviator",1,650,650,Credit Card,2024,4,April,Tuesday
ORD-2024-01993,3-Aug-24,C0415,P0158,Ray-Ban Aviator Unisex Sunglasses - RB3025-004-58-58,Eyewear,Ray-Ban Aviator Unisex Sunglasses - RB3025-004-58-58,1,900,900,Credit Card,2024,8,August,Saturday
ORD-2025-01994,9-Mar-25,C0201,P0237,"Polaroid Aviator Sunglasses for Unisex, Silver",Eyewear,"Polaroid Aviator Sunglasses for Unisex, Silver",10,750,7500,UPI,2025,3,March,Sunday
ORD-2024-01995,9-Jun-24,C0085,P0429,Michael Kors Lexington Women's Silver Dial Stainless Steel Band Watch - MK5735,Watches,Michael Kors Lexington Women's Silver Dial Stainless Steel Band Watch - MK5735,2,1698,3396,Debit Card,2024,6,June,Sunday
ORD-2023-01996,30-Nov-23,C0579,P0086,"Asics Gel-Lyte Runner Sneakers for Men, Multicolour, 42 EU",Athletic Shoes,"Asics Gel-Lyte Runner Sneakers for Men, Multicolour, 42 EU",1,309,309,Wallet,2023,11,November,Thursday
ORD-2024-01997,16-Sep-24,C0073,P0570,"JBW Watch For men With 16 Diamonds, JB-8102-B",Watches,"JBW Watch For men With 16 Diamonds, JB-8102-B",1,5061,5061,Debit Card,2024,9,September,Monday
ORD-2024-01998,8-Jul-24,C0565,P0059,"adidas Pro Next 2019 GCA Sneaker for Men , Size 42.7 EU , Black",Athletic Shoes,"adidas Pro Next 2019 GCA Sneaker for Men , Size 42.7 EU , Black",1,389,389,Debit Card,2024,7,July,Monday
ORD-2022-01999,24-Dec-22,C0201,P0383,"Bodytalk Training T-shirt for Men, Size M, Cotton - White",Sportswear,"Bodytalk Training T-shirt for Men, Size M, Cotton - White",1,69,69,Debit Card,2022,12,December,Saturday
ORD-2024-02000,17-Nov-24,C0112,P0369,adidas Essentials Plain Sport T-shirt for Men - White,Sportswear,adidas Essentials Plain Sport T-shirt for Men - White,1,100,100,Credit Card,2024,11,November,Sunday
ORD-2022-02001,30-Jun-22,C0645,P0409,"Michael Kors Chain Wallet for Women , Multicolour",Wallets,"Michael Kors Chain Wallet for Women , Multicolour",2,360,720,COD,2022,6,June,Thursday
ORD-2024-02002,6-Jan-24,C0342,P0207,"Emporio armani Wayfarer Sunglassese for Women , Grey Lens , B00G8VTQ64",Eyewear,"Emporio armani Wayfarer Sunglassese for Women , Grey Lens , B00G8VTQ64",3,1119,3357,UPI,2024,1,January,Saturday
ORD-2023-02003,23-Jul-23,C0555,P0216,"Polaroid Sunglasses for Men , Grey Lenses",Eyewear,"Polaroid Sunglasses for Men , Grey Lenses",1,450,450,Wallet,2023,7,July,Sunday
ORD-2022-02004,9-Aug-22,C0275,P0435,JBW 562 Men's 12 Diamonds Gold Dial Gold-Plated Stainless Steel Band Watch - JB-6225-M,Watches,JBW 562 Men's 12 Diamonds Gold Dial Gold-Plated Stainless Steel Band Watch - JB-6225-M,2,2749,5498,Credit Card,2022,8,August,Tuesday
ORD-2023-02005,1-Jun-23,C0082,P0245,"Miu Miu Rimless Women's Sunglasses - 56Ts-Xej1A1 - 63 mm, Black Lens",Eyewear,"Miu Miu Rimless Women's Sunglasses - 56Ts-Xej1A1 - 63 mm, Black Lens",1,2000,2000,Debit Card,2023,6,June,Thursday
ORD-2024-02006,14-Nov-24,C0309,P0478,Casio Unisex Illuminated Digital Dial Gold Tone Stainless Steel Band Watch [A168WG-9WDF],Watches,Casio Unisex Illuminated Digital Dial Gold Tone Stainless Steel Band Watch [A168WG-9WDF],3,168,504,COD,2024,11,November,Thursday
ORD-2024-02007,2-Feb-24,C0355,P0558,JBW Men's G3 World Traveler Set 0.16 ctw Diamond Mesh Bracelet Watch - J6355-SetA,Watches,JBW Men's G3 World Traveler Set 0.16 ctw Diamond Mesh Bracelet Watch - J6355-SetA,2,4623,9246,Credit Card,2024,2,February,Friday
ORD-2023-02008,13-Nov-23,C0583,P0001,Nike SB Check Solar Cnvs Skateboarding Shoes for Men,Athletic Shoes,Nike SB Check Solar Cnvs Skateboarding Shoes for Men,1,299,299,UPI,2023,11,November,Monday
ORD-2022-02009,20-Dec-22,C0545,P0261,"Polaroid Kids' PLD 8016/N K7 SED Sunglasses, Havana Green Grey Speckled Pz, 48",Eyewear,"Polaroid Kids' PLD 8016/N K7 SED Sunglasses, Havana Green Grey Speckled Pz, 48",1,250,250,Wallet,2022,12,December,Tuesday
ORD-2023-02010,9-Dec-23,C0213,P0588,Casio Women's Analog Dial Stainless Steel  Band Watch - LTP-1308SG-7AVDF,Watches,Casio Women's Analog Dial Stainless Steel  Band Watch - LTP-1308SG-7AVDF,1,263,263,COD,2023,12,December,Saturday
ORD-2022-02011,7-Aug-22,C0558,P0205,Polaroid Wayfarer Men's Sunglasses - PLD 2056/S 00358M9,Eyewear,Polaroid Wayfarer Men's Sunglasses - PLD 2056/S 00358M9,4,250,1000,Net Banking,2022,8,August,Sunday
ORD-2022-02012,21-Apr-22,C0034,P0404,Montblanc bifold Wallet For Men Sartorial 118391-Black,Wallets,Montblanc bifold Wallet For Men Sartorial 118391-Black,2,850,1700,Wallet,2022,4,April,Thursday
ORD-2023-02013,13-Feb-23,C0471,P0301,"Guess Seductive Homme for Men - Eau de Toilette, 100ml",Perfumes & Fragrances,"Guess Seductive Homme for Men - Eau de Toilette, 100ml",2,289,578,Credit Card,2023,2,February,Monday
ORD-2022-02014,9-Jun-22,C0017,P0413,"Calvin Klein Elevated Slimfold 6cc, Men’s Credit Card Case, Black, 8.6x1.8x10.199999999999999 cm (B x H T)",Wallets,"Calvin Klein Elevated Slimfold 6cc, Men’s Credit Card Case, Black, 8.6x1.8x10.199999999999999 cm (B x H T)",2,250,500,Wallet,2022,6,June,Thursday
ORD-2024-02015,28-Sep-24,C0564,P0503,"Diesel Mega Chief Dz4329, Analog",Watches,"Diesel Mega Chief Dz4329, Analog",2,990,1980,Credit Card,2024,9,September,Saturday
ORD-2023-02016,5-Jan-23,C0485,P0322,"Dunhill Fresh by Dunhill for Men - Eau de Toilette, 100ml",Perfumes & Fragrances,"Dunhill Fresh by Dunhill for Men - Eau de Toilette, 100ml",3,263,789,UPI,2023,1,January,Thursday
ORD-2025-02017,8-Mar-25,C0496,P0373,"Adidas W E Lin Slim Tk Tank For Women - Black (Dp2359), S",Sportswear,"Adidas W E Lin Slim Tk Tank For Women - Black (Dp2359), S",3,100,300,Wallet,2025,3,March,Saturday
ORD-2024-02018,28-Dec-24,C0522,P0061,"adidas VS PACE Sneaker for Mens, WHITE - Size 41.3 EU",Athletic Shoes,"adidas VS PACE Sneaker for Mens, WHITE - Size 41.3 EU",5,249,1245,COD,2024,12,December,Saturday
ORD-2022-02019,26-Jul-22,C0531,P0079,"Asics Gel-Pulse 10 Sneakers for Men, Silver, 42.5 EU",Athletic Shoes,"Asics Gel-Pulse 10 Sneakers for Men, Silver, 42.5 EU",5,389,1945,UPI,2022,7,July,Tuesday
ORD-2022-02020,19-Jan-22,C0334,P0040,"adidas STRUTTER Sneaker for Men , Size 42.7 EU , White",Athletic Shoes,"adidas STRUTTER Sneaker for Men , Size 42.7 EU , White",1,289,289,Net Banking,2022,1,January,Wednesday
ORD-2024-02021,25-Jun-24,C0229,P0210,Ray-Ban Pilot Sunglasses for Men - 3386-63-004-13,Eyewear,Ray-Ban Pilot Sunglasses for Men - 3386-63-004-13,1,1129.8,1129.8,UPI,2024,6,June,Tuesday
ORD-2022-02022,26-Sep-22,C0453,P0584,Burberry Women's Gold Dial Stainless Steel Band Watch - BU9235,Watches,Burberry Women's Gold Dial Stainless Steel Band Watch - BU9235,3,2960,8880,Credit Card,2022,9,September,Monday
ORD-2025-02023,8-Feb-25,C0668,P0391,"Under Armour Baseline Fleece Jogger7 Pant For Men , Size M , Brown",Sportswear,"Under Armour Baseline Fleece Jogger7 Pant For Men , Size M , Brown",9,239,2151,Debit Card,2025,2,February,Saturday
ORD-2024-02024,1-Dec-24,C0452,P0422,"The North Face Flap WALLET For UNISEX, Multi Color - NOT0CE69-JK3",Wallets,"The North Face Flap WALLET For UNISEX, Multi Color - NOT0CE69-JK3",4,123,492,Net Banking,2024,12,December,Sunday
ORD-2022-02025,8-Mar-22,C0339,P0174,"Carrera Aviator Sunglasses for Unisex , 8010/S-R80-59-12-140-WJ",Eyewear,"Carrera Aviator Sunglasses for Unisex , 8010/S-R80-59-12-140-WJ",1,525,525,Wallet,2022,3,March,Tuesday
ORD-2023-02026,16-Dec-23,C0373,P0072,Ellesse Pamplona Shoe For Women (Black - 39 EU),Athletic Shoes,Ellesse Pamplona Shoe For Women (Black - 39 EU),3,289,867,Debit Card,2023,12,December,Saturday
ORD-2023-02027,9-May-23,C0034,P0038,"Adidas Duramo 9 Nylon Mesh Rubber-Accent Side-Stripe Lace-Up Running Athletic Shoes for Men - Core Black, 42 2/3",Athletic Shoes,"Adidas Duramo 9 Nylon Mesh Rubber-Accent Side-Stripe Lace-Up Running Athletic Shoes for Men - Core Black, 42 2/3",3,289,867,Net Banking,2023,5,May,Tuesday
ORD-2022-02028,8-Dec-22,C0347,P0470,Fossil Coachman Men's Silver Dial Leather Band Chronograph Watch - CH2565,Watches,Fossil Coachman Men's Silver Dial Leather Band Chronograph Watch - CH2565,2,839,1678,Wallet,2022,12,December,Thursday
ORD-2024-02029,21-Dec-24,C0608,P0499,Casio Casual Watch For Men Analog-Digital Resin - AEQ-110W-1BV,Watches,Casio Casual Watch For Men Analog-Digital Resin - AEQ-110W-1BV,2,1855.74,3711.48,UPI,2024,12,December,Saturday
ORD-2025-02030,15-Mar-25,C0311,P0586,"Watch for Men by Casio , Analog , Chronograph , Stainless Steel , Silver , MTP-1374D-2AV",Watches,"Watch for Men by Casio , Analog , Chronograph , Stainless Steel , Silver , MTP-1374D-2AV",1,269,269,Debit Card,2025,3,March,Saturday
ORD-2024-02031,9-Apr-24,C0102,P0032,"Nike Fitness Shoes For Men , 42.5 EU , Gray",Athletic Shoes,"Nike Fitness Shoes For Men , 42.5 EU , Gray",2,579,1158,COD,2024,4,April,Tuesday
ORD-2022-02032,20-Mar-22,C0159,P0575,"Burberry Men's Gold Dial Leather Band Watch - BU9011, Analog, Swiss Quartz",Watches,"Burberry Men's Gold Dial Leather Band Watch - BU9011, Analog, Swiss Quartz",1,1625,1625,Net Banking,2022,3,March,Sunday
ORD-2024-02033,20-Oct-24,C0180,P0490,"JBW Watch For Men 16 Pieces Diamonds , Leather,Chronograph- J6325C",Watches,"JBW Watch For Men 16 Pieces Diamonds , Leather,Chronograph- J6325C",1,3731,3731,Wallet,2024,10,October,Sunday
ORD-2024-02034,29-Apr-24,C0435,P0171,CARRERA Men's Sunglasses Rectangular 130/S - Gold,Eyewear,CARRERA Men's Sunglasses Rectangular 130/S - Gold,3,750,2250,COD,2024,4,April,Monday
ORD-2022-02035,20-Aug-22,C0646,P0075,"Asics GEL-Nimbus 20 Sneaker for Men, Grey, 36 EU",Athletic Shoes,"Asics GEL-Nimbus 20 Sneaker for Men, Grey, 36 EU",2,749,1498,Debit Card,2022,8,August,Saturday
ORD-2023-02036,29-Dec-23,C0377,P0182,"Ray Ban Aviator Sunglasses for Unisex - Green Lens, RB3025 55 W3234",Eyewear,"Ray Ban Aviator Sunglasses for Unisex - Green Lens, RB3025 55 W3234",4,1039.5,4158,Debit Card,2023,12,December,Friday
ORD-2024-02037,9-Aug-24,C0089,P0306,"Roberto Cavalli Nero Assoluto for Women - Eau de Parfum, 75ml",Perfumes & Fragrances,"Roberto Cavalli Nero Assoluto for Women - Eau de Parfum, 75ml",1,210,210,Debit Card,2024,8,August,Friday
ORD-2024-02038,21-Feb-24,C0166,P0276,"Calvin Klein Square Sunglasseses for Unisex , Grey ,  CKJ818S",Eyewear,"Calvin Klein Square Sunglasseses for Unisex , Grey ,  CKJ818S",2,950,1900,UPI,2024,2,February,Wednesday
ORD-2024-02039,13-Dec-24,C0050,P0030,Nike Tanjun Sneaker For Women (White & Black - 38 EU),Athletic Shoes,Nike Tanjun Sneaker For Women (White & Black - 38 EU),1,352,352,Credit Card,2024,12,December,Friday
ORD-2022-02040,20-Jan-22,C0439,P0280,"Ray-Ban Half Frame Unisex Sunglasses - 4280 6289/B7 55, Blue Lens",Eyewear,"Ray-Ban Half Frame Unisex Sunglasses - 4280 6289/B7 55, Blue Lens",3,994,2982,Debit Card,2022,1,January,Thursday
ORD-2023-02041,25-Jul-23,C0086,P0186,"Ray-Ban RB1971 91493F Square Sunglasses for Unisex , Lens 54 mm",Eyewear,"Ray-Ban RB1971 91493F Square Sunglasses for Unisex , Lens 54 mm",4,997,3988,UPI,2023,7,July,Tuesday
ORD-2022-02042,27-Aug-22,C0043,P0607,Tissot Dress Watch For Women Analog Stainless Steel - T072.210.11.038.00,Watches,Tissot Dress Watch For Women Analog Stainless Steel - T072.210.11.038.00,4,1740,6960,COD,2022,8,August,Saturday
ORD-2023-02043,28-Dec-23,C0057,P0212,"Emporio Armani Square Sunglasses For Men - Blue, EA4117 570380 57",Eyewear,"Emporio Armani Square Sunglasses For Men - Blue, EA4117 570380 57",1,780,780,Debit Card,2023,12,December,Thursday
ORD-2023-02044,20-Dec-23,C0514,P0520,"Emporio Armani Classic Men'S Blue Dial Stainless Steel Band Watch Ar2477, Japanese Quartz, Analog",Watches,"Emporio Armani Classic Men'S Blue Dial Stainless Steel Band Watch Ar2477, Japanese Quartz, Analog",1,1149,1149,Net Banking,2023,12,December,Wednesday
ORD-2024-02045,5-Aug-24,C0196,P0391,"Under Armour Baseline Fleece Jogger7 Pant For Men , Size M , Brown",Sportswear,"Under Armour Baseline Fleece Jogger7 Pant For Men , Size M , Brown",1,239,239,UPI,2024,8,August,Monday
ORD-2024-02046,7-Mar-24,C0299,P0244,Arnette AN 4185 2361/6Q Slickster - Matte Stone Washed Copper/Red by Arnette for Men - 58-16-145 mm,Eyewear,Arnette AN 4185 2361/6Q Slickster - Matte Stone Washed Copper/Red by Arnette for Men - 58-16-145 mm,1,390,390,Credit Card,2024,3,March,Thursday
ORD-2025-02047,8-Jan-25,C0524,P0112,Lacoste Casual Shoe for Men Size 43 EU - Black,Casual & Dress Shoes,Lacoste Casual Shoe for Men Size 43 EU - Black,1,519,519,COD,2025,1,January,Wednesday
ORD-2023-02048,8-Jun-23,C0089,P0144,"Carrera Sunglasses For Unisex - Green Lens, 149/S-6Lb, Aviator Frame",Eyewear,"Carrera Sunglasses For Unisex - Green Lens, 149/S-6Lb, Aviator Frame",8,750,6000,Net Banking,2023,6,June,Thursday
ORD-2022-02049,9-Apr-22,C0088,P0423,"Calvin Klein Omega Billfold Wallet, Black, 12 cm K50K504998",Wallets,"Calvin Klein Omega Billfold Wallet, Black, 12 cm K50K504998",2,229,458,Net Banking,2022,4,April,Saturday
ORD-2023-02050,25-Dec-23,C0601,P0073,Ellesse Classic Shoe For Women (Black - 39 EU),Athletic Shoes,Ellesse Classic Shoe For Women (Black - 39 EU),1,279,279,Credit Card,2023,12,December,Monday
ORD-2025-02051,6-May-25,C0455,P0080,"Asics Gel-Saga SOU Sneakers for Men, White, 42.5 EU",Athletic Shoes,"Asics Gel-Saga SOU Sneakers for Men, White, 42.5 EU",1,339,339,UPI,2025,5,May,Tuesday
ORD-2022-02052,20-Dec-22,C0279,P0188,"Carrera Sunglasses for Unisex Aviator- Grey Lens,  132/S 2M2",Eyewear,"Carrera Sunglasses for Unisex Aviator- Grey Lens,  132/S 2M2",2,765,1530,UPI,2022,12,December,Tuesday
ORD-2024-02053,5-Apr-24,C0478,P0228,Polaroid Unisex Round Sunglasses - PLD 2053/S 80751M9,Eyewear,Polaroid Unisex Round Sunglasses - PLD 2053/S 80751M9,5,250,1250,Debit Card,2024,4,April,Friday
ORD-2024-02054,11-Jun-24,C0370,P0500,"Diesel Mr. Daddy For Men Analog Gunmetal Ion Plated Stainless Steel Band Watch Dz7315, Quartz",Watches,"Diesel Mr. Daddy For Men Analog Gunmetal Ion Plated Stainless Steel Band Watch Dz7315, Quartz",1,1545,1545,Debit Card,2024,6,June,Tuesday
ORD-2024-02055,18-Aug-24,C0450,P0011,"NiKE Tanjun Sneaker for Women, Grey - 38 EU",Athletic Shoes,"NiKE Tanjun Sneaker for Women, Grey - 38 EU",9,359,3231,UPI,2024,8,August,Sunday
ORD-2022-02056,10-Nov-22,C0250,P0285,"Guess Cat Eye Women's Sunglasses - Gu7485-56F-51 - 51-25- 135 mm, Brown Lens",Eyewear,"Guess Cat Eye Women's Sunglasses - Gu7485-56F-51 - 51-25- 135 mm, Brown Lens",1,600,600,Credit Card,2022,11,November,Thursday
ORD-2022-02057,21-Aug-22,C0227,P0228,Polaroid Unisex Round Sunglasses - PLD 2053/S 80751M9,Eyewear,Polaroid Unisex Round Sunglasses - PLD 2053/S 80751M9,3,250,750,Credit Card,2022,8,August,Sunday
ORD-2023-02058,15-Aug-23,C0180,P0544,Michael Kors Darci Watch for Women - Analog Stainless Steel Band - MK3406,Watches,Michael Kors Darci Watch for Women - Analog Stainless Steel Band - MK3406,1,1127,1127,COD,2023,8,August,Tuesday
ORD-2023-02059,30-Nov-23,C0043,P0488,JBW Jet Setter Men's 234 Diamonds Gold Dial Stainless Steel Band Watch - JB-6213-E,Watches,JBW Jet Setter Men's 234 Diamonds Gold Dial Stainless Steel Band Watch - JB-6213-E,1,26220,26220,UPI,2023,11,November,Thursday
ORD-2025-02060,8-Jun-25,C0240,P0515,Michael Kors Parker Women's Pink Dial Stainless Steel Band Chronograph Watch - MK6140,Watches,Michael Kors Parker Women's Pink Dial Stainless Steel Band Chronograph Watch - MK6140,1,909,909,COD,2025,6,June,Sunday
ORD-2025-02061,27-Apr-25,C0536,P0558,JBW Men's G3 World Traveler Set 0.16 ctw Diamond Mesh Bracelet Watch - J6355-SetA,Watches,JBW Men's G3 World Traveler Set 0.16 ctw Diamond Mesh Bracelet Watch - J6355-SetA,4,4623,18492,UPI,2025,4,April,Sunday
ORD-2024-02062,15-Dec-24,C0433,P0390,"Under Armour Armour Sport Ss7 T-Shirt For Women Medium, Blue",Sportswear,"Under Armour Armour Sport Ss7 T-Shirt For Women Medium, Blue",2,139,278,Credit Card,2024,12,December,Sunday
ORD-2024-02063,18-Sep-24,C0344,P0193,Ray-Ban Aviator Unisex's Sunglasses - RB3647N-001/9U-51 - 51-22-145 mm,Eyewear,Ray-Ban Aviator Unisex's Sunglasses - RB3647N-001/9U-51 - 51-22-145 mm,3,900,2700,Credit Card,2024,9,September,Wednesday
ORD-2024-02064,17-May-24,C0608,P0474,"August Steiner Men's Gold-Tone And Blue Dial Leather Band Watch - AS8183SSB, Analog, Japanese Quartz Movement",Watches,"August Steiner Men's Gold-Tone And Blue Dial Leather Band Watch - AS8183SSB, Analog, Japanese Quartz Movement",3,1600,4800,Credit Card,2024,5,May,Friday
ORD-2024-02065,16-Jun-24,C0453,P0103,Jack and Jones Shoes for Men  - Navy - 44 EU,Casual & Dress Shoes,Jack and Jones Shoes for Men  - Navy - 44 EU,2,189,378,Net Banking,2024,6,June,Sunday
ORD-2023-02066,2-Jan-23,C0357,P0314,Crystal Noir by Versace  for Women - Eau de Parfum- 90 ml,Perfumes & Fragrances,Crystal Noir by Versace  for Women - Eau de Parfum- 90 ml,6,315,1890,COD,2023,1,January,Monday
ORD-2024-02067,19-Oct-24,C0599,P0513,Lacoste Casual Watch For Men Analog Leather - 2010910,Watches,Lacoste Casual Watch For Men Analog Leather - 2010910,3,575,1725,Wallet,2024,10,October,Saturday
ORD-2022-02068,26-Feb-22,C0178,P0130,"Puma Fashion Sneakers Casual Shoe  For Men , Navy , 41 EU",Casual & Dress Shoes,"Puma Fashion Sneakers Casual Shoe  For Men , Navy , 41 EU",1,320,320,Debit Card,2022,2,February,Saturday
ORD-2023-02069,25-Nov-23,C0641,P0155,"Ray-Ban Sunglasses for Unisex , 0RB4246 1197Z251",Eyewear,"Ray-Ban Sunglasses for Unisex , 0RB4246 1197Z251",3,1110,3330,UPI,2023,11,November,Saturday
ORD-2022-02070,12-Jul-22,C0477,P0296,"Calvin Klein Euphoria for Women - Eau de Parfum, 100ml",Perfumes & Fragrances,"Calvin Klein Euphoria for Women - Eau de Parfum, 100ml",2,357,714,Net Banking,2022,7,July,Tuesday
ORD-2024-02071,10-Jun-24,C0351,P0164,Polaroid P4139 Aviator Sunglasses,Eyewear,Polaroid P4139 Aviator Sunglasses,1,350,350,Wallet,2024,6,June,Monday
ORD-2023-02072,12-Nov-23,C0452,P0143,"Carrera Sunglasses for Unisex , Black Aviator",Eyewear,"Carrera Sunglasses for Unisex , Black Aviator",1,650,650,Debit Card,2023,11,November,Sunday
ORD-2022-02073,3-May-22,C0192,P0411,"DOWNTOWN MINI CC WALLET Men’s Purse, Multicolour (Testa Di Moro), 0.1x0.1x0.1 centimeters (B x H x T)",Wallets,"DOWNTOWN MINI CC WALLET Men’s Purse, Multicolour (Testa Di Moro), 0.1x0.1x0.1 centimeters (B x H x T)",3,399,1197,UPI,2022,5,May,Tuesday
ORD-2022-02074,1-Aug-22,C0147,P0440,"Emporio Armani Men'S White Dial Stainless Steel Band Watch Ar1839, Quartz, Analog",Watches,"Emporio Armani Men'S White Dial Stainless Steel Band Watch Ar1839, Quartz, Analog",4,1145,4580,Wallet,2022,8,August,Monday
ORD-2025-02075,29-Mar-25,C0470,P0304,"Guess Girl for Women - Eau de Toilette, 100ml",Perfumes & Fragrances,"Guess Girl for Women - Eau de Toilette, 100ml",1,263,263,Wallet,2025,3,March,Saturday
ORD-2023-02076,24-Jul-23,C0367,P0077,"Asics GEL-Lyte V Sanze Sneakers for Unisex, Sand, 44 EU",Athletic Shoes,"Asics GEL-Lyte V Sanze Sneakers for Unisex, Sand, 44 EU",2,449,898,Wallet,2023,7,July,Monday
ORD-2025-02077,18-May-25,C0120,P0034,"Nike Downshifter 9 Sneaker for Men , Size 41 EU , Red",Athletic Shoes,"Nike Downshifter 9 Sneaker for Men , Size 41 EU , Red",2,319,638,UPI,2025,5,May,Sunday
ORD-2023-02078,12-Mar-23,C0607,P0297,"Lattafa Pure Musk for Unisex - Eau de Parfum, 100ml",Perfumes & Fragrances,"Lattafa Pure Musk for Unisex - Eau de Parfum, 100ml",7,55,385,Net Banking,2023,3,March,Sunday
ORD-2022-02079,7-Apr-22,C0504,P0346,"Sheikh Al Shuyukh Luxe Edition For Men, Eau De Parfum, 100 ml",Perfumes & Fragrances,"Sheikh Al Shuyukh Luxe Edition For Men, Eau De Parfum, 100 ml",1,2976.16,2976.16,UPI,2022,4,April,Thursday
ORD-2023-02080,5-Mar-23,C0066,P0586,"Watch for Men by Casio , Analog , Chronograph , Stainless Steel , Silver , MTP-1374D-2AV",Watches,"Watch for Men by Casio , Analog , Chronograph , Stainless Steel , Silver , MTP-1374D-2AV",1,269,269,UPI,2023,3,March,Sunday
ORD-2024-02081,6-Nov-24,C0208,P0432,"Casio MTP1303L-1A For Men-Analog, Casual Watch, Leather",Watches,"Casio MTP1303L-1A For Men-Analog, Casual Watch, Leather",2,152,304,UPI,2024,11,November,Wednesday
ORD-2022-02082,3-Jul-22,C0615,P0305,"Calvin Klein Beauty for Women - Eau de Parfum, 100ml",Perfumes & Fragrances,"Calvin Klein Beauty for Women - Eau de Parfum, 100ml",4,357,1428,Wallet,2022,7,July,Sunday
ORD-2023-02083,17-Dec-23,C0229,P0443,"Casio G-Shock Men's Ana-Digi Dial Resin Band Watch - GA-100-1A4, Rubber",Watches,"Casio G-Shock Men's Ana-Digi Dial Resin Band Watch - GA-100-1A4, Rubber",1,1731.62,1731.62,Net Banking,2023,12,December,Sunday
ORD-2024-02084,23-Dec-24,C0316,P0460,"Fossil Grant Watch For Men Analog Leather Band Fs4813, Quartz",Watches,"Fossil Grant Watch For Men Analog Leather Band Fs4813, Quartz",4,472,1888,Debit Card,2024,12,December,Monday
ORD-2024-02085,18-Nov-24,C0279,P0515,Michael Kors Parker Women's Pink Dial Stainless Steel Band Chronograph Watch - MK6140,Watches,Michael Kors Parker Women's Pink Dial Stainless Steel Band Chronograph Watch - MK6140,1,909,909,COD,2024,11,November,Monday
ORD-2023-02086,4-Jul-23,C0158,P0489,"Casio Enticer for Men - Casual Leather Band Watch - MTP1314L-7A, Analog",Watches,"Casio Enticer for Men - Casual Leather Band Watch - MTP1314L-7A, Analog",1,196,196,COD,2023,7,July,Tuesday
ORD-2022-02087,1-Jan-22,C0218,P0081,"Asics Gel-Kayano 5.1 Sneakers for Men, White, 42 EU",Athletic Shoes,"Asics Gel-Kayano 5.1 Sneakers for Men, White, 42 EU",1,379,379,Credit Card,2022,1,January,Saturday
ORD-2022-02088,25-Sep-22,C0572,P0575,"Burberry Men's Gold Dial Leather Band Watch - BU9011, Analog, Swiss Quartz",Watches,"Burberry Men's Gold Dial Leather Band Watch - BU9011, Analog, Swiss Quartz",2,1625,3250,Credit Card,2022,9,September,Sunday
ORD-2025-02089,21-Jun-25,C0126,P0305,"Calvin Klein Beauty for Women - Eau de Parfum, 100ml",Perfumes & Fragrances,"Calvin Klein Beauty for Women - Eau de Parfum, 100ml",1,357,357,UPI,2025,6,June,Saturday
ORD-2022-02090,16-May-22,C0360,P0306,"Roberto Cavalli Nero Assoluto for Women - Eau de Parfum, 75ml",Perfumes & Fragrances,"Roberto Cavalli Nero Assoluto for Women - Eau de Parfum, 75ml",2,210,420,Net Banking,2022,5,May,Monday
ORD-2023-02091,27-Jan-23,C0245,P0355,"Juicy Couture Viva La Juicy for Women - Eau de Parfum, 100ml",Perfumes & Fragrances,"Juicy Couture Viva La Juicy for Women - Eau de Parfum, 100ml",7,218,1526,Wallet,2023,1,January,Friday
ORD-2023-02092,17-Mar-23,C0058,P0296,"Calvin Klein Euphoria for Women - Eau de Parfum, 100ml",Perfumes & Fragrances,"Calvin Klein Euphoria for Women - Eau de Parfum, 100ml",1,357,357,Credit Card,2023,3,March,Friday
ORD-2024-02093,6-Nov-24,C0212,P0252,"Ray-Ban Wayfarer Unisex Clubmaster Sunglasses - Rb3016-W0366-51-21-145, Green Lens",Eyewear,"Ray-Ban Wayfarer Unisex Clubmaster Sunglasses - Rb3016-W0366-51-21-145, Green Lens",4,1084,4336,Credit Card,2024,11,November,Wednesday
ORD-2022-02094,31-Dec-22,C0451,P0067,"Adidas Lite Racer RBN Nylon Mesh Side Stripe Running Shoes with Pull Tab for Men - Core Black, 43 1/3",Athletic Shoes,"Adidas Lite Racer RBN Nylon Mesh Side Stripe Running Shoes with Pull Tab for Men - Core Black, 43 1/3",5,3470.89,17354.45,Net Banking,2022,12,December,Saturday
ORD-2024-02095,18-Sep-24,C0131,P0296,"Calvin Klein Euphoria for Women - Eau de Parfum, 100ml",Perfumes & Fragrances,"Calvin Klein Euphoria for Women - Eau de Parfum, 100ml",1,357,357,Debit Card,2024,9,September,Wednesday
ORD-2023-02096,9-Nov-23,C0670,P0381,Adidas Design 2 Move Climacool Logo Tee For Men - Black,Sportswear,Adidas Design 2 Move Climacool Logo Tee For Men - Black,1,429.38,429.38,COD,2023,11,November,Thursday
ORD-2023-02097,9-Sep-23,C0488,P0556,Michael Kors Lexington Women's White Dial Stainless Steel Band Watch - MK3230,Watches,Michael Kors Lexington Women's White Dial Stainless Steel Band Watch - MK3230,2,762,1524,Credit Card,2023,9,September,Saturday
ORD-2025-02098,22-May-25,C0252,P0407,"Michael Kors Wristlet for Women, Yellow",Wallets,"Michael Kors Wristlet for Women, Yellow",1,620,620,Net Banking,2025,5,May,Thursday
ORD-2022-02099,25-Sep-22,C0017,P0499,Casio Casual Watch For Men Analog-Digital Resin - AEQ-110W-1BV,Watches,Casio Casual Watch For Men Analog-Digital Resin - AEQ-110W-1BV,1,3097.1,3097.1,Net Banking,2022,9,September,Sunday
ORD-2025-02100,6-Apr-25,C0191,P0304,"Guess Girl for Women - Eau de Toilette, 100ml",Perfumes & Fragrances,"Guess Girl for Women - Eau de Toilette, 100ml",6,263,1578,Wallet,2025,4,April,Sunday
ORD-2024-02101,16-Mar-24,C0381,P0605,Puma Casual Watch For Men Analog Stainless Steel - PU103951004,Watches,Puma Casual Watch For Men Analog Stainless Steel - PU103951004,2,679,1358,Credit Card,2024,3,March,Saturday
ORD-2025-02102,26-Feb-25,C0102,P0099,"Lacoste Jouer Fashion Sneakers Shoes for Men, Size 42 EU, Navy and White",Casual & Dress Shoes,"Lacoste Jouer Fashion Sneakers Shoes for Men, Size 42 EU, Navy and White",2,459,918,Wallet,2025,2,February,Wednesday
ORD-2022-02103,24-Aug-22,C0200,P0178,"Polaroid Sunglasses for Men, Black- PLD 7005/S 223783YYV63RC",Eyewear,"Polaroid Sunglasses for Men, Black- PLD 7005/S 223783YYV63RC",1,250,250,COD,2022,8,August,Wednesday
ORD-2023-02104,24-Jun-23,C0230,P0073,Ellesse Classic Shoe For Women (Black - 39 EU),Athletic Shoes,Ellesse Classic Shoe For Women (Black - 39 EU),1,279,279,COD,2023,6,June,Saturday
ORD-2024-02105,21-Apr-24,C0141,P0571,"Olivia Burton Marble Florals Dial Watch for Women, Analog, PU Leather Band - OB16CS19",Watches,"Olivia Burton Marble Florals Dial Watch for Women, Analog, PU Leather Band - OB16CS19",1,805,805,Wallet,2024,4,April,Sunday
ORD-2024-02106,28-Dec-24,C0284,P0060,Nike Shoes for Women -  Multi Color -  Size 39 EU,Athletic Shoes,Nike Shoes for Women -  Multi Color -  Size 39 EU,1,399,399,Wallet,2024,12,December,Saturday
ORD-2024-02107,1-Apr-24,C0283,P0526,"Casio Women'S Blue Dial Stainless Steel Band Watch Ltp 1215A 2A2Df, Quartz, Analog",Watches,"Casio Women'S Blue Dial Stainless Steel Band Watch Ltp 1215A 2A2Df, Quartz, Analog",3,172,516,Net Banking,2024,4,April,Monday
ORD-2024-02108,25-Feb-24,C0242,P0374,Adidas Must Haves Plain Sport T-Shirt for Men - Grey,Sportswear,Adidas Must Haves Plain Sport T-Shirt for Men - Grey,1,115,115,COD,2024,2,February,Sunday
ORD-2024-02109,30-Sep-24,C0088,P0581,"August Steiner Men's Gun/White Dial Metal Band Watch - AS8102BK, Analog, Japanese Quartz",Watches,"August Steiner Men's Gun/White Dial Metal Band Watch - AS8102BK, Analog, Japanese Quartz",1,1670,1670,Credit Card,2024,9,September,Monday
ORD-2024-02110,16-Nov-24,C0596,P0533,"Citizen Watch for Men Stainless Steel Band , Analog, AN3600-59L",Watches,"Citizen Watch for Men Stainless Steel Band , Analog, AN3600-59L",1,1292,1292,Wallet,2024,11,November,Saturday
ORD-2022-02111,27-Oct-22,C0587,P0225,"Ray Ban Sunglasses For Unisex, Brown, 0Rb4340 710/5150, Square Frame",Eyewear,"Ray Ban Sunglasses For Unisex, Brown, 0Rb4340 710/5150, Square Frame",1,1130,1130,Wallet,2022,10,October,Thursday
ORD-2022-02112,28-Mar-22,C0540,P0492,Ferrari Casual Watch For Men Analog Leather - 830388,Watches,Ferrari Casual Watch For Men Analog Leather - 830388,1,1045,1045,COD,2022,3,March,Monday
ORD-2024-02113,15-Aug-24,C0327,P0356,"Jovan Musk for Women - Eau de Cologne, 59ml",Perfumes & Fragrances,"Jovan Musk for Women - Eau de Cologne, 59ml",2,42,84,UPI,2024,8,August,Thursday
ORD-2023-02114,19-Dec-23,C0162,P0383,"Bodytalk Training T-shirt for Men, Size M, Cotton - White",Sportswear,"Bodytalk Training T-shirt for Men, Size M, Cotton - White",2,69,138,COD,2023,12,December,Tuesday
ORD-2024-02115,29-Jun-24,C0211,P0565,August Steiner Men's Black Dial Metal Band Watch - AS8097SSB,Watches,August Steiner Men's Black Dial Metal Band Watch - AS8097SSB,1,693,693,COD,2024,6,June,Saturday
ORD-2022-02116,15-Aug-22,C0589,P0009,"Nike Air Zoom Pegasus 36 Running Sneakers for Men , Black , Size 43 EU",Athletic Shoes,"Nike Air Zoom Pegasus 36 Running Sneakers for Men , Black , Size 43 EU",3,609,1827,Debit Card,2022,8,August,Monday
ORD-2023-02117,19-Apr-23,C0224,P0527,Tissot T055.217.16.033.01 For Men Analog Casual Watch Leather,Watches,Tissot T055.217.16.033.01 For Men Analog Casual Watch Leather,3,1840,5520,UPI,2023,4,April,Wednesday
ORD-2024-02118,21-Jun-24,C0245,P0169,"Ray-Ban Aviator Unisex Sunglasses - Rb3449-001/1359, Brown Lens",Eyewear,"Ray-Ban Aviator Unisex Sunglasses - Rb3449-001/1359, Brown Lens",2,1014,2028,COD,2024,6,June,Friday
ORD-2024-02119,14-Mar-24,C0042,P0246,"Ray-Ban Aviator Men's Sunglasses - Rb 3549-002/T3 - 61-16-145 mm, Grey Lens",Eyewear,"Ray-Ban Aviator Men's Sunglasses - Rb 3549-002/T3 - 61-16-145 mm, Grey Lens",1,1000,1000,Debit Card,2024,3,March,Thursday
ORD-2022-02120,10-Jan-22,C0322,P0604,Michael Kors Lexington Women's White Dial Stainless Steel Band Watch - MK3229,Watches,Michael Kors Lexington Women's White Dial Stainless Steel Band Watch - MK3229,3,762,2286,Net Banking,2022,1,January,Monday
ORD-2025-02121,18-Jun-25,C0655,P0169,"Ray-Ban Aviator Unisex Sunglasses - Rb3449-001/1359, Brown Lens",Eyewear,"Ray-Ban Aviator Unisex Sunglasses - Rb3449-001/1359, Brown Lens",1,1014,1014,Net Banking,2025,6,June,Wednesday
ORD-2023-02122,9-Jan-23,C0254,P0308,"Davidoff Cool Water For Men - Eau de Toilette, 125ml",Perfumes & Fragrances,"Davidoff Cool Water For Men - Eau de Toilette, 125ml",1,294,294,Credit Card,2023,1,January,Monday
ORD-2022-02123,25-Dec-22,C0624,P0347,"Dolce & Gabbana The One for Men - Eau de Toilette, 100ml",Perfumes & Fragrances,"Dolce & Gabbana The One for Men - Eau de Toilette, 100ml",1,368,368,UPI,2022,12,December,Sunday
ORD-2023-02124,30-May-23,C0651,P0061,"adidas VS PACE Sneaker for Mens, WHITE - Size 41.3 EU",Athletic Shoes,"adidas VS PACE Sneaker for Mens, WHITE - Size 41.3 EU",3,249,747,UPI,2023,5,May,Tuesday
ORD-2022-02125,12-Feb-22,C0288,P0336,"Calvin Klein Euphoria Intense for Men - Eau de Toilette, 100ml",Perfumes & Fragrances,"Calvin Klein Euphoria Intense for Men - Eau de Toilette, 100ml",4,282,1128,UPI,2022,2,February,Saturday
ORD-2022-02126,2-Nov-22,C0666,P0003,"Nike air Heights Sneaker for Women , Size 38 EU , White",Athletic Shoes,"Nike air Heights Sneaker for Women , Size 38 EU , White",4,419,1676,Wallet,2022,11,November,Wednesday
ORD-2024-02127,14-Nov-24,C0539,P0373,"Adidas W E Lin Slim Tk Tank For Women - Black (Dp2359), S",Sportswear,"Adidas W E Lin Slim Tk Tank For Women - Black (Dp2359), S",2,100,200,Net Banking,2024,11,November,Thursday
ORD-2023-02128,13-Jan-23,C0538,P0123,Lacoste Casual Shoe for Men Size 44 EU - White,Casual & Dress Shoes,Lacoste Casual Shoe for Men Size 44 EU - White,1,359,359,Wallet,2023,1,January,Friday
ORD-2024-02129,25-Dec-24,C0021,P0409,"Michael Kors Chain Wallet for Women , Multicolour",Wallets,"Michael Kors Chain Wallet for Women , Multicolour",2,360,720,UPI,2024,12,December,Wednesday
ORD-2024-02130,23-Dec-24,C0599,P0362,"Under Armour T-Shirt for Men, Size L - Grey",Sportswear,"Under Armour T-Shirt for Men, Size L - Grey",1,139,139,Credit Card,2024,12,December,Monday
ORD-2023-02131,1-Apr-23,C0062,P0141,Lacoste Casual Shoe for Men Size 42 EU - Black,Casual & Dress Shoes,Lacoste Casual Shoe for Men Size 42 EU - Black,2,379,758,Wallet,2023,4,April,Saturday
ORD-2023-02132,29-Aug-23,C0321,P0289,"Ray-Ban Sunglasses For Unisex, Gold, 3538, Square Frame",Eyewear,"Ray-Ban Sunglasses For Unisex, Gold, 3538, Square Frame",1,880,880,Net Banking,2023,8,August,Tuesday
ORD-2023-02133,14-Dec-23,C0481,P0466,"Burberry Watch for Women , Quartz , Leather , BU9132, Analog",Watches,"Burberry Watch for Women , Quartz , Leather , BU9132, Analog",1,1625,1625,UPI,2023,12,December,Thursday
ORD-2022-02134,22-Jul-22,C0601,P0439,"Casio Women'S Blue Dial Stainless Steel Band Watch Ltp 1183A 2A, Quartz, Analog",Watches,"Casio Women'S Blue Dial Stainless Steel Band Watch Ltp 1183A 2A, Quartz, Analog",1,225,225,Net Banking,2022,7,July,Friday
ORD-2023-02135,10-Dec-23,C0088,P0470,Fossil Coachman Men's Silver Dial Leather Band Chronograph Watch - CH2565,Watches,Fossil Coachman Men's Silver Dial Leather Band Chronograph Watch - CH2565,3,839,2517,UPI,2023,12,December,Sunday
ORD-2022-02136,17-Dec-22,C0495,P0044,"Nike Revolution 5 Sneaker for Men , Size 43 EU , White",Athletic Shoes,"Nike Revolution 5 Sneaker for Men , Size 43 EU , White",1,259,259,Credit Card,2022,12,December,Saturday
ORD-2023-02137,20-Mar-23,C0502,P0600,JBW Victory Women's 16 Diamonds Mother of Pearl Dial Stainless Steel Band Watch - JB-6210-N,Watches,JBW Victory Women's 16 Diamonds Mother of Pearl Dial Stainless Steel Band Watch - JB-6210-N,1,5587,5587,Net Banking,2023,3,March,Monday
ORD-2025-02138,15-Jan-25,C0354,P0356,"Jovan Musk for Women - Eau de Cologne, 59ml",Perfumes & Fragrances,"Jovan Musk for Women - Eau de Cologne, 59ml",4,42,168,UPI,2025,1,January,Wednesday
ORD-2023-02139,24-Oct-23,C0073,P0429,Michael Kors Lexington Women's Silver Dial Stainless Steel Band Watch - MK5735,Watches,Michael Kors Lexington Women's Silver Dial Stainless Steel Band Watch - MK5735,1,1698,1698,Net Banking,2023,10,October,Tuesday
ORD-2022-02140,1-Dec-22,C0377,P0602,"JBW Laurel Watch for Women , Stainless Steel , 9 Diamonds , J6330I",Watches,"JBW Laurel Watch for Women , Stainless Steel , 9 Diamonds , J6330I",1,4110,4110,Net Banking,2022,12,December,Thursday
ORD-2024-02141,21-Jun-24,C0452,P0461,Tissot Casual Watch For Women Analog Stainless Steel - T023.309.11.031.00,Watches,Tissot Casual Watch For Women Analog Stainless Steel - T023.309.11.031.00,2,1580,3160,COD,2024,6,June,Friday
ORD-2022-02142,16-Apr-22,C0289,P0165,"Ray Ban Aviator Sunglasses For Unisex - Brown Gradient Lens, Rb4147/710/51, 60-15-145, 145 mm",Eyewear,"Ray Ban Aviator Sunglasses For Unisex - Brown Gradient Lens, Rb4147/710/51, 60-15-145, 145 mm",2,945,1890,COD,2022,4,April,Saturday
ORD-2025-02143,14-Jun-25,C0263,P0144,"Carrera Sunglasses For Unisex - Green Lens, 149/S-6Lb, Aviator Frame",Eyewear,"Carrera Sunglasses For Unisex - Green Lens, 149/S-6Lb, Aviator Frame",3,750,2250,Debit Card,2025,6,June,Saturday
ORD-2023-02144,27-Nov-23,C0416,P0300,"Guess by Marciano for Women - Eau de Parfum, 100ml",Perfumes & Fragrances,"Guess by Marciano for Women - Eau de Parfum, 100ml",1,147,147,COD,2023,11,November,Monday
ORD-2025-02145,27-Jun-25,C0377,P0555,Casio G-Shock Men's Watch GA100B-7ADR,Watches,Casio G-Shock Men's Watch GA100B-7ADR,6,672,4032,COD,2025,6,June,Friday
ORD-2023-02146,24-Dec-23,C0572,P0309,"Davidoff Hot Water for Men - Eau de Toilette, 110ml",Perfumes & Fragrances,"Davidoff Hot Water for Men - Eau de Toilette, 110ml",1,294,294,Net Banking,2023,12,December,Sunday
ORD-2023-02147,14-May-23,C0543,P0023,Adidas Asweerun Running Shoes For Men - Core Black,Athletic Shoes,Adidas Asweerun Running Shoes For Men - Core Black,1,255,255,Wallet,2023,5,May,Sunday
ORD-2025-02148,19-Apr-25,C0240,P0483,JBW Alessandra for Women - Analog Stainless Steel Band Watch - JB-6217-C,Watches,JBW Alessandra for Women - Analog Stainless Steel Band Watch - JB-6217-C,1,5481,5481,COD,2025,4,April,Saturday
ORD-2024-02149,11-Dec-24,C0353,P0212,"Emporio Armani Square Sunglasses For Men - Blue, EA4117 570380 57",Eyewear,"Emporio Armani Square Sunglasses For Men - Blue, EA4117 570380 57",4,780,3120,UPI,2024,12,December,Wednesday
ORD-2024-02150,3-Mar-24,C0620,P0436,"Fossil Townsman Watch For Men Analog Stainless Steel Band Me3103, Automatic",Watches,"Fossil Townsman Watch For Men Analog Stainless Steel Band Me3103, Automatic",2,929,1858,Net Banking,2024,3,March,Sunday
ORD-2024-02151,12-Oct-24,C0295,P0565,August Steiner Men's Black Dial Metal Band Watch - AS8097SSB,Watches,August Steiner Men's Black Dial Metal Band Watch - AS8097SSB,4,693,2772,UPI,2024,10,October,Saturday
ORD-2024-02152,17-Nov-24,C0368,P0584,Burberry Women's Gold Dial Stainless Steel Band Watch - BU9235,Watches,Burberry Women's Gold Dial Stainless Steel Band Watch - BU9235,4,2960,11840,UPI,2024,11,November,Sunday
ORD-2023-02153,21-Mar-23,C0135,P0370,adidas Essentials Linear Sport Tank Top for Women - White/Black,Sportswear,adidas Essentials Linear Sport Tank Top for Women - White/Black,4,100,400,Credit Card,2023,3,March,Tuesday
ORD-2022-02154,14-Oct-22,C0502,P0288,"Ray-Ban Clubmaster Women's Sunglasses - Rb4256-60926G-49 - 49-20-145, Grey Lens",Eyewear,"Ray-Ban Clubmaster Women's Sunglasses - Rb4256-60926G-49 - 49-20-145, Grey Lens",8,562,4496,COD,2022,10,October,Friday
ORD-2022-02155,7-Jun-22,C0347,P0457,"Akribos XXIV Men's Black Dial Metal Band Watch - AK814TTB, Analog, Japanese Quartz",Watches,"Akribos XXIV Men's Black Dial Metal Band Watch - AK814TTB, Analog, Japanese Quartz",1,1860,1860,Debit Card,2022,6,June,Tuesday
ORD-2025-02156,24-Mar-25,C0043,P0154,"Diesel Wayfarer Unisex's Sunglasses - Dl0161 - 54-16-145 mm, Purple Lens",Eyewear,"Diesel Wayfarer Unisex's Sunglasses - Dl0161 - 54-16-145 mm, Purple Lens",1,755,755,Debit Card,2025,3,March,Monday
ORD-2024-02157,23-Feb-24,C0537,P0485,Scuderia Ferrari Aspire Men's Black Dial Stainless Steel Band Watch - 830535,Watches,Scuderia Ferrari Aspire Men's Black Dial Stainless Steel Band Watch - 830535,1,1115,1115,UPI,2024,2,February,Friday
ORD-2024-02158,10-Oct-24,C0351,P0055,"Skechers Flex Advantage Sr- Mcallen Sneaker For Men Size 46 EU, Black",Athletic Shoes,"Skechers Flex Advantage Sr- Mcallen Sneaker For Men Size 46 EU, Black",1,309,309,COD,2024,10,October,Thursday
ORD-2023-02159,27-Dec-23,C0646,P0417,guess Men's Wallet 31GUE11028-Black,Wallets,guess Men's Wallet 31GUE11028-Black,1,140,140,UPI,2023,12,December,Wednesday
ORD-2024-02160,21-Sep-24,C0461,P0486,"Akribos XXIV Swiss Quartz Chronograph Strap Men's Black Leather Band Watch - AK969BK, Analog",Watches,"Akribos XXIV Swiss Quartz Chronograph Strap Men's Black Leather Band Watch - AK969BK, Analog",1,1970,1970,Net Banking,2024,9,September,Saturday
ORD-2024-02161,13-Dec-24,C0040,P0328,"Chopard Wish for Women - Eau de Parfum, 75ml",Perfumes & Fragrances,"Chopard Wish for Women - Eau de Parfum, 75ml",1,209,209,Net Banking,2024,12,December,Friday
ORD-2024-02162,28-Nov-24,C0337,P0289,"Ray-Ban Sunglasses For Unisex, Gold, 3538, Square Frame",Eyewear,"Ray-Ban Sunglasses For Unisex, Gold, 3538, Square Frame",8,880,7040,Wallet,2024,11,November,Thursday
ORD-2023-02163,22-Nov-23,C0374,P0589,"Casio EF-558D-7A For Men-Analog, Sport Watch, Stainless Steel",Watches,"Casio EF-558D-7A For Men-Analog, Sport Watch, Stainless Steel",2,931,1862,Net Banking,2023,11,November,Wednesday
ORD-2023-02164,12-Nov-23,C0086,P0555,Casio G-Shock Men's Watch GA100B-7ADR,Watches,Casio G-Shock Men's Watch GA100B-7ADR,3,672,2016,Credit Card,2023,11,November,Sunday
ORD-2025-02165,3-Jan-25,C0500,P0423,"Calvin Klein Omega Billfold Wallet, Black, 12 cm K50K504998",Wallets,"Calvin Klein Omega Billfold Wallet, Black, 12 cm K50K504998",1,229,229,COD,2025,1,January,Friday
ORD-2025-02166,8-Mar-25,C0121,P0568,JBW Victor Men's 16 Diamonds Black Dial Black Ion-Plated Stainless Steel Band Watch - JB-8102-G,Watches,JBW Victor Men's 16 Diamonds Black Dial Black Ion-Plated Stainless Steel Band Watch - JB-8102-G,2,4490,8980,Net Banking,2025,3,March,Saturday
ORD-2024-02167,12-Jul-24,C0264,P0008,"Nike Fitness Shoes For Men , 44.5 EU , Gray",Athletic Shoes,"Nike Fitness Shoes For Men , 44.5 EU , Gray",1,389,389,Credit Card,2024,7,July,Friday
ORD-2025-02168,5-Jan-25,C0080,P0208,"Calvin Klein Round Sunglasses for Men - Blue lens, CK18104S-045",Eyewear,"Calvin Klein Round Sunglasses for Men - Blue lens, CK18104S-045",3,890,2670,Debit Card,2025,1,January,Sunday
ORD-2024-02169,30-Nov-24,C0379,P0183,"Ray-Ban Unisex Aviator Sunglasses [Rb3025 112/85], 55-14-135, Brown Lens",Eyewear,"Ray-Ban Unisex Aviator Sunglasses [Rb3025 112/85], 55-14-135, Brown Lens",3,1014,3042,Wallet,2024,11,November,Saturday
ORD-2024-02170,22-Jan-24,C0125,P0277,"Ray-Ban Round Sunglasses For Unisex - Brown, 4296, 51, 6331, 83",Eyewear,"Ray-Ban Round Sunglasses For Unisex - Brown, 4296, 51, 6331, 83",1,1060,1060,Net Banking,2024,1,January,Monday
ORD-2022-02171,24-Nov-22,C0517,P0086,"Asics Gel-Lyte Runner Sneakers for Men, Multicolour, 42 EU",Athletic Shoes,"Asics Gel-Lyte Runner Sneakers for Men, Multicolour, 42 EU",3,309,927,Net Banking,2022,11,November,Thursday
ORD-2024-02172,25-Aug-24,C0640,P0058,"Under Armour Jet Sneakers for Men , Size 41/42 EU",Athletic Shoes,"Under Armour Jet Sneakers for Men , Size 41/42 EU",7,369,2583,UPI,2024,8,August,Sunday
ORD-2023-02173,29-Dec-23,C0453,P0475,Ferrari Pilota Men's Black Dial Stainless Steel Watch - 830389,Watches,Ferrari Pilota Men's Black Dial Stainless Steel Watch - 830389,1,2239.84,2239.84,COD,2023,12,December,Friday
ORD-2022-02174,11-Aug-22,C0275,P0098,"Lacoste Europa Lace Up Shoes For Men Size 42 EU, Black",Casual & Dress Shoes,"Lacoste Europa Lace Up Shoes For Men Size 42 EU, Black",4,459,1836,UPI,2022,8,August,Thursday
ORD-2023-02175,6-Nov-23,C0364,P0080,"Asics Gel-Saga SOU Sneakers for Men, White, 42.5 EU",Athletic Shoes,"Asics Gel-Saga SOU Sneakers for Men, White, 42.5 EU",2,339,678,COD,2023,11,November,Monday
ORD-2022-02176,5-Nov-22,C0185,P0248,"Salvatore Ferragamo Women's Sunglasses - Sf879S-213 53, 150 mm, Black Lens, Square Frame",Eyewear,"Salvatore Ferragamo Women's Sunglasses - Sf879S-213 53, 150 mm, Black Lens, Square Frame",3,1490,4470,Wallet,2022,11,November,Saturday
ORD-2024-02177,11-Jan-24,C0253,P0241,"Ray-Ban Sunglasses for Man , Lens Color Dark Green , 0RB3654 60 002/71",Eyewear,"Ray-Ban Sunglasses for Man , Lens Color Dark Green , 0RB3654 60 002/71",2,1060,2120,UPI,2024,1,January,Thursday
ORD-2023-02178,7-Apr-23,C0156,P0393,"Tommy Hilfiger Bifold Wallet For Women,Leather,Multi Color",Wallets,"Tommy Hilfiger Bifold Wallet For Women,Leather,Multi Color",1,469,469,Debit Card,2023,4,April,Friday
ORD-2022-02179,15-Nov-22,C0326,P0002,"Nike Md Runner 2 Two-Tone Textile-Mesh Suede-Accent Side-Logo Lace-Up Running Athletic Shoes for Men - Wolf Grey, 42.5",Athletic Shoes,"Nike Md Runner 2 Two-Tone Textile-Mesh Suede-Accent Side-Logo Lace-Up Running Athletic Shoes for Men - Wolf Grey, 42.5",3,349,1047,Net Banking,2022,11,November,Tuesday
ORD-2022-02180,5-Dec-22,C0421,P0047,"asics GEL-NIMBUS 22 Running Shoes for Women, Pink, 38 EU",Athletic Shoes,"asics GEL-NIMBUS 22 Running Shoes for Women, Pink, 38 EU",2,839,1678,Net Banking,2022,12,December,Monday
ORD-2024-02181,15-Jul-24,C0318,P0078,"Asics Gel-Kayano 5.1 Sneakers for Men, Black, 44 EU",Athletic Shoes,"Asics Gel-Kayano 5.1 Sneakers for Men, Black, 44 EU",2,379,758,Debit Card,2024,7,July,Monday
ORD-2024-02182,18-Mar-24,C0063,P0357,"Chanel Chance Eau Fraiche for Women - Eau de Toilette, 50ml",Perfumes & Fragrances,"Chanel Chance Eau Fraiche for Women - Eau de Toilette, 50ml",2,319,638,Debit Card,2024,3,March,Monday
ORD-2023-02183,31-Dec-23,C0016,P0178,"Polaroid Sunglasses for Men, Black- PLD 7005/S 223783YYV63RC",Eyewear,"Polaroid Sunglasses for Men, Black- PLD 7005/S 223783YYV63RC",2,250,500,Debit Card,2023,12,December,Sunday
ORD-2024-02184,21-Dec-24,C0517,P0364,"Nike B Nsw Tee Futura Icon Td T-Shirts For Kids , Grey, XL",Sportswear,"Nike B Nsw Tee Futura Icon Td T-Shirts For Kids , Grey, XL",2,109,218,Net Banking,2024,12,December,Saturday
ORD-2025-02185,13-Apr-25,C0261,P0174,"Carrera Aviator Sunglasses for Unisex , 8010/S-R80-59-12-140-WJ",Eyewear,"Carrera Aviator Sunglasses for Unisex , 8010/S-R80-59-12-140-WJ",3,525,1575,Net Banking,2025,4,April,Sunday
ORD-2024-02186,19-Dec-24,C0083,P0067,"Adidas Lite Racer RBN Nylon Mesh Side Stripe Running Shoes with Pull Tab for Men - Core Black, 43 1/3",Athletic Shoes,"Adidas Lite Racer RBN Nylon Mesh Side Stripe Running Shoes with Pull Tab for Men - Core Black, 43 1/3",3,3404.22,10212.66,Debit Card,2024,12,December,Thursday
ORD-2025-02187,3-Apr-25,C0050,P0512,"Burberry Watch for Women , Quartz , Leather , BU9111",Watches,"Burberry Watch for Women , Quartz , Leather , BU9111",2,1766,3532,Credit Card,2025,4,April,Thursday
ORD-2023-02188,11-Jan-23,C0571,P0596,Scuderia Ferrari Men's Grey  Dial Color Rubber Band Watch - 830342,Watches,Scuderia Ferrari Men's Grey  Dial Color Rubber Band Watch - 830342,1,1045,1045,Credit Card,2023,1,January,Wednesday
ORD-2024-02189,23-Nov-24,C0356,P0066,"Nike SB Charge Canvas Sneaker for Men , Size 40 EU , Black",Athletic Shoes,"Nike SB Charge Canvas Sneaker for Men , Size 40 EU , Black",1,259,259,Credit Card,2024,11,November,Saturday
ORD-2023-02190,11-Aug-23,C0256,P0245,"Miu Miu Rimless Women's Sunglasses - 56Ts-Xej1A1 - 63 mm, Black Lens",Eyewear,"Miu Miu Rimless Women's Sunglasses - 56Ts-Xej1A1 - 63 mm, Black Lens",1,2000,2000,Wallet,2023,8,August,Friday
ORD-2024-02191,22-Jun-24,C0350,P0243,Marc Jacobs Cat Eye Sunglasses for Unisex - Purple Lens,Eyewear,Marc Jacobs Cat Eye Sunglasses for Unisex - Purple Lens,1,850,850,Debit Card,2024,6,June,Saturday
ORD-2024-02192,4-Nov-24,C0169,P0606,"T5 Watch For Men [Rubber,Chronograph]-H3397G-B",Watches,"T5 Watch For Men [Rubber,Chronograph]-H3397G-B",2,440,880,Debit Card,2024,11,November,Monday
ORD-2023-02193,13-Nov-23,C0312,P0301,"Guess Seductive Homme for Men - Eau de Toilette, 100ml",Perfumes & Fragrances,"Guess Seductive Homme for Men - Eau de Toilette, 100ml",2,289,578,UPI,2023,11,November,Monday
ORD-2024-02194,2-Mar-24,C0080,P0237,"Polaroid Aviator Sunglasses for Unisex, Silver",Eyewear,"Polaroid Aviator Sunglasses for Unisex, Silver",3,750,2250,Debit Card,2024,3,March,Saturday
ORD-2025-02195,31-Mar-25,C0032,P0393,"Tommy Hilfiger Bifold Wallet For Women,Leather,Multi Color",Wallets,"Tommy Hilfiger Bifold Wallet For Women,Leather,Multi Color",1,469,469,Wallet,2025,3,March,Monday
ORD-2023-02196,1-Nov-23,C0238,P0035,Asics Jolt 2 Sneaker for Men Black 43.5 EU,Athletic Shoes,Asics Jolt 2 Sneaker for Men Black 43.5 EU,2,209,418,Net Banking,2023,11,November,Wednesday
ORD-2023-02197,20-Dec-23,C0462,P0211,"Calvin Klein Cat Eye Sunglasses for Women - Black Lens, CK3206S-001",Eyewear,"Calvin Klein Cat Eye Sunglasses for Women - Black Lens, CK3206S-001",6,950,5700,Debit Card,2023,12,December,Wednesday
ORD-2022-02198,30-Nov-22,C0637,P0084,"Asics Gel-Saga Sneakers for Women, White, 38 EU",Athletic Shoes,"Asics Gel-Saga Sneakers for Women, White, 38 EU",4,379,1516,COD,2022,11,November,Wednesday
ORD-2023-02199,28-Jul-23,C0631,P0241,"Ray-Ban Sunglasses for Man , Lens Color Dark Green , 0RB3654 60 002/71",Eyewear,"Ray-Ban Sunglasses for Man , Lens Color Dark Green , 0RB3654 60 002/71",6,1060,6360,UPI,2023,7,July,Friday
ORD-2023-02200,18-Dec-23,C0296,P0347,"Dolce & Gabbana The One for Men - Eau de Toilette, 100ml",Perfumes & Fragrances,"Dolce & Gabbana The One for Men - Eau de Toilette, 100ml",1,368,368,Wallet,2023,12,December,Monday
ORD-2022-02201,31-Mar-22,C0655,P0072,Ellesse Pamplona Shoe For Women (Black - 39 EU),Athletic Shoes,Ellesse Pamplona Shoe For Women (Black - 39 EU),2,289,578,UPI,2022,3,March,Thursday
ORD-2023-02202,23-Nov-23,C0345,P0021,"Nike Quest 2 Nylon-Mesh Contrast Side Logo Running Shoes for Men - White, 45",Athletic Shoes,"Nike Quest 2 Nylon-Mesh Contrast Side Logo Running Shoes for Men - White, 45",3,2381.94,7145.82,UPI,2023,11,November,Thursday
ORD-2024-02203,7-Nov-24,C0569,P0108,Lacoste Casual Shoe For Women Size 39 EU - White,Casual & Dress Shoes,Lacoste Casual Shoe For Women Size 39 EU - White,1,399,399,UPI,2024,11,November,Thursday
ORD-2022-02204,19-Jul-22,C0522,P0423,"Calvin Klein Omega Billfold Wallet, Black, 12 cm K50K504998",Wallets,"Calvin Klein Omega Billfold Wallet, Black, 12 cm K50K504998",2,229,458,COD,2022,7,July,Tuesday
ORD-2024-02205,3-Aug-24,C0380,P0143,"Carrera Sunglasses for Unisex , Black Aviator",Eyewear,"Carrera Sunglasses for Unisex , Black Aviator",1,650,650,Credit Card,2024,8,August,Saturday
ORD-2024-02206,14-Feb-24,C0536,P0580,"August Steiner Men's Black Dial Stainless Steel Band Watch - AS8050RG, Analog, Swiss Quartz",Watches,"August Steiner Men's Black Dial Stainless Steel Band Watch - AS8050RG, Analog, Swiss Quartz",1,1490,1490,Wallet,2024,2,February,Wednesday
ORD-2022-02207,5-Nov-22,C0275,P0446,"Casio Men's Ana-Digi Dial Resin Band Watch - AQ-S810W-2AV, Quartz",Watches,"Casio Men's Ana-Digi Dial Resin Band Watch - AQ-S810W-2AV, Quartz",1,208,208,Credit Card,2022,11,November,Saturday
ORD-2024-02208,30-Mar-24,C0476,P0021,"Nike Quest 2 Nylon-Mesh Contrast Side Logo Running Shoes for Men - White, 45",Athletic Shoes,"Nike Quest 2 Nylon-Mesh Contrast Side Logo Running Shoes for Men - White, 45",3,1156.02,3468.06,Credit Card,2024,3,March,Saturday
ORD-2025-02209,14-Jan-25,C0526,P0582,"Burberry Women's Silver Dial Stainless Steel Band Watch - BU9144, Analog, Quartz",Watches,"Burberry Women's Silver Dial Stainless Steel Band Watch - BU9144, Analog, Quartz",1,2455,2455,UPI,2025,1,January,Tuesday
ORD-2022-02210,15-Jan-22,C0577,P0566,Seiko Men's Black Dial Stainless Steel Band Watch - SNK375J1,Watches,Seiko Men's Black Dial Stainless Steel Band Watch - SNK375J1,2,691,1382,Debit Card,2022,1,January,Saturday
ORD-2023-02211,17-Nov-23,C0015,P0152,"Ray-Ban 3025 Aviator Large Metal Non-Mirrored Non-Polarized Sunglasses, Silver/Light Grey Gradient (003/32), 58mm",Eyewear,"Ray-Ban 3025 Aviator Large Metal Non-Mirrored Non-Polarized Sunglasses, Silver/Light Grey Gradient (003/32), 58mm",3,1130,3390,Wallet,2023,11,November,Friday
ORD-2023-02212,31-Oct-23,C0175,P0045,"Asics GEL-NIMBUS 22 Running Shoes for Women, Rose Gold, 38 EU",Athletic Shoes,"Asics GEL-NIMBUS 22 Running Shoes for Women, Rose Gold, 38 EU",2,839,1678,Debit Card,2023,10,October,Tuesday
ORD-2022-02213,24-May-22,C0272,P0169,"Ray-Ban Aviator Unisex Sunglasses - Rb3449-001/1359, Brown Lens",Eyewear,"Ray-Ban Aviator Unisex Sunglasses - Rb3449-001/1359, Brown Lens",1,1014,1014,UPI,2022,5,May,Tuesday
ORD-2022-02214,24-Sep-22,C0374,P0284,"Ray Ban Sunglasses For Unisex, Rb3025 001/51 58-14, Brown Lens, Aviator Frame",Eyewear,"Ray Ban Sunglasses For Unisex, Rb3025 001/51 58-14, Brown Lens, Aviator Frame",1,770,770,COD,2022,9,September,Saturday
ORD-2024-02215,6-Nov-24,C0383,P0026,"Nike SB ALLEYOOP Sneaker for Mens, Black, 42 EU",Athletic Shoes,"Nike SB ALLEYOOP Sneaker for Mens, Black, 42 EU",1,349,349,Wallet,2024,11,November,Wednesday
ORD-2025-02216,27-Jan-25,C0021,P0106,Hugo Boss Casual Shoe for Men Size 42 EU - Dark Navy,Casual & Dress Shoes,Hugo Boss Casual Shoe for Men Size 42 EU - Dark Navy,7,749,5243,COD,2025,1,January,Monday
ORD-2023-02217,30-Apr-23,C0475,P0584,Burberry Women's Gold Dial Stainless Steel Band Watch - BU9235,Watches,Burberry Women's Gold Dial Stainless Steel Band Watch - BU9235,9,2960,26640,Wallet,2023,4,April,Sunday
ORD-2024-02218,6-Oct-24,C0044,P0402,"Tommy Hilfiger Bifold WAllet For Men,LeAther,BlAck",Wallets,"Tommy Hilfiger Bifold WAllet For Men,LeAther,BlAck",2,430,860,Credit Card,2024,10,October,Sunday
ORD-2022-02219,12-Dec-22,C0024,P0209,"Emporio Armani Sunglasses For Men - Multi Color, 4115-56691W-54, Square Frame",Eyewear,"Emporio Armani Sunglasses For Men - Multi Color, 4115-56691W-54, Square Frame",2,730,1460,Debit Card,2022,12,December,Monday
ORD-2023-02220,29-Jan-23,C0051,P0312,"Calvin Klein Ck One Shock for Men - Eau de Toilette, 200ml",Perfumes & Fragrances,"Calvin Klein Ck One Shock for Men - Eau de Toilette, 200ml",1,394,394,UPI,2023,1,January,Sunday
ORD-2024-02221,9-Nov-24,C0170,P0532,JBW Men's 10 YR Anniversary GMT Globetrotter 0.21 ctw Diamond Watch - J6365-10A,Watches,JBW Men's 10 YR Anniversary GMT Globetrotter 0.21 ctw Diamond Watch - J6365-10A,5,2243,11215,Debit Card,2024,11,November,Saturday
ORD-2023-02222,4-Nov-23,C0532,P0027,"adidas Grand Court Base Sneakers for Men, Size 42 2/3 EU, White - EE7904",Athletic Shoes,"adidas Grand Court Base Sneakers for Men, Size 42 2/3 EU, White - EE7904",1,569,569,Debit Card,2023,11,November,Saturday
ORD-2025-02223,24-Jan-25,C0030,P0253,"Ray Ban Unisex Sunglasses - 3025, 58, 004/78, Grey Lens, Aviator Frame",Eyewear,"Ray Ban Unisex Sunglasses - 3025, 58, 004/78, Grey Lens, Aviator Frame",1,1065,1065,Net Banking,2025,1,January,Friday
ORD-2022-02224,18-Jan-22,C0009,P0578,"Akribos XXIV Men's Brown Dial Leather Band Watch - AK916RG, Analog, Japanese Quartz Movement",Watches,"Akribos XXIV Men's Brown Dial Leather Band Watch - AK916RG, Analog, Japanese Quartz Movement",3,1490,4470,UPI,2022,1,January,Tuesday
ORD-2022-02225,1-Oct-22,C0128,P0579,"Akribos XXIV Men's Black Dial Stainless Steel Band Watch - AK901YGB, Analog, Japanese Quartz Movement",Watches,"Akribos XXIV Men's Black Dial Stainless Steel Band Watch - AK901YGB, Analog, Japanese Quartz Movement",2,2240,4480,Debit Card,2022,10,October,Saturday
ORD-2024-02226,17-Mar-24,C0335,P0474,"August Steiner Men's Gold-Tone And Blue Dial Leather Band Watch - AS8183SSB, Analog, Japanese Quartz Movement",Watches,"August Steiner Men's Gold-Tone And Blue Dial Leather Band Watch - AS8183SSB, Analog, Japanese Quartz Movement",3,1600,4800,Net Banking,2024,3,March,Sunday
ORD-2023-02227,5-Dec-23,C0355,P0006,"Nike Sport Sneaker Shoes for Men , 44 EU , White",Athletic Shoes,"Nike Sport Sneaker Shoes for Men , 44 EU , White",3,319,957,UPI,2023,12,December,Tuesday
ORD-2022-02228,18-Mar-22,C0206,P0102,"Geox U KAVEN Fashion Sneakers For Men , size 43 EU , Black",Casual & Dress Shoes,"Geox U KAVEN Fashion Sneakers For Men , size 43 EU , Black",2,479,958,Net Banking,2022,3,March,Friday
ORD-2023-02229,22-Oct-23,C0628,P0365,adidas Logo Sport Tank Top for Women - Black,Sportswear,adidas Logo Sport Tank Top for Women - Black,2,155,310,UPI,2023,10,October,Sunday
ORD-2023-02230,21-Oct-23,C0644,P0249,"Ray-Ban Men's Injected Man Sunglass Non-Polarized Iridium Round, SHINY RED HAVANA 51 mm",Eyewear,"Ray-Ban Men's Injected Man Sunglass Non-Polarized Iridium Round, SHINY RED HAVANA 51 mm",1,945,945,COD,2023,10,October,Saturday
ORD-2025-02231,23-Mar-25,C0624,P0043,"Adidas Grand Court Base Faux Leather Contrast Side Stripe Heel Tab Logo Tennis Shoes for Women - White, 40",Athletic Shoes,"Adidas Grand Court Base Faux Leather Contrast Side Stripe Heel Tab Logo Tennis Shoes for Women - White, 40",1,259,259,COD,2025,3,March,Sunday
ORD-2023-02232,7-Nov-23,C0113,P0061,"adidas VS PACE Sneaker for Mens, WHITE - Size 41.3 EU",Athletic Shoes,"adidas VS PACE Sneaker for Mens, WHITE - Size 41.3 EU",1,249,249,UPI,2023,11,November,Tuesday
ORD-2023-02233,27-Oct-23,C0133,P0126,"Lacoste Graduate Lace Up Shoes For Women Size 40 EU, Black",Casual & Dress Shoes,"Lacoste Graduate Lace Up Shoes For Women Size 40 EU, Black",1,449,449,Debit Card,2023,10,October,Friday
ORD-2024-02234,12-Aug-24,C0076,P0299,"GUESS Marciano for Men - Eau de Toilette, 100ml",Perfumes & Fragrances,"GUESS Marciano for Men - Eau de Toilette, 100ml",1,273,273,Net Banking,2024,8,August,Monday
ORD-2025-02235,23-Mar-25,C0549,P0314,Crystal Noir by Versace  for Women - Eau de Parfum- 90 ml,Perfumes & Fragrances,Crystal Noir by Versace  for Women - Eau de Parfum- 90 ml,2,315,630,Wallet,2025,3,March,Sunday
ORD-2023-02236,8-Nov-23,C0420,P0223,"Polaroid Sunglassess for Men, Grey- PLD 1015/S D28/Y2,Rectangle Shape",Eyewear,"Polaroid Sunglassess for Men, Grey- PLD 1015/S D28/Y2,Rectangle Shape",3,250,750,Net Banking,2023,11,November,Wednesday
ORD-2022-02237,11-Dec-22,C0552,P0344,"Nikos Sculpture Homme for Men - Eau de Toilette, 100ml",Perfumes & Fragrances,"Nikos Sculpture Homme for Men - Eau de Toilette, 100ml",3,250,750,Wallet,2022,12,December,Sunday
ORD-2022-02238,10-Jan-22,C0344,P0526,"Casio Women'S Blue Dial Stainless Steel Band Watch Ltp 1215A 2A2Df, Quartz, Analog",Watches,"Casio Women'S Blue Dial Stainless Steel Band Watch Ltp 1215A 2A2Df, Quartz, Analog",1,172,172,UPI,2022,1,January,Monday
ORD-2023-02239,8-Sep-23,C0637,P0539,"Casio Men's Ana-Digi Dial Stainless Steel Band Watch - AW-82D-1AVDF, Quartz",Watches,"Casio Men's Ana-Digi Dial Stainless Steel Band Watch - AW-82D-1AVDF, Quartz",2,336,672,Credit Card,2023,9,September,Friday
ORD-2023-02240,7-Dec-23,C0143,P0026,"Nike SB ALLEYOOP Sneaker for Mens, Black, 42 EU",Athletic Shoes,"Nike SB ALLEYOOP Sneaker for Mens, Black, 42 EU",7,349,2443,COD,2023,12,December,Thursday
ORD-2023-02241,6-Dec-23,C0223,P0060,Nike Shoes for Women -  Multi Color -  Size 39 EU,Athletic Shoes,Nike Shoes for Women -  Multi Color -  Size 39 EU,2,399,798,Credit Card,2023,12,December,Wednesday
ORD-2022-02242,9-Mar-22,C0547,P0419,guess Men's Wallet 31GUE11028-Brown,Wallets,guess Men's Wallet 31GUE11028-Brown,2,140,280,Wallet,2022,3,March,Wednesday
ORD-2022-02243,22-Aug-22,C0361,P0301,"Guess Seductive Homme for Men - Eau de Toilette, 100ml",Perfumes & Fragrances,"Guess Seductive Homme for Men - Eau de Toilette, 100ml",3,289,867,Credit Card,2022,8,August,Monday
ORD-2023-02244,3-Nov-23,C0124,P0149,"Polaroid Sunglasses For Men, Brown- Pld 6033/S, Square Frame",Eyewear,"Polaroid Sunglasses For Men, Brown- Pld 6033/S, Square Frame",1,250,250,Wallet,2023,11,November,Friday
ORD-2024-02245,6-Jul-24,C0339,P0289,"Ray-Ban Sunglasses For Unisex, Gold, 3538, Square Frame",Eyewear,"Ray-Ban Sunglasses For Unisex, Gold, 3538, Square Frame",3,880,2640,COD,2024,7,July,Saturday
ORD-2024-02246,24-Aug-24,C0051,P0434,"Casio Men's Silver Dial Leather Band Watch - MTP-1374L-7, Analog, Quartz",Watches,"Casio Men's Silver Dial Leather Band Watch - MTP-1374L-7, Analog, Quartz",1,716.76,716.76,COD,2024,8,August,Saturday
ORD-2024-02247,1-Mar-24,C0115,P0152,"Ray-Ban 3025 Aviator Large Metal Non-Mirrored Non-Polarized Sunglasses, Silver/Light Grey Gradient (003/32), 58mm",Eyewear,"Ray-Ban 3025 Aviator Large Metal Non-Mirrored Non-Polarized Sunglasses, Silver/Light Grey Gradient (003/32), 58mm",4,1130,4520,Net Banking,2024,3,March,Friday
ORD-2024-02248,5-May-24,C0241,P0283,"Ray-Ban Aviator Men's Sunglasses - Rb 3560-004/51 - 61-17-145 mm, Brown Lens",Eyewear,"Ray-Ban Aviator Men's Sunglasses - Rb 3560-004/51 - 61-17-145 mm, Brown Lens",2,840,1680,COD,2024,5,May,Sunday
ORD-2022-02249,26-Sep-22,C0598,P0275,"Arnette Sunglasses, Square, For Women, Grey, 0An4243 252181 60",Eyewear,"Arnette Sunglasses, Square, For Women, Grey, 0An4243 252181 60",3,500,1500,Credit Card,2022,9,September,Monday
ORD-2024-02250,28-Jul-24,C0242,P0274,"Puma Sunglass For Men - Pu0016S_005, Blue Lens, Square Frame",Eyewear,"Puma Sunglass For Men - Pu0016S_005, Blue Lens, Square Frame",1,365,365,Debit Card,2024,7,July,Sunday
ORD-2023-02251,2-Oct-23,C0358,P0222,"Polaroid Men's PLD 2017/S Y2 KJ1 62 Sunglasses, Dark Ruthenium/Grey Pz",Eyewear,"Polaroid Men's PLD 2017/S Y2 KJ1 62 Sunglasses, Dark Ruthenium/Grey Pz",1,250,250,Debit Card,2023,10,October,Monday
ORD-2024-02252,3-Mar-24,C0311,P0267,"Ray-Ban Sunglasses For Men, Size 51 mm, 4246, 51, 990, N.C, Green Lens, Round Frame",Eyewear,"Ray-Ban Sunglasses For Men, Size 51 mm, 4246, 51, 990, N.C, Green Lens, Round Frame",3,790,2370,COD,2024,3,March,Sunday
ORD-2025-02253,14-May-25,C0269,P0601,JBW Caden 0.08 ctw Diamond Men's Green Dial Genuine Leather Band Watch - J6374A,Watches,JBW Caden 0.08 ctw Diamond Men's Green Dial Genuine Leather Band Watch - J6374A,3,1499,4497,Net Banking,2025,5,May,Wednesday
ORD-2024-02254,13-Oct-24,C0601,P0414,Levi's 31LV240021 RFID Tri-Fold Wallet BROWN,Wallets,Levi's 31LV240021 RFID Tri-Fold Wallet BROWN,1,110,110,Net Banking,2024,10,October,Sunday
ORD-2024-02255,17-May-24,C0172,P0470,Fossil Coachman Men's Silver Dial Leather Band Chronograph Watch - CH2565,Watches,Fossil Coachman Men's Silver Dial Leather Band Chronograph Watch - CH2565,3,839,2517,UPI,2024,5,May,Friday
ORD-2024-02256,23-Jun-24,C0303,P0531,"Burgi Women's Mother of Pearl Dial Leather Band Watch - BUR087BU, Analog, Swiss Quartz",Watches,"Burgi Women's Mother of Pearl Dial Leather Band Watch - BUR087BU, Analog, Swiss Quartz",1,2240,2240,Credit Card,2024,6,June,Sunday
ORD-2022-02257,15-May-22,C0022,P0228,Polaroid Unisex Round Sunglasses - PLD 2053/S 80751M9,Eyewear,Polaroid Unisex Round Sunglasses - PLD 2053/S 80751M9,1,250,250,Debit Card,2022,5,May,Sunday
ORD-2024-02258,28-May-24,C0051,P0128,Puma Fashion Sneaker for Women (Black - 33 EU),Casual & Dress Shoes,Puma Fashion Sneaker for Women (Black - 33 EU),2,289,578,Net Banking,2024,5,May,Tuesday
ORD-2024-02259,12-Jul-24,C0134,P0270,"Ray-Ban Unisex's Rb4075 Sunglasses, Tortoise, 61",Eyewear,"Ray-Ban Unisex's Rb4075 Sunglasses, Tortoise, 61",1,1169,1169,Debit Card,2024,7,July,Friday
ORD-2022-02260,18-Dec-22,C0269,P0580,"August Steiner Men's Black Dial Stainless Steel Band Watch - AS8050RG, Analog, Swiss Quartz",Watches,"August Steiner Men's Black Dial Stainless Steel Band Watch - AS8050RG, Analog, Swiss Quartz",4,1490,5960,UPI,2022,12,December,Sunday
ORD-2024-02261,3-Jul-24,C0187,P0377,adidas FL_SPR Z FT 3ST BLACK for MALE,Sportswear,adidas FL_SPR Z FT 3ST BLACK for MALE,2,139,278,Wallet,2024,7,July,Wednesday
ORD-2022-02262,5-Dec-22,C0089,P0083,"Asics Gel-Kayano 5 OG Sneakers for Men, White, 42.5 EU",Athletic Shoes,"Asics Gel-Kayano 5 OG Sneakers for Men, White, 42.5 EU",3,489,1467,Wallet,2022,12,December,Monday
ORD-2024-02263,7-Sep-24,C0016,P0487,JBW Women's Mondrian Jewelry Set 0.16 ctw Diamond 18K Rose Gold-Plated Stainless Steel Watch - J6303-SetC,Watches,JBW Women's Mondrian Jewelry Set 0.16 ctw Diamond 18K Rose Gold-Plated Stainless Steel Watch - J6303-SetC,4,3124,12496,Wallet,2024,9,September,Saturday
ORD-2023-02264,26-Jul-23,C0638,P0453,"Casio Men's Black Dial Stainless Steel Band Watch - MTP-1314SG-1AV, Analog, Quartz",Watches,"Casio Men's Black Dial Stainless Steel Band Watch - MTP-1314SG-1AV, Analog, Quartz",3,300,900,Debit Card,2023,7,July,Wednesday
ORD-2023-02265,17-Sep-23,C0138,P0223,"Polaroid Sunglassess for Men, Grey- PLD 1015/S D28/Y2,Rectangle Shape",Eyewear,"Polaroid Sunglassess for Men, Grey- PLD 1015/S D28/Y2,Rectangle Shape",3,250,750,Wallet,2023,9,September,Sunday
ORD-2025-02266,15-Mar-25,C0476,P0356,"Jovan Musk for Women - Eau de Cologne, 59ml",Perfumes & Fragrances,"Jovan Musk for Women - Eau de Cologne, 59ml",6,42,252,Net Banking,2025,3,March,Saturday
ORD-2024-02267,3-Nov-24,C0132,P0560,"Fossil Nate Men'S Black Dial Stainless Steel Band Watch Jr1527, Quartz, Analog",Watches,"Fossil Nate Men'S Black Dial Stainless Steel Band Watch Jr1527, Quartz, Analog",1,775,775,COD,2024,11,November,Sunday
ORD-2023-02268,22-Nov-23,C0441,P0530,"Emporio Armani Sportivo Men'S Black Dial Stainless Steel Band Watch Ar2457, Analog Quartz, Analog",Watches,"Emporio Armani Sportivo Men'S Black Dial Stainless Steel Band Watch Ar2457, Analog Quartz, Analog",1,947,947,Debit Card,2023,11,November,Wednesday
ORD-2023-02269,14-Nov-23,C0308,P0002,"Nike Md Runner 2 Two-Tone Textile-Mesh Suede-Accent Side-Logo Lace-Up Running Athletic Shoes for Men - Wolf Grey, 42.5",Athletic Shoes,"Nike Md Runner 2 Two-Tone Textile-Mesh Suede-Accent Side-Logo Lace-Up Running Athletic Shoes for Men - Wolf Grey, 42.5",1,349,349,Debit Card,2023,11,November,Tuesday
ORD-2022-02270,22-Mar-22,C0181,P0431,JBW Mondrian Women's 16 Diamonds Rose Gold Dial Stainless Steel Band Watch - J6303C,Watches,JBW Mondrian Women's 16 Diamonds Rose Gold Dial Stainless Steel Band Watch - J6303C,3,2990,8970,Wallet,2022,3,March,Tuesday
ORD-2024-02271,6-Nov-24,C0577,P0041,"Adidas Courtsmash Perforated Genuine Leather Mesh-Accent Lace-up Side-Stripe Tennis Athletic Shoes for Men - Core Black, 44",Athletic Shoes,"Adidas Courtsmash Perforated Genuine Leather Mesh-Accent Lace-up Side-Stripe Tennis Athletic Shoes for Men - Core Black, 44",2,259,518,Debit Card,2024,11,November,Wednesday
ORD-2024-02272,22-Nov-24,C0311,P0032,"Nike Fitness Shoes For Men , 42.5 EU , Gray",Athletic Shoes,"Nike Fitness Shoes For Men , 42.5 EU , Gray",3,579,1737,Credit Card,2024,11,November,Friday
ORD-2024-02273,27-Nov-24,C0562,P0264,"Ray-Ban Men's Injected Man Sunglass Polarized Iridium Rectangular, BLACK 64 mm",Eyewear,"Ray-Ban Men's Injected Man Sunglass Polarized Iridium Rectangular, BLACK 64 mm",1,1115,1115,Wallet,2024,11,November,Wednesday
ORD-2023-02274,27-Jan-23,C0053,P0583,"Burberry BU9019
 Mens Analog Leather Watch",Watches,"Burberry BU9019
 Mens Analog Leather Watch",2,1625,3250,Net Banking,2023,1,January,Friday
ORD-2022-02275,27-Nov-22,C0277,P0202,"Ray-Ban Sunglasses For Unisex, Size 55, Brown, 3025, 55, 004, 51, 55-14-135, Aviator Frame",Eyewear,"Ray-Ban Sunglasses For Unisex, Size 55, Brown, 3025, 55, 004, 51, 55-14-135, Aviator Frame",3,709,2127,COD,2022,11,November,Sunday
ORD-2023-02276,9-Mar-23,C0613,P0478,Casio Unisex Illuminated Digital Dial Gold Tone Stainless Steel Band Watch [A168WG-9WDF],Watches,Casio Unisex Illuminated Digital Dial Gold Tone Stainless Steel Band Watch [A168WG-9WDF],1,168,168,COD,2023,3,March,Thursday
ORD-2025-02277,20-Jun-25,C0079,P0051,"adidas ASWEERUN Sneaker for Womens, PINK - Size 39.3 EU",Athletic Shoes,"adidas ASWEERUN Sneaker for Womens, PINK - Size 39.3 EU",1,259,259,Debit Card,2025,6,June,Friday
ORD-2022-02278,2-Jan-22,C0343,P0588,Casio Women's Analog Dial Stainless Steel  Band Watch - LTP-1308SG-7AVDF,Watches,Casio Women's Analog Dial Stainless Steel  Band Watch - LTP-1308SG-7AVDF,1,263,263,COD,2022,1,January,Sunday
ORD-2025-02279,10-May-25,C0658,P0416,Levi's Men's Trifold Wallet [31LV1179],Wallets,Levi's Men's Trifold Wallet [31LV1179],1,120,120,Wallet,2025,5,May,Saturday
ORD-2024-02280,1-Jul-24,C0127,P0575,"Burberry Men's Gold Dial Leather Band Watch - BU9011, Analog, Swiss Quartz",Watches,"Burberry Men's Gold Dial Leather Band Watch - BU9011, Analog, Swiss Quartz",2,1625,3250,Debit Card,2024,7,July,Monday
ORD-2022-02281,6-Mar-22,C0194,P0447,Tissot Everytime Women's Silver Dial Stainless Steel Band Watch - T057.910.22.037.00,Watches,Tissot Everytime Women's Silver Dial Stainless Steel Band Watch - T057.910.22.037.00,2,1680,3360,Credit Card,2022,3,March,Sunday
ORD-2024-02282,27-Aug-24,C0568,P0132,Lacoste Casual Shoe for Men Size 46 EU - White,Casual & Dress Shoes,Lacoste Casual Shoe for Men Size 46 EU - White,2,539,1078,UPI,2024,8,August,Tuesday
ORD-2023-02283,30-May-23,C0178,P0038,"Adidas Duramo 9 Nylon Mesh Rubber-Accent Side-Stripe Lace-Up Running Athletic Shoes for Men - Core Black, 42 2/3",Athletic Shoes,"Adidas Duramo 9 Nylon Mesh Rubber-Accent Side-Stripe Lace-Up Running Athletic Shoes for Men - Core Black, 42 2/3",5,289,1445,Debit Card,2023,5,May,Tuesday
ORD-2024-02284,12-Nov-24,C0232,P0137,Lacoste Casual Shoe for Men Size 44 EU - White,Casual & Dress Shoes,Lacoste Casual Shoe for Men Size 44 EU - White,3,499,1497,Wallet,2024,11,November,Tuesday
ORD-2023-02285,3-Dec-23,C0433,P0047,"asics GEL-NIMBUS 22 Running Shoes for Women, Pink, 38 EU",Athletic Shoes,"asics GEL-NIMBUS 22 Running Shoes for Women, Pink, 38 EU",2,839,1678,Wallet,2023,12,December,Sunday
ORD-2025-02286,6-Jan-25,C0265,P0253,"Ray Ban Unisex Sunglasses - 3025, 58, 004/78, Grey Lens, Aviator Frame",Eyewear,"Ray Ban Unisex Sunglasses - 3025, 58, 004/78, Grey Lens, Aviator Frame",2,1065,2130,Net Banking,2025,1,January,Monday
ORD-2024-02287,3-Apr-24,C0152,P0575,"Burberry Men's Gold Dial Leather Band Watch - BU9011, Analog, Swiss Quartz",Watches,"Burberry Men's Gold Dial Leather Band Watch - BU9011, Analog, Swiss Quartz",2,1625,3250,Net Banking,2024,4,April,Wednesday
ORD-2022-02288,15-Jul-22,C0458,P0028,Nike Court Royale Sport Sneakers for Women - White/Metallic Silver Size - 38 EU,Athletic Shoes,Nike Court Royale Sport Sneakers for Women - White/Metallic Silver Size - 38 EU,2,319,638,Net Banking,2022,7,July,Friday
ORD-2024-02289,3-Feb-24,C0417,P0047,"asics GEL-NIMBUS 22 Running Shoes for Women, Pink, 38 EU",Athletic Shoes,"asics GEL-NIMBUS 22 Running Shoes for Women, Pink, 38 EU",1,839,839,Wallet,2024,2,February,Saturday
ORD-2024-02290,11-Jul-24,C0292,P0159,"Ray Ban 4165, 710/13 (51 mm) Sunglass, Brown Lens, Rectangular Frame",Eyewear,"Ray Ban 4165, 710/13 (51 mm) Sunglass, Brown Lens, Rectangular Frame",1,690,690,Net Banking,2024,7,July,Thursday
ORD-2023-02291,10-Jan-23,C0191,P0005,"adidas ASWEERUN Sneaker for Mens, Grey - Size 43.3 EU",Athletic Shoes,"adidas ASWEERUN Sneaker for Mens, Grey - Size 43.3 EU",2,259,518,COD,2023,1,January,Tuesday
ORD-2022-02292,9-Jun-22,C0103,P0486,"Akribos XXIV Swiss Quartz Chronograph Strap Men's Black Leather Band Watch - AK969BK, Analog",Watches,"Akribos XXIV Swiss Quartz Chronograph Strap Men's Black Leather Band Watch - AK969BK, Analog",8,1970,15760,Net Banking,2022,6,June,Thursday
ORD-2023-02293,18-Feb-23,C0373,P0315,"Calvin Klein Eternity Moment for Women - Eau de Parfum, 100ml",Perfumes & Fragrances,"Calvin Klein Eternity Moment for Women - Eau de Parfum, 100ml",2,273,546,UPI,2023,2,February,Saturday
ORD-2022-02294,28-Jan-22,C0303,P0275,"Arnette Sunglasses, Square, For Women, Grey, 0An4243 252181 60",Eyewear,"Arnette Sunglasses, Square, For Women, Grey, 0An4243 252181 60",8,500,4000,Net Banking,2022,1,January,Friday
ORD-2023-02295,26-Dec-23,C0119,P0563,"Hugo Boss Dress Watch for Men , Stainless Steel , 1513597",Watches,"Hugo Boss Dress Watch for Men , Stainless Steel , 1513597",1,1345,1345,Wallet,2023,12,December,Tuesday
ORD-2023-02296,18-Jun-23,C0532,P0308,"Davidoff Cool Water For Men - Eau de Toilette, 125ml",Perfumes & Fragrances,"Davidoff Cool Water For Men - Eau de Toilette, 125ml",1,294,294,UPI,2023,6,June,Sunday
ORD-2024-02297,4-Dec-24,C0272,P0130,"Puma Fashion Sneakers Casual Shoe  For Men , Navy , 41 EU",Casual & Dress Shoes,"Puma Fashion Sneakers Casual Shoe  For Men , Navy , 41 EU",1,320,320,Credit Card,2024,12,December,Wednesday
ORD-2022-02298,9-Jun-22,C0205,P0546,"Akribos XXIV Men's Black Dial Leather Band Watch - AK769YG, Analog, Quartz",Watches,"Akribos XXIV Men's Black Dial Leather Band Watch - AK769YG, Analog, Quartz",4,1600,6400,Net Banking,2022,6,June,Thursday
ORD-2024-02299,24-Aug-24,C0056,P0592,"Emporio Armani Watch For Men Leather Quartz Ar1945, Analog",Watches,"Emporio Armani Watch For Men Leather Quartz Ar1945, Analog",1,980,980,Net Banking,2024,8,August,Saturday
ORD-2023-02300,16-Nov-23,C0072,P0378,"Champion Hemmed Edge Pants For Men, S, Black",Sportswear,"Champion Hemmed Edge Pants For Men, S, Black",2,159,318,Wallet,2023,11,November,Thursday
ORD-2024-02301,20-Oct-24,C0464,P0104,Hugo Boss Casual Shoe for Men Size 43 EU - Navy,Casual & Dress Shoes,Hugo Boss Casual Shoe for Men Size 43 EU - Navy,3,759,2277,Net Banking,2024,10,October,Sunday
ORD-2024-02302,30-Jul-24,C0248,P0211,"Calvin Klein Cat Eye Sunglasses for Women - Black Lens, CK3206S-001",Eyewear,"Calvin Klein Cat Eye Sunglasses for Women - Black Lens, CK3206S-001",1,950,950,Net Banking,2024,7,July,Tuesday
ORD-2024-02303,13-Oct-24,C0221,P0479,"Diesel Mini Daddy For Men Black Dial Leather Band Watch Dz7307, Japanese Quartz, Analog",Watches,"Diesel Mini Daddy For Men Black Dial Leather Band Watch Dz7307, Japanese Quartz, Analog",2,1100,2200,UPI,2024,10,October,Sunday
ORD-2023-02304,28-Feb-23,C0332,P0387,"Under Armour T-Shirt for Men, Size M - Black",Sportswear,"Under Armour T-Shirt for Men, Size M - Black",1,149,149,Net Banking,2023,2,February,Tuesday
ORD-2023-02305,1-Feb-23,C0662,P0401,Steve Madden Men's Leather Wallets N80058-Black,Wallets,Steve Madden Men's Leather Wallets N80058-Black,4,125,500,Debit Card,2023,2,February,Wednesday
ORD-2024-02306,6-Dec-24,C0514,P0442,Scuderia Ferrari Forza Men's Black Dial Silicone Band Watch - 830576,Watches,Scuderia Ferrari Forza Men's Black Dial Silicone Band Watch - 830576,1,795,795,Net Banking,2024,12,December,Friday
ORD-2023-02307,18-Jun-23,C0188,P0230,"Carrera Sunglasses for Unisex - Black Lens,  1005/S TI7",Eyewear,"Carrera Sunglasses for Unisex - Black Lens,  1005/S TI7",2,750,1500,Net Banking,2023,6,June,Sunday
ORD-2024-02308,14-Jul-24,C0334,P0402,"Tommy Hilfiger Bifold WAllet For Men,LeAther,BlAck",Wallets,"Tommy Hilfiger Bifold WAllet For Men,LeAther,BlAck",1,430,430,Net Banking,2024,7,July,Sunday
ORD-2025-02309,28-Jan-25,C0125,P0388,"Nike 23 Alpha Dry Graphic Basketball Shorts For Men - Multi Color, XL",Sportswear,"Nike 23 Alpha Dry Graphic Basketball Shorts For Men - Multi Color, XL",2,249,498,UPI,2025,1,January,Tuesday
ORD-2023-02310,11-Nov-23,C0661,P0433,"Burberry BU9509 For Women (Analog, Casual Watch), Leather",Watches,"Burberry BU9509 For Women (Analog, Casual Watch), Leather",1,2040,2040,Debit Card,2023,11,November,Saturday
ORD-2024-02311,23-Mar-24,C0658,P0588,Casio Women's Analog Dial Stainless Steel  Band Watch - LTP-1308SG-7AVDF,Watches,Casio Women's Analog Dial Stainless Steel  Band Watch - LTP-1308SG-7AVDF,2,263,526,Net Banking,2024,3,March,Saturday
ORD-2024-02312,5-Oct-24,C0613,P0550,"Swarovski Crystalline Watch for Women Rose Gold Plated Analog, 5269250",Watches,"Swarovski Crystalline Watch for Women Rose Gold Plated Analog, 5269250",5,1997,9985,Credit Card,2024,10,October,Saturday
ORD-2025-02313,3-May-25,C0404,P0444,Hugo Boss Men White Leather Casual Watch - 1513280,Watches,Hugo Boss Men White Leather Casual Watch - 1513280,1,1435,1435,COD,2025,5,May,Saturday
ORD-2023-02314,21-Dec-23,C0219,P0327,"Davidoff The Game for Men - Eau de Toilette, 100ml",Perfumes & Fragrances,"Davidoff The Game for Men - Eau de Toilette, 100ml",3,252,756,Net Banking,2023,12,December,Thursday
ORD-2023-02315,30-Sep-23,C0522,P0175,"Ray Ban Sunglasses for Men - Size 55, Black Frame, 0RB4165 622 2V55",Eyewear,"Ray Ban Sunglasses for Men - Size 55, Black Frame, 0RB4165 622 2V55",10,820,8200,Credit Card,2023,9,September,Saturday
ORD-2024-02316,10-Nov-24,C0110,P0322,"Dunhill Fresh by Dunhill for Men - Eau de Toilette, 100ml",Perfumes & Fragrances,"Dunhill Fresh by Dunhill for Men - Eau de Toilette, 100ml",6,263,1578,UPI,2024,11,November,Sunday
ORD-2024-02317,30-Nov-24,C0438,P0097,"Lacoste Fairlead Fashion Sneakers Shoes For Men, Size 46 EU, Black and Grey",Casual & Dress Shoes,"Lacoste Fairlead Fashion Sneakers Shoes For Men, Size 46 EU, Black and Grey",1,469,469,COD,2024,11,November,Saturday
ORD-2025-02318,24-Jan-25,C0205,P0603,JBW Delmare Men's 4 Genuine Diamonds Silicone Watch - J6359D,Watches,JBW Delmare Men's 4 Genuine Diamonds Silicone Watch - J6359D,4,2624,10496,Debit Card,2025,1,January,Friday
ORD-2022-02319,23-Feb-22,C0497,P0419,guess Men's Wallet 31GUE11028-Brown,Wallets,guess Men's Wallet 31GUE11028-Brown,1,140,140,Net Banking,2022,2,February,Wednesday
ORD-2024-02320,20-Aug-24,C0214,P0224,"Ray-Ban Aviator Unisex Sunglasses - Rb3025-W0879-58-14-135, Green Lens",Eyewear,"Ray-Ban Aviator Unisex Sunglasses - Rb3025-W0879-58-14-135, Green Lens",1,945,945,UPI,2024,8,August,Tuesday
ORD-2023-02321,14-May-23,C0173,P0431,JBW Mondrian Women's 16 Diamonds Rose Gold Dial Stainless Steel Band Watch - J6303C,Watches,JBW Mondrian Women's 16 Diamonds Rose Gold Dial Stainless Steel Band Watch - J6303C,1,2990,2990,UPI,2023,5,May,Sunday
ORD-2023-02322,21-Jul-23,C0277,P0450,"Burberry Watch For Men,Stainless Steel Band, Quartz, BU9351, Analog",Watches,"Burberry Watch For Men,Stainless Steel Band, Quartz, BU9351, Analog",2,2865,5730,Wallet,2023,7,July,Friday
ORD-2023-02323,3-Dec-23,C0556,P0180,"Ray-Ban Junior Unisex's 0RB3647N 90683F 51 Sunglasses, Transparent/Clear Gradient Blue",Eyewear,"Ray-Ban Junior Unisex's 0RB3647N 90683F 51 Sunglasses, Transparent/Clear Gradient Blue",3,820,2460,COD,2023,12,December,Sunday
ORD-2022-02324,8-Feb-22,C0186,P0369,adidas Essentials Plain Sport T-shirt for Men - White,Sportswear,adidas Essentials Plain Sport T-shirt for Men - White,3,100,300,COD,2022,2,February,Tuesday
ORD-2022-02325,13-Dec-22,C0030,P0373,"Adidas W E Lin Slim Tk Tank For Women - Black (Dp2359), S",Sportswear,"Adidas W E Lin Slim Tk Tank For Women - Black (Dp2359), S",1,100,100,Net Banking,2022,12,December,Tuesday
ORD-2022-02326,28-Nov-22,C0021,P0462,Michael Kors Lexington Watch for Men - Analog Stainless Steel Band - MK8344,Watches,Michael Kors Lexington Watch for Men - Analog Stainless Steel Band - MK8344,1,2420,2420,Wallet,2022,11,November,Monday
ORD-2025-02327,23-Mar-25,C0197,P0525,"Diesel Mr. Daddy 2.0 Men'S Black Dial Stainless Steel Band Watch Dz7312, Japanese Quartz, Analog",Watches,"Diesel Mr. Daddy 2.0 Men'S Black Dial Stainless Steel Band Watch Dz7312, Japanese Quartz, Analog",4,1502,6008,Wallet,2025,3,March,Sunday
ORD-2023-02328,16-Dec-23,C0598,P0548,"Casio for Men - Analog Stainless Steel Band Watch - MTP-1183A-2A, Quartz",Watches,"Casio for Men - Analog Stainless Steel Band Watch - MTP-1183A-2A, Quartz",1,138,138,UPI,2023,12,December,Saturday
ORD-2024-02329,22-Aug-24,C0466,P0117,"Lacoste Fairlead Fashion Sneakers Shoes for Men, Size 43 EU, White and Beige",Casual & Dress Shoes,"Lacoste Fairlead Fashion Sneakers Shoes for Men, Size 43 EU, White and Beige",1,469,469,Wallet,2024,8,August,Thursday
ORD-2022-02330,7-Oct-22,C0530,P0199,"Ray-Ban 0rb3647n Non-Polarized Iridium Round Sunglasses, Gold, 51 mm",Eyewear,"Ray-Ban 0rb3647n Non-Polarized Iridium Round Sunglasses, Gold, 51 mm",1,1270,1270,Net Banking,2022,10,October,Friday
ORD-2025-02331,27-Apr-25,C0207,P0515,Michael Kors Parker Women's Pink Dial Stainless Steel Band Chronograph Watch - MK6140,Watches,Michael Kors Parker Women's Pink Dial Stainless Steel Band Chronograph Watch - MK6140,3,909,2727,COD,2025,4,April,Sunday
ORD-2024-02332,29-Mar-24,C0033,P0212,"Emporio Armani Square Sunglasses For Men - Blue, EA4117 570380 57",Eyewear,"Emporio Armani Square Sunglasses For Men - Blue, EA4117 570380 57",1,780,780,Net Banking,2024,3,March,Friday
ORD-2023-02333,30-Jun-23,C0566,P0278,"Oakley Round Sunglasses For Men, Silver, 0OO9265 92652153",Eyewear,"Oakley Round Sunglasses For Men, Silver, 0OO9265 92652153",3,1000,3000,COD,2023,6,June,Friday
ORD-2022-02334,26-Feb-22,C0123,P0531,"Burgi Women's Mother of Pearl Dial Leather Band Watch - BUR087BU, Analog, Swiss Quartz",Watches,"Burgi Women's Mother of Pearl Dial Leather Band Watch - BUR087BU, Analog, Swiss Quartz",1,2240,2240,Net Banking,2022,2,February,Saturday
ORD-2022-02335,20-Dec-22,C0198,P0012,"Adidas VS Pace Nubuck Contrast Side Stripe Sport Sneakers for Men - White, 43 1/3",Athletic Shoes,"Adidas VS Pace Nubuck Contrast Side Stripe Sport Sneakers for Men - White, 43 1/3",2,259,518,Debit Card,2022,12,December,Tuesday
ORD-2023-02336,7-Mar-23,C0655,P0163,"Polaroid Sunglass for Men , Grey Lens , PLD 2059/S 003 60",Eyewear,"Polaroid Sunglass for Men , Grey Lens , PLD 2059/S 003 60",2,280,560,Net Banking,2023,3,March,Tuesday
ORD-2025-02337,5-Mar-25,C0128,P0165,"Ray Ban Aviator Sunglasses For Unisex - Brown Gradient Lens, Rb4147/710/51, 60-15-145, 145 mm",Eyewear,"Ray Ban Aviator Sunglasses For Unisex - Brown Gradient Lens, Rb4147/710/51, 60-15-145, 145 mm",1,945,945,Net Banking,2025,3,March,Wednesday
ORD-2022-02338,20-Jul-22,C0098,P0063,"Skechers GO WALK 5 Sneaker for Men , Size 43.5 EU , Grey",Athletic Shoes,"Skechers GO WALK 5 Sneaker for Men , Size 43.5 EU , Grey",2,289,578,Credit Card,2022,7,July,Wednesday
ORD-2024-02339,14-Dec-24,C0360,P0601,JBW Caden 0.08 ctw Diamond Men's Green Dial Genuine Leather Band Watch - J6374A,Watches,JBW Caden 0.08 ctw Diamond Men's Green Dial Genuine Leather Band Watch - J6374A,1,1499,1499,Debit Card,2024,12,December,Saturday
ORD-2024-02340,12-Dec-24,C0665,P0462,Michael Kors Lexington Watch for Men - Analog Stainless Steel Band - MK8344,Watches,Michael Kors Lexington Watch for Men - Analog Stainless Steel Band - MK8344,2,2420,4840,UPI,2024,12,December,Thursday
ORD-2023-02341,26-Dec-23,C0061,P0484,"Casio Analog, Casual Watch For Men - MTP-1314D-1A, Stainless Steel",Watches,"Casio Analog, Casual Watch For Men - MTP-1314D-1A, Stainless Steel",4,1626.78,6507.12,Net Banking,2023,12,December,Tuesday
ORD-2025-02342,25-Apr-25,C0037,P0446,"Casio Men's Ana-Digi Dial Resin Band Watch - AQ-S810W-2AV, Quartz",Watches,"Casio Men's Ana-Digi Dial Resin Band Watch - AQ-S810W-2AV, Quartz",1,208,208,Debit Card,2025,4,April,Friday
ORD-2024-02343,29-Dec-24,C0529,P0017,"Skechers GO WALK 5 Sneaker for Men , Size 43 EU , Black",Athletic Shoes,"Skechers GO WALK 5 Sneaker for Men , Size 43 EU , Black",1,349,349,Debit Card,2024,12,December,Sunday
ORD-2024-02344,28-Nov-24,C0221,P0373,"Adidas W E Lin Slim Tk Tank For Women - Black (Dp2359), S",Sportswear,"Adidas W E Lin Slim Tk Tank For Women - Black (Dp2359), S",1,100,100,Debit Card,2024,11,November,Thursday
ORD-2024-02345,8-Jun-24,C0206,P0590,"Emporio Armani Men'S Blue Dial Leather Band Watch Ar2479, Quartz, Analog",Watches,"Emporio Armani Men'S Blue Dial Leather Band Watch Ar2479, Quartz, Analog",1,1038,1038,UPI,2024,6,June,Saturday
ORD-2024-02346,28-Nov-24,C0088,P0208,"Calvin Klein Round Sunglasses for Men - Blue lens, CK18104S-045",Eyewear,"Calvin Klein Round Sunglasses for Men - Blue lens, CK18104S-045",3,890,2670,Debit Card,2024,11,November,Thursday
ORD-2024-02347,7-Mar-24,C0149,P0358,"Fatale by Agent Provocateur for Women - Eau de Parfum, 50ml",Perfumes & Fragrances,"Fatale by Agent Provocateur for Women - Eau de Parfum, 50ml",2,1669.3,3338.6,UPI,2024,3,March,Thursday
ORD-2022-02348,8-Mar-22,C0160,P0521,"Casio Watch For Men Stainless Steel Mtp 1374D 2Avdf, Analog",Watches,"Casio Watch For Men Stainless Steel Mtp 1374D 2Avdf, Analog",3,374,1122,UPI,2022,3,March,Tuesday
ORD-2022-02349,6-Mar-22,C0498,P0511,Timberland Templeton Men's White Dial Leather Band Watch - TBL14811JSU-07,Watches,Timberland Templeton Men's White Dial Leather Band Watch - TBL14811JSU-07,1,938,938,Credit Card,2022,3,March,Sunday
ORD-2023-02350,6-Nov-23,C0543,P0217,"Carrera Sunglasses For Unisex, Gold Lens, Carrera1005/S, Aviator Frame",Eyewear,"Carrera Sunglasses For Unisex, Gold Lens, Carrera1005/S, Aviator Frame",2,560,1120,Net Banking,2023,11,November,Monday
ORD-2022-02351,20-Nov-22,C0618,P0417,guess Men's Wallet 31GUE11028-Black,Wallets,guess Men's Wallet 31GUE11028-Black,2,140,280,Credit Card,2022,11,November,Sunday
ORD-2022-02352,24-Oct-22,C0387,P0411,"DOWNTOWN MINI CC WALLET Men’s Purse, Multicolour (Testa Di Moro), 0.1x0.1x0.1 centimeters (B x H x T)",Wallets,"DOWNTOWN MINI CC WALLET Men’s Purse, Multicolour (Testa Di Moro), 0.1x0.1x0.1 centimeters (B x H x T)",3,399,1197,Net Banking,2022,10,October,Monday
ORD-2024-02353,14-Oct-24,C0069,P0385,"Puma Lifestyle Sport Tights For Women , Black , L",Sportswear,"Puma Lifestyle Sport Tights For Women , Black , L",3,269,807,Net Banking,2024,10,October,Monday
ORD-2024-02354,6-Jun-24,C0004,P0570,"JBW Watch For men With 16 Diamonds, JB-8102-B",Watches,"JBW Watch For men With 16 Diamonds, JB-8102-B",1,5061,5061,Net Banking,2024,6,June,Thursday
ORD-2024-02355,31-Dec-24,C0659,P0562,JBW Vanquish Men's Silver Pave Dial Stainless Steel Band Chronograph Watch - J6337C,Watches,JBW Vanquish Men's Silver Pave Dial Stainless Steel Band Chronograph Watch - J6337C,1,5231,5231,Net Banking,2024,12,December,Tuesday
ORD-2023-02356,15-Nov-23,C0315,P0123,Lacoste Casual Shoe for Men Size 44 EU - White,Casual & Dress Shoes,Lacoste Casual Shoe for Men Size 44 EU - White,1,359,359,Debit Card,2023,11,November,Wednesday
ORD-2024-02357,14-Dec-24,C0604,P0073,Ellesse Classic Shoe For Women (Black - 39 EU),Athletic Shoes,Ellesse Classic Shoe For Women (Black - 39 EU),2,279,558,Debit Card,2024,12,December,Saturday
ORD-2024-02358,8-Feb-24,C0426,P0368,Adidas Must Haves 3-Stripes Sport T-Shirt for Men - Black & White,Sportswear,Adidas Must Haves 3-Stripes Sport T-Shirt for Men - Black & White,4,140,560,UPI,2024,2,February,Thursday
ORD-2025-02359,28-Jun-25,C0522,P0090,"Nike Acalme Nylon-Mesh Contrast Side Logo Suede Heel-Tab Training Shoes for Men - Black & White, 44.5",Athletic Shoes,"Nike Acalme Nylon-Mesh Contrast Side Logo Suede Heel-Tab Training Shoes for Men - Black & White, 44.5",4,3153.22,12612.88,Net Banking,2025,6,June,Saturday
ORD-2023-02360,26-Oct-23,C0486,P0414,Levi's 31LV240021 RFID Tri-Fold Wallet BROWN,Wallets,Levi's 31LV240021 RFID Tri-Fold Wallet BROWN,1,110,110,COD,2023,10,October,Thursday
ORD-2022-02361,3-Jun-22,C0290,P0039,Nike Md Runner 2 Running Shoes for Men - Black/White (43 EU),Athletic Shoes,Nike Md Runner 2 Running Shoes for Men - Black/White (43 EU),3,399,1197,UPI,2022,6,June,Friday
ORD-2022-02362,24-Jul-22,C0262,P0505,Lacoste Legacy Men's Black Dial Leather Band Watch - 2010982,Watches,Lacoste Legacy Men's Black Dial Leather Band Watch - 2010982,1,855,855,COD,2022,7,July,Sunday
ORD-2024-02363,21-Apr-24,C0302,P0015,"adidas ASWEERUN Sneaker for Mens, Black - Size 42 EU",Athletic Shoes,"adidas ASWEERUN Sneaker for Mens, Black - Size 42 EU",2,259,518,Credit Card,2024,4,April,Sunday
ORD-2025-02364,28-Jun-25,C0575,P0261,"Polaroid Kids' PLD 8016/N K7 SED Sunglasses, Havana Green Grey Speckled Pz, 48",Eyewear,"Polaroid Kids' PLD 8016/N K7 SED Sunglasses, Havana Green Grey Speckled Pz, 48",1,250,250,Net Banking,2025,6,June,Saturday
ORD-2025-02365,1-Jan-25,C0292,P0165,"Ray Ban Aviator Sunglasses For Unisex - Brown Gradient Lens, Rb4147/710/51, 60-15-145, 145 mm",Eyewear,"Ray Ban Aviator Sunglasses For Unisex - Brown Gradient Lens, Rb4147/710/51, 60-15-145, 145 mm",2,945,1890,Wallet,2025,1,January,Wednesday
ORD-2023-02366,10-Jan-23,C0297,P0271,"Ray-Ban Men's 0RB4346 Sunglasses, Negro, 51",Eyewear,"Ray-Ban Men's 0RB4346 Sunglasses, Negro, 51",2,1170,2340,Credit Card,2023,1,January,Tuesday
ORD-2023-02367,19-Nov-23,C0129,P0191,"Ray-Ban Sunglasses For Men - Grey, 3553I, 59, 6, 8G",Eyewear,"Ray-Ban Sunglasses For Men - Grey, 3553I, 59, 6, 8G",1,525,525,UPI,2023,11,November,Sunday
ORD-2024-02368,14-Sep-24,C0021,P0508,"Akribos XXIV Women's Gold Dial Mixed Material Band Watch Set - AK738YG, Analog, Swiss Quartz and Japanese Quartz",Watches,"Akribos XXIV Women's Gold Dial Mixed Material Band Watch Set - AK738YG, Analog, Swiss Quartz and Japanese Quartz",1,2990,2990,UPI,2024,9,September,Saturday
ORD-2024-02369,25-Jun-24,C0081,P0596,Scuderia Ferrari Men's Grey  Dial Color Rubber Band Watch - 830342,Watches,Scuderia Ferrari Men's Grey  Dial Color Rubber Band Watch - 830342,2,1045,2090,COD,2024,6,June,Tuesday
ORD-2023-02370,6-May-23,C0490,P0358,"Fatale by Agent Provocateur for Women - Eau de Parfum, 50ml",Perfumes & Fragrances,"Fatale by Agent Provocateur for Women - Eau de Parfum, 50ml",1,1684.56,1684.56,Debit Card,2023,5,May,Saturday
ORD-2024-02371,2-Nov-24,C0481,P0171,CARRERA Men's Sunglasses Rectangular 130/S - Gold,Eyewear,CARRERA Men's Sunglasses Rectangular 130/S - Gold,2,750,1500,Net Banking,2024,11,November,Saturday
ORD-2022-02372,12-Nov-22,C0238,P0148,"Ray-Ban Rectangular Unisex Sunglasses - Rb4165 601/71 54-16, Green Lens, Rectangle Frame",Eyewear,"Ray-Ban Rectangular Unisex Sunglasses - Rb4165 601/71 54-16, Green Lens, Rectangle Frame",1,725,725,COD,2022,11,November,Saturday
ORD-2023-02373,23-Aug-23,C0531,P0493,"Casio F-200W-2ADF For Men- Digital, Casual Watch, Resin, Quartz",Watches,"Casio F-200W-2ADF For Men- Digital, Casual Watch, Resin, Quartz",10,84,840,UPI,2023,8,August,Wednesday
ORD-2024-02374,1-Sep-24,C0010,P0285,"Guess Cat Eye Women's Sunglasses - Gu7485-56F-51 - 51-25- 135 mm, Brown Lens",Eyewear,"Guess Cat Eye Women's Sunglasses - Gu7485-56F-51 - 51-25- 135 mm, Brown Lens",3,600,1800,Net Banking,2024,9,September,Sunday
ORD-2022-02375,14-Sep-22,C0574,P0248,"Salvatore Ferragamo Women's Sunglasses - Sf879S-213 53, 150 mm, Black Lens, Square Frame",Eyewear,"Salvatore Ferragamo Women's Sunglasses - Sf879S-213 53, 150 mm, Black Lens, Square Frame",1,1490,1490,COD,2022,9,September,Wednesday
ORD-2022-02376,13-Nov-22,C0560,P0541,"Fossil Pilot 54 Men'S Black Dial Leather Band Chronograph Watch Fs5157, Quartz, Analog",Watches,"Fossil Pilot 54 Men'S Black Dial Leather Band Chronograph Watch Fs5157, Quartz, Analog",1,670,670,Wallet,2022,11,November,Sunday
ORD-2024-02377,15-Sep-24,C0335,P0274,"Puma Sunglass For Men - Pu0016S_005, Blue Lens, Square Frame",Eyewear,"Puma Sunglass For Men - Pu0016S_005, Blue Lens, Square Frame",5,365,1825,Wallet,2024,9,September,Sunday
ORD-2024-02378,22-Jul-24,C0182,P0514,"Emporio Armani Casual Watch for Men - Stainless Steel, Analog - AR1933",Watches,"Emporio Armani Casual Watch for Men - Stainless Steel, Analog - AR1933",8,1360,10880,COD,2024,7,July,Monday
ORD-2023-02379,16-Jul-23,C0431,P0335,"Fendi Furiosa for Women - Eau de Parfum, 50ml",Perfumes & Fragrances,"Fendi Furiosa for Women - Eau de Parfum, 50ml",3,439,1317,Debit Card,2023,7,July,Sunday
ORD-2025-02380,21-Jan-25,C0527,P0206,Lacoste Men's Sunglasses Rectangular Petit Pique Black,Eyewear,Lacoste Men's Sunglasses Rectangular Petit Pique Black,2,793,1586,Credit Card,2025,1,January,Tuesday
ORD-2024-02381,8-Feb-24,C0532,P0448,Hugo Boss Rafale Men's White Dial Leather Band Watch - 1513403,Watches,Hugo Boss Rafale Men's White Dial Leather Band Watch - 1513403,1,1195,1195,COD,2024,2,February,Thursday
ORD-2023-02382,12-Sep-23,C0521,P0606,"T5 Watch For Men [Rubber,Chronograph]-H3397G-B",Watches,"T5 Watch For Men [Rubber,Chronograph]-H3397G-B",1,440,440,UPI,2023,9,September,Tuesday
ORD-2022-02383,5-Mar-22,C0245,P0550,"Swarovski Crystalline Watch for Women Rose Gold Plated Analog, 5269250",Watches,"Swarovski Crystalline Watch for Women Rose Gold Plated Analog, 5269250",2,1997,3994,UPI,2022,3,March,Saturday
ORD-2024-02384,20-Dec-24,C0289,P0081,"Asics Gel-Kayano 5.1 Sneakers for Men, White, 42 EU",Athletic Shoes,"Asics Gel-Kayano 5.1 Sneakers for Men, White, 42 EU",1,379,379,COD,2024,12,December,Friday
ORD-2022-02385,30-May-22,C0110,P0092,"Nike Court Vision Low Faux Leather Contrast Side Logo Perforated Upper Training Shoes for Men - Gym Red, 44.5",Athletic Shoes,"Nike Court Vision Low Faux Leather Contrast Side Logo Perforated Upper Training Shoes for Men - Gym Red, 44.5",2,3489.68,6979.36,Credit Card,2022,5,May,Monday
ORD-2025-02386,24-May-25,C0167,P0433,"Burberry BU9509 For Women (Analog, Casual Watch), Leather",Watches,"Burberry BU9509 For Women (Analog, Casual Watch), Leather",2,2040,4080,Debit Card,2025,5,May,Saturday
ORD-2023-02387,15-Mar-23,C0381,P0241,"Ray-Ban Sunglasses for Man , Lens Color Dark Green , 0RB3654 60 002/71",Eyewear,"Ray-Ban Sunglasses for Man , Lens Color Dark Green , 0RB3654 60 002/71",1,1060,1060,Debit Card,2023,3,March,Wednesday
ORD-2022-02388,3-Nov-22,C0137,P0401,Steve Madden Men's Leather Wallets N80058-Black,Wallets,Steve Madden Men's Leather Wallets N80058-Black,2,125,250,COD,2022,11,November,Thursday
ORD-2025-02389,14-Apr-25,C0171,P0267,"Ray-Ban Sunglasses For Men, Size 51 mm, 4246, 51, 990, N.C, Green Lens, Round Frame",Eyewear,"Ray-Ban Sunglasses For Men, Size 51 mm, 4246, 51, 990, N.C, Green Lens, Round Frame",2,790,1580,Credit Card,2025,4,April,Monday
ORD-2024-02390,12-Dec-24,C0148,P0081,"Asics Gel-Kayano 5.1 Sneakers for Men, White, 42 EU",Athletic Shoes,"Asics Gel-Kayano 5.1 Sneakers for Men, White, 42 EU",3,379,1137,COD,2024,12,December,Thursday
ORD-2023-02391,14-Nov-23,C0383,P0087,"Asics Gel-Saga SOU Sneakers for Women, White, 39 EU",Athletic Shoes,"Asics Gel-Saga SOU Sneakers for Women, White, 39 EU",2,339,678,Credit Card,2023,11,November,Tuesday
ORD-2022-02392,19-Jun-22,C0510,P0248,"Salvatore Ferragamo Women's Sunglasses - Sf879S-213 53, 150 mm, Black Lens, Square Frame",Eyewear,"Salvatore Ferragamo Women's Sunglasses - Sf879S-213 53, 150 mm, Black Lens, Square Frame",2,1490,2980,Credit Card,2022,6,June,Sunday
ORD-2022-02393,16-Nov-22,C0338,P0521,"Casio Watch For Men Stainless Steel Mtp 1374D 2Avdf, Analog",Watches,"Casio Watch For Men Stainless Steel Mtp 1374D 2Avdf, Analog",2,374,748,Debit Card,2022,11,November,Wednesday
ORD-2023-02394,14-Jun-23,C0299,P0492,Ferrari Casual Watch For Men Analog Leather - 830388,Watches,Ferrari Casual Watch For Men Analog Leather - 830388,1,1045,1045,Credit Card,2023,6,June,Wednesday
ORD-2024-02395,25-Apr-24,C0217,P0475,Ferrari Pilota Men's Black Dial Stainless Steel Watch - 830389,Watches,Ferrari Pilota Men's Black Dial Stainless Steel Watch - 830389,1,397.09,397.09,Wallet,2024,4,April,Thursday
ORD-2022-02396,7-Oct-22,C0164,P0525,"Diesel Mr. Daddy 2.0 Men'S Black Dial Stainless Steel Band Watch Dz7312, Japanese Quartz, Analog",Watches,"Diesel Mr. Daddy 2.0 Men'S Black Dial Stainless Steel Band Watch Dz7312, Japanese Quartz, Analog",1,1502,1502,Credit Card,2022,10,October,Friday
ORD-2023-02397,6-Oct-23,C0323,P0151,"Polaroid Sunglasses For Women, Grey, Oval Frame",Eyewear,"Polaroid Sunglasses For Women, Grey, Oval Frame",4,250,1000,Net Banking,2023,10,October,Friday
ORD-2023-02398,30-Sep-23,C0329,P0226,"Ray Ban Sunglasses, Unisex, Black, 4253, 50, 601, 71, Round Frame",Eyewear,"Ray Ban Sunglasses, Unisex, Black, 4253, 50, 601, 71, Round Frame",1,850,850,COD,2023,9,September,Saturday
ORD-2023-02399,7-Nov-23,C0631,P0280,"Ray-Ban Half Frame Unisex Sunglasses - 4280 6289/B7 55, Blue Lens",Eyewear,"Ray-Ban Half Frame Unisex Sunglasses - 4280 6289/B7 55, Blue Lens",2,994,1988,Wallet,2023,11,November,Tuesday
ORD-2023-02400,7-Dec-23,C0313,P0200,Polaroid P4139 Sunglasses,Eyewear,Polaroid P4139 Sunglasses,1,350,350,Net Banking,2023,12,December,Thursday
ORD-2023-02401,6-Mar-23,C0508,P0515,Michael Kors Parker Women's Pink Dial Stainless Steel Band Chronograph Watch - MK6140,Watches,Michael Kors Parker Women's Pink Dial Stainless Steel Band Chronograph Watch - MK6140,1,909,909,Debit Card,2023,3,March,Monday
ORD-2022-02402,5-May-22,C0201,P0065,"Nike Flexmethod Tr Nylon-Mesh Back Rubber Detail Training Shoes with Pull-Tab for Men - Wolf Grey, 43",Athletic Shoes,"Nike Flexmethod Tr Nylon-Mesh Back Rubber Detail Training Shoes with Pull-Tab for Men - Wolf Grey, 43",3,850.78,2552.34,UPI,2022,5,May,Thursday
ORD-2022-02403,1-May-22,C0425,P0419,guess Men's Wallet 31GUE11028-Brown,Wallets,guess Men's Wallet 31GUE11028-Brown,2,140,280,Wallet,2022,5,May,Sunday
ORD-2022-02404,11-Jun-22,C0358,P0580,"August Steiner Men's Black Dial Stainless Steel Band Watch - AS8050RG, Analog, Swiss Quartz",Watches,"August Steiner Men's Black Dial Stainless Steel Band Watch - AS8050RG, Analog, Swiss Quartz",3,1490,4470,COD,2022,6,June,Saturday
ORD-2024-02405,26-Jan-24,C0285,P0501,JBW Mondrain for Women - Dress Stainless Steel Band Watch - J6303G,Watches,JBW Mondrain for Women - Dress Stainless Steel Band Watch - J6303G,5,2990,14950,Debit Card,2024,1,January,Friday
ORD-2023-02406,18-Jan-23,C0016,P0197,"Ray-Ban Aviator Unisex Sunglasses - Rb3025-001/58-62 - 62-14-140 mm , Polarized Lens",Eyewear,"Ray-Ban Aviator Unisex Sunglasses - Rb3025-001/58-62 - 62-14-140 mm , Polarized Lens",4,980,3920,Credit Card,2023,1,January,Wednesday
ORD-2022-02407,7-Sep-22,C0187,P0542,"JBW The G4 Calfskin Leather Band Men's Watch, 16 Diamonds, Swiss Multi-Function Movement (J6248LM)",Watches,"JBW The G4 Calfskin Leather Band Men's Watch, 16 Diamonds, Swiss Multi-Function Movement (J6248LM)",6,4481,26886,Net Banking,2022,9,September,Wednesday
ORD-2025-02408,13-Apr-25,C0176,P0322,"Dunhill Fresh by Dunhill for Men - Eau de Toilette, 100ml",Perfumes & Fragrances,"Dunhill Fresh by Dunhill for Men - Eau de Toilette, 100ml",2,263,526,COD,2025,4,April,Sunday
ORD-2023-02409,15-Dec-23,C0341,P0036,Nike Tanjun Running Shoe For Men (Black - 42 EU),Athletic Shoes,Nike Tanjun Running Shoe For Men (Black - 42 EU),3,349,1047,UPI,2023,12,December,Friday
ORD-2025-02410,19-Jan-25,C0658,P0054,"Nike Air Zoom Vomero 14 Running Sneakers for Men , Black , Size 44 EU",Athletic Shoes,"Nike Air Zoom Vomero 14 Running Sneakers for Men , Black , Size 44 EU",1,709,709,Debit Card,2025,1,January,Sunday
ORD-2023-02411,31-May-23,C0415,P0590,"Emporio Armani Men'S Blue Dial Leather Band Watch Ar2479, Quartz, Analog",Watches,"Emporio Armani Men'S Blue Dial Leather Band Watch Ar2479, Quartz, Analog",9,1038,9342,Credit Card,2023,5,May,Wednesday
ORD-2023-02412,5-Oct-23,C0235,P0387,"Under Armour T-Shirt for Men, Size M - Black",Sportswear,"Under Armour T-Shirt for Men, Size M - Black",1,149,149,Credit Card,2023,10,October,Thursday
ORD-2024-02413,1-May-24,C0189,P0037,Nike Flex Essential Training Shoes for Women (Black - 38 EU),Athletic Shoes,Nike Flex Essential Training Shoes for Women (Black - 38 EU),3,309,927,Wallet,2024,5,May,Wednesday
ORD-2024-02414,10-Nov-24,C0567,P0035,Asics Jolt 2 Sneaker for Men Black 43.5 EU,Athletic Shoes,Asics Jolt 2 Sneaker for Men Black 43.5 EU,2,209,418,Debit Card,2024,11,November,Sunday
ORD-2023-02415,25-Feb-23,C0109,P0254,"Ray-Ban Round Unisex Sunglasses - 4257 6092/55 53, Blue Lens",Eyewear,"Ray-Ban Round Unisex Sunglasses - 4257 6092/55 53, Blue Lens",1,890,890,Debit Card,2023,2,February,Saturday
ORD-2022-02416,30-Jul-22,C0546,P0222,"Polaroid Men's PLD 2017/S Y2 KJ1 62 Sunglasses, Dark Ruthenium/Grey Pz",Eyewear,"Polaroid Men's PLD 2017/S Y2 KJ1 62 Sunglasses, Dark Ruthenium/Grey Pz",1,250,250,COD,2022,7,July,Saturday
ORD-2025-02417,18-Feb-25,C0621,P0341,"Bebe Glam for Women - Eau de Parfum, 100ml",Perfumes & Fragrances,"Bebe Glam for Women - Eau de Parfum, 100ml",1,170,170,Debit Card,2025,2,February,Tuesday
ORD-2023-02418,31-Dec-23,C0336,P0116,Lacoste Casual Shoe for Men Size 43 EU - Navy,Casual & Dress Shoes,Lacoste Casual Shoe for Men Size 43 EU - Navy,1,539,539,Net Banking,2023,12,December,Sunday
ORD-2024-02419,15-Nov-24,C0106,P0171,CARRERA Men's Sunglasses Rectangular 130/S - Gold,Eyewear,CARRERA Men's Sunglasses Rectangular 130/S - Gold,1,750,750,COD,2024,11,November,Friday
ORD-2022-02420,29-May-22,C0072,P0099,"Lacoste Jouer Fashion Sneakers Shoes for Men, Size 42 EU, Navy and White",Casual & Dress Shoes,"Lacoste Jouer Fashion Sneakers Shoes for Men, Size 42 EU, Navy and White",2,459,918,Credit Card,2022,5,May,Sunday
ORD-2024-02421,16-Oct-24,C0378,P0158,Ray-Ban Aviator Unisex Sunglasses - RB3025-004-58-58,Eyewear,Ray-Ban Aviator Unisex Sunglasses - RB3025-004-58-58,1,900,900,Net Banking,2024,10,October,Wednesday
ORD-2022-02422,16-Apr-22,C0576,P0093,"Skechers BOUNDER Sneaker for Men , Size 42.5 EU , Black",Athletic Shoes,"Skechers BOUNDER Sneaker for Men , Size 42.5 EU , Black",1,4928,4928,Net Banking,2022,4,April,Saturday
ORD-2022-02423,18-Nov-22,C0049,P0433,"Burberry BU9509 For Women (Analog, Casual Watch), Leather",Watches,"Burberry BU9509 For Women (Analog, Casual Watch), Leather",2,2040,4080,Wallet,2022,11,November,Friday
ORD-2025-02424,25-Feb-25,C0026,P0455,"Akribos XXIV Men's Silver Dial Stainless Steel Band Watch - AK813SS, Analog, Swiss Quartz",Watches,"Akribos XXIV Men's Silver Dial Stainless Steel Band Watch - AK813SS, Analog, Swiss Quartz",1,2610,2610,Net Banking,2025,2,February,Tuesday
ORD-2024-02425,20-Oct-24,C0660,P0527,Tissot T055.217.16.033.01 For Men Analog Casual Watch Leather,Watches,Tissot T055.217.16.033.01 For Men Analog Casual Watch Leather,6,1840,11040,Debit Card,2024,10,October,Sunday
ORD-2023-02426,7-Dec-23,C0361,P0362,"Under Armour T-Shirt for Men, Size L - Grey",Sportswear,"Under Armour T-Shirt for Men, Size L - Grey",1,139,139,UPI,2023,12,December,Thursday
ORD-2025-02427,9-Apr-25,C0143,P0398,guess Men's Wallet 31GUE13143-Black,Wallets,guess Men's Wallet 31GUE13143-Black,3,160,480,Credit Card,2025,4,April,Wednesday
ORD-2022-02428,20-Nov-22,C0243,P0510,JBW Women's Mondrian Jewelry Set 0.16 ctw Diamond 18k Gold-plated Stainless Steel Watch - J6303-SetB,Watches,JBW Women's Mondrian Jewelry Set 0.16 ctw Diamond 18k Gold-plated Stainless Steel Watch - J6303-SetB,2,4776.74,9553.48,COD,2022,11,November,Sunday
ORD-2023-02429,25-Feb-23,C0065,P0588,Casio Women's Analog Dial Stainless Steel  Band Watch - LTP-1308SG-7AVDF,Watches,Casio Women's Analog Dial Stainless Steel  Band Watch - LTP-1308SG-7AVDF,3,263,789,Net Banking,2023,2,February,Saturday
ORD-2024-02430,20-Apr-24,C0632,P0419,guess Men's Wallet 31GUE11028-Brown,Wallets,guess Men's Wallet 31GUE11028-Brown,2,140,280,UPI,2024,4,April,Saturday
ORD-2024-02431,16-May-24,C0044,P0225,"Ray Ban Sunglasses For Unisex, Brown, 0Rb4340 710/5150, Square Frame",Eyewear,"Ray Ban Sunglasses For Unisex, Brown, 0Rb4340 710/5150, Square Frame",1,1130,1130,Debit Card,2024,5,May,Thursday
ORD-2024-02432,10-Feb-24,C0173,P0504,"Emporio Armani Men'S Black Dial Leather Band Watch Ar2482, Quartz, Analog",Watches,"Emporio Armani Men'S Black Dial Leather Band Watch Ar2482, Quartz, Analog",4,1095,4380,Net Banking,2024,2,February,Saturday
ORD-2024-02433,11-Aug-24,C0612,P0351,"Joop! Homme for Men - Eau de Toilette, 125ml",Perfumes & Fragrances,"Joop! Homme for Men - Eau de Toilette, 125ml",2,126,252,Credit Card,2024,8,August,Sunday
ORD-2022-02434,4-Jul-22,C0315,P0117,"Lacoste Fairlead Fashion Sneakers Shoes for Men, Size 43 EU, White and Beige",Casual & Dress Shoes,"Lacoste Fairlead Fashion Sneakers Shoes for Men, Size 43 EU, White and Beige",3,469,1407,Credit Card,2022,7,July,Monday
ORD-2022-02435,30-Jul-22,C0481,P0032,"Nike Fitness Shoes For Men , 42.5 EU , Gray",Athletic Shoes,"Nike Fitness Shoes For Men , 42.5 EU , Gray",2,579,1158,COD,2022,7,July,Saturday
ORD-2023-02436,10-Jul-23,C0234,P0077,"Asics GEL-Lyte V Sanze Sneakers for Unisex, Sand, 44 EU",Athletic Shoes,"Asics GEL-Lyte V Sanze Sneakers for Unisex, Sand, 44 EU",1,449,449,Net Banking,2023,7,July,Monday
ORD-2025-02437,9-Jan-25,C0202,P0026,"Nike SB ALLEYOOP Sneaker for Mens, Black, 42 EU",Athletic Shoes,"Nike SB ALLEYOOP Sneaker for Mens, Black, 42 EU",3,349,1047,Net Banking,2025,1,January,Thursday
ORD-2024-02438,1-Feb-24,C0441,P0107,"Polo Ralph Lauren Hanford Sneakers for Men, Black - 43 EU",Casual & Dress Shoes,"Polo Ralph Lauren Hanford Sneakers for Men, Black - 43 EU",3,269,807,Debit Card,2024,2,February,Thursday
ORD-2024-02439,17-Nov-24,C0455,P0416,Levi's Men's Trifold Wallet [31LV1179],Wallets,Levi's Men's Trifold Wallet [31LV1179],1,120,120,Wallet,2024,11,November,Sunday
ORD-2025-02440,15-Feb-25,C0237,P0005,"adidas ASWEERUN Sneaker for Mens, Grey - Size 43.3 EU",Athletic Shoes,"adidas ASWEERUN Sneaker for Mens, Grey - Size 43.3 EU",1,259,259,Credit Card,2025,2,February,Saturday
ORD-2022-02441,14-May-22,C0446,P0413,"Calvin Klein Elevated Slimfold 6cc, Men’s Credit Card Case, Black, 8.6x1.8x10.199999999999999 cm (B x H T)",Wallets,"Calvin Klein Elevated Slimfold 6cc, Men’s Credit Card Case, Black, 8.6x1.8x10.199999999999999 cm (B x H T)",3,250,750,Credit Card,2022,5,May,Saturday
ORD-2022-02442,30-Jul-22,C0400,P0277,"Ray-Ban Round Sunglasses For Unisex - Brown, 4296, 51, 6331, 83",Eyewear,"Ray-Ban Round Sunglasses For Unisex - Brown, 4296, 51, 6331, 83",2,1060,2120,Debit Card,2022,7,July,Saturday
ORD-2022-02443,16-Jun-22,C0133,P0324,"Jaguar Classic Gold for Men - Eau de Toilette, 100ml",Perfumes & Fragrances,"Jaguar Classic Gold for Men - Eau de Toilette, 100ml",1,231,231,COD,2022,6,June,Thursday
ORD-2023-02444,5-Oct-23,C0425,P0593,"Esprit Casual Watch for Women , Digital , Stainless Steel Band , ES1L036M0085",Watches,"Esprit Casual Watch for Women , Digital , Stainless Steel Band , ES1L036M0085",2,437,874,Wallet,2023,10,October,Thursday
ORD-2023-02445,12-Dec-23,C0038,P0569,Casio Men Black Dial Resin Band Watch aeq-110bw-9a,Watches,Casio Men Black Dial Resin Band Watch aeq-110bw-9a,1,313.95,313.95,UPI,2023,12,December,Tuesday
ORD-2022-02446,10-Jul-22,C0449,P0074,"Asics Gel Kayano 25 SP Sneaker for Women, Black/Pink, 37 EU",Athletic Shoes,"Asics Gel Kayano 25 SP Sneaker for Women, Black/Pink, 37 EU",1,749,749,Wallet,2022,7,July,Sunday
ORD-2024-02447,14-Sep-24,C0661,P0184,"Ray-Ban Aviator Unisex Sunglasses - Rb3025-001-58 58, Green Lens",Eyewear,"Ray-Ban Aviator Unisex Sunglasses - Rb3025-001-58 58, Green Lens",1,970,970,Credit Card,2024,9,September,Saturday
ORD-2022-02448,2-Nov-22,C0327,P0329,"Trussardi Donna for Women - Eau de Parfum, 100ml",Perfumes & Fragrances,"Trussardi Donna for Women - Eau de Parfum, 100ml",1,314,314,Debit Card,2022,11,November,Wednesday
ORD-2022-02449,10-Apr-22,C0011,P0121,Lacoste Casual Shoe for Men Size 45 EU - Black,Casual & Dress Shoes,Lacoste Casual Shoe for Men Size 45 EU - Black,2,469,938,UPI,2022,4,April,Sunday
ORD-2025-02450,25-Jun-25,C0347,P0561,"JBW Wrist Watch for Women Diamond Inlay 12 Piece , Stainless Steel ,J6346C",Watches,"JBW Wrist Watch for Women Diamond Inlay 12 Piece , Stainless Steel ,J6346C",4,3749,14996,Net Banking,2025,6,June,Wednesday
ORD-2023-02451,26-Jun-23,C0438,P0305,"Calvin Klein Beauty for Women - Eau de Parfum, 100ml",Perfumes & Fragrances,"Calvin Klein Beauty for Women - Eau de Parfum, 100ml",2,357,714,Credit Card,2023,6,June,Monday
ORD-2024-02452,4-Aug-24,C0667,P0100,Lacoste Casual Shoe for Men Size 42 EU - Black,Casual & Dress Shoes,Lacoste Casual Shoe for Men Size 42 EU - Black,1,539,539,Debit Card,2024,8,August,Sunday
ORD-2024-02453,14-Sep-24,C0668,P0593,"Esprit Casual Watch for Women , Digital , Stainless Steel Band , ES1L036M0085",Watches,"Esprit Casual Watch for Women , Digital , Stainless Steel Band , ES1L036M0085",1,437,437,Debit Card,2024,9,September,Saturday
ORD-2024-02454,28-Aug-24,C0135,P0304,"Guess Girl for Women - Eau de Toilette, 100ml",Perfumes & Fragrances,"Guess Girl for Women - Eau de Toilette, 100ml",2,263,526,Debit Card,2024,8,August,Wednesday
ORD-2024-02455,28-Feb-24,C0420,P0337,"Scuderia Ferrari Black for Men - Eau de Toilette, 125ml",Perfumes & Fragrances,"Scuderia Ferrari Black for Men - Eau de Toilette, 125ml",2,199,398,Debit Card,2024,2,February,Wednesday
ORD-2022-02456,23-Dec-22,C0038,P0493,"Casio F-200W-2ADF For Men- Digital, Casual Watch, Resin, Quartz",Watches,"Casio F-200W-2ADF For Men- Digital, Casual Watch, Resin, Quartz",1,84,84,UPI,2022,12,December,Friday
ORD-2022-02457,23-Jun-22,C0652,P0224,"Ray-Ban Aviator Unisex Sunglasses - Rb3025-W0879-58-14-135, Green Lens",Eyewear,"Ray-Ban Aviator Unisex Sunglasses - Rb3025-W0879-58-14-135, Green Lens",8,945,7560,Net Banking,2022,6,June,Thursday
ORD-2022-02458,16-Jun-22,C0343,P0528,"Casio Tough Solar Sports Men'S Black Dial Resin Band Watch Aq S810W 1Bv, Quartz, Analog",Watches,"Casio Tough Solar Sports Men'S Black Dial Resin Band Watch Aq S810W 1Bv, Quartz, Analog",2,346,692,UPI,2022,6,June,Thursday
ORD-2025-02459,10-Feb-25,C0151,P0240,"Vogue Sunglasses for Women - Size 54, Blue Frame, 0VO2990S 23254854",Eyewear,"Vogue Sunglasses for Women - Size 54, Blue Frame, 0VO2990S 23254854",2,714,1428,Wallet,2025,2,February,Monday
ORD-2023-02460,18-Nov-23,C0347,P0220,"Polaroid Sunglass for Men , Black Lens , PLD 2069/F/S/X 807 61",Eyewear,"Polaroid Sunglass for Men , Black Lens , PLD 2069/F/S/X 807 61",1,280,280,COD,2023,11,November,Saturday
ORD-2024-02461,3-Nov-24,C0480,P0175,"Ray Ban Sunglasses for Men - Size 55, Black Frame, 0RB4165 622 2V55",Eyewear,"Ray Ban Sunglasses for Men - Size 55, Black Frame, 0RB4165 622 2V55",2,820,1640,COD,2024,11,November,Sunday
ORD-2022-02462,15-Nov-22,C0398,P0009,"Nike Air Zoom Pegasus 36 Running Sneakers for Men , Black , Size 43 EU",Athletic Shoes,"Nike Air Zoom Pegasus 36 Running Sneakers for Men , Black , Size 43 EU",1,609,609,Credit Card,2022,11,November,Tuesday
ORD-2024-02463,24-Jun-24,C0115,P0516,"Casio Men's Black Dial Leather Band Watch - MTP-1370L-1AV, Analog, Quartz",Watches,"Casio Men's Black Dial Leather Band Watch - MTP-1370L-1AV, Analog, Quartz",1,210,210,Net Banking,2024,6,June,Monday
ORD-2024-02464,9-May-24,C0510,P0164,Polaroid P4139 Aviator Sunglasses,Eyewear,Polaroid P4139 Aviator Sunglasses,1,350,350,COD,2024,5,May,Thursday
ORD-2022-02465,23-Nov-22,C0322,P0017,"Skechers GO WALK 5 Sneaker for Men , Size 43 EU , Black",Athletic Shoes,"Skechers GO WALK 5 Sneaker for Men , Size 43 EU , Black",3,349,1047,Debit Card,2022,11,November,Wednesday
ORD-2025-02466,7-Apr-25,C0054,P0413,"Calvin Klein Elevated Slimfold 6cc, Men’s Credit Card Case, Black, 8.6x1.8x10.199999999999999 cm (B x H T)",Wallets,"Calvin Klein Elevated Slimfold 6cc, Men’s Credit Card Case, Black, 8.6x1.8x10.199999999999999 cm (B x H T)",3,250,750,Credit Card,2025,4,April,Monday
ORD-2025-02467,14-May-25,C0346,P0402,"Tommy Hilfiger Bifold WAllet For Men,LeAther,BlAck",Wallets,"Tommy Hilfiger Bifold WAllet For Men,LeAther,BlAck",1,430,430,Credit Card,2025,5,May,Wednesday
ORD-2022-02468,23-May-22,C0590,P0285,"Guess Cat Eye Women's Sunglasses - Gu7485-56F-51 - 51-25- 135 mm, Brown Lens",Eyewear,"Guess Cat Eye Women's Sunglasses - Gu7485-56F-51 - 51-25- 135 mm, Brown Lens",1,600,600,UPI,2022,5,May,Monday
ORD-2022-02469,7-Dec-22,C0033,P0015,"adidas ASWEERUN Sneaker for Mens, Black - Size 42 EU",Athletic Shoes,"adidas ASWEERUN Sneaker for Mens, Black - Size 42 EU",3,259,777,Net Banking,2022,12,December,Wednesday
ORD-2023-02470,28-Jan-23,C0551,P0265,Occhiali da Sole 8687 METALLO,Eyewear,Occhiali da Sole 8687 METALLO,4,1200,4800,Credit Card,2023,1,January,Saturday
ORD-2025-02471,12-Jan-25,C0186,P0306,"Roberto Cavalli Nero Assoluto for Women - Eau de Parfum, 75ml",Perfumes & Fragrances,"Roberto Cavalli Nero Assoluto for Women - Eau de Parfum, 75ml",3,210,630,Wallet,2025,1,January,Sunday
ORD-2024-02472,9-Jun-24,C0567,P0118,"Puma Fashion Sneakers Casual Shoe  For Women , White & Black , 41 EU",Casual & Dress Shoes,"Puma Fashion Sneakers Casual Shoe  For Women , White & Black , 41 EU",1,389,389,UPI,2024,6,June,Sunday
ORD-2024-02473,12-Nov-24,C0347,P0336,"Calvin Klein Euphoria Intense for Men - Eau de Toilette, 100ml",Perfumes & Fragrances,"Calvin Klein Euphoria Intense for Men - Eau de Toilette, 100ml",1,282,282,Debit Card,2024,11,November,Tuesday
ORD-2023-02474,23-Dec-23,C0374,P0532,JBW Men's 10 YR Anniversary GMT Globetrotter 0.21 ctw Diamond Watch - J6365-10A,Watches,JBW Men's 10 YR Anniversary GMT Globetrotter 0.21 ctw Diamond Watch - J6365-10A,1,2243,2243,Credit Card,2023,12,December,Saturday
ORD-2022-02475,12-Jul-22,C0325,P0566,Seiko Men's Black Dial Stainless Steel Band Watch - SNK375J1,Watches,Seiko Men's Black Dial Stainless Steel Band Watch - SNK375J1,2,691,1382,Net Banking,2022,7,July,Tuesday
ORD-2025-02476,25-May-25,C0197,P0019,"Nike Explore Strada Sneaker for Women , Size 39 EU , White",Athletic Shoes,"Nike Explore Strada Sneaker for Women , Size 39 EU , White",3,339,1017,UPI,2025,5,May,Sunday
ORD-2023-02477,4-Mar-23,C0643,P0393,"Tommy Hilfiger Bifold Wallet For Women,Leather,Multi Color",Wallets,"Tommy Hilfiger Bifold Wallet For Women,Leather,Multi Color",1,469,469,Credit Card,2023,3,March,Saturday
ORD-2025-02478,29-Jan-25,C0593,P0262,"Ray-Ban Erika Unisex Sunglasses - 4258 6230/7J 50, Pink Lens",Eyewear,"Ray-Ban Erika Unisex Sunglasses - 4258 6230/7J 50, Pink Lens",1,840,840,UPI,2025,1,January,Wednesday
ORD-2024-02479,20-Apr-24,C0031,P0147,"Ray-Ban RB1971 914751 Square Sunglasses for Unisex , Lens 54 mm",Eyewear,"Ray-Ban RB1971 914751 Square Sunglasses for Unisex , Lens 54 mm",2,997,1994,Wallet,2024,4,April,Saturday
ORD-2024-02480,15-Dec-24,C0015,P0484,"Casio Analog, Casual Watch For Men - MTP-1314D-1A, Stainless Steel",Watches,"Casio Analog, Casual Watch For Men - MTP-1314D-1A, Stainless Steel",3,2605.44,7816.32,Wallet,2024,12,December,Sunday
ORD-2025-02481,4-Jun-25,C0523,P0129,"Puma Fashion Sneakers Casual Shoe  For Men , Multi Color , 40 EU",Casual & Dress Shoes,"Puma Fashion Sneakers Casual Shoe  For Men , Multi Color , 40 EU",7,509,3563,Credit Card,2025,6,June,Wednesday
ORD-2022-02482,1-Dec-22,C0102,P0469,Lacoste Women's Blue Dial Leather Band Watch - 2001006,Watches,Lacoste Women's Blue Dial Leather Band Watch - 2001006,1,605,605,UPI,2022,12,December,Thursday
ORD-2024-02483,31-Dec-24,C0623,P0391,"Under Armour Baseline Fleece Jogger7 Pant For Men , Size M , Brown",Sportswear,"Under Armour Baseline Fleece Jogger7 Pant For Men , Size M , Brown",5,239,1195,UPI,2024,12,December,Tuesday
ORD-2024-02484,19-Apr-24,C0601,P0572,JBW Dress Watch For Men Analog Genuine Leather - JB-6101L-10C,Watches,JBW Dress Watch For Men Analog Genuine Leather - JB-6101L-10C,3,4031,12093,Credit Card,2024,4,April,Friday
ORD-2023-02485,6-Jan-23,C0412,P0127,"Nike Air Force 1 '07 Sneaker For Men , Grey",Casual & Dress Shoes,"Nike Air Force 1 '07 Sneaker For Men , Grey",1,529,529,Net Banking,2023,1,January,Friday
ORD-2024-02486,28-May-24,C0023,P0196,"Ray-Ban Sunglasses for Unisex, Brown, 3647N",Eyewear,"Ray-Ban Sunglasses for Unisex, Brown, 3647N",2,900,1800,COD,2024,5,May,Tuesday
ORD-2024-02487,16-Mar-24,C0523,P0042,"Nike FLEX RUNNER Shoe for Kids , Black - 33 EU",Athletic Shoes,"Nike FLEX RUNNER Shoe for Kids , Black - 33 EU",1,199,199,Credit Card,2024,3,March,Saturday
ORD-2022-02488,9-Apr-22,C0025,P0466,"Burberry Watch for Women , Quartz , Leather , BU9132, Analog",Watches,"Burberry Watch for Women , Quartz , Leather , BU9132, Analog",1,1625,1625,Credit Card,2022,4,April,Saturday
ORD-2023-02489,29-Apr-23,C0211,P0310,"Oud Sharqia for Unisex - Eau de Parfum, 80ml",Perfumes & Fragrances,"Oud Sharqia for Unisex - Eau de Parfum, 80ml",1,157,157,Wallet,2023,4,April,Saturday
ORD-2022-02490,21-Aug-22,C0645,P0084,"Asics Gel-Saga Sneakers for Women, White, 38 EU",Athletic Shoes,"Asics Gel-Saga Sneakers for Women, White, 38 EU",8,379,3032,Debit Card,2022,8,August,Sunday
ORD-2023-02491,31-Dec-23,C0219,P0528,"Casio Tough Solar Sports Men'S Black Dial Resin Band Watch Aq S810W 1Bv, Quartz, Analog",Watches,"Casio Tough Solar Sports Men'S Black Dial Resin Band Watch Aq S810W 1Bv, Quartz, Analog",1,346,346,Debit Card,2023,12,December,Sunday
ORD-2024-02492,16-Jun-24,C0658,P0541,"Fossil Pilot 54 Men'S Black Dial Leather Band Chronograph Watch Fs5157, Quartz, Analog",Watches,"Fossil Pilot 54 Men'S Black Dial Leather Band Chronograph Watch Fs5157, Quartz, Analog",3,670,2010,Net Banking,2024,6,June,Sunday
ORD-2025-02493,22-Apr-25,C0111,P0307,"Body By Burberry For Women - Eau De Parfum, 85Ml",Perfumes & Fragrances,"Body By Burberry For Women - Eau De Parfum, 85Ml",1,263,263,Wallet,2025,4,April,Tuesday
ORD-2022-02494,25-Apr-22,C0332,P0533,"Citizen Watch for Men Stainless Steel Band , Analog, AN3600-59L",Watches,"Citizen Watch for Men Stainless Steel Band , Analog, AN3600-59L",2,1292,2584,Debit Card,2022,4,April,Monday
ORD-2024-02495,13-Dec-24,C0084,P0079,"Asics Gel-Pulse 10 Sneakers for Men, Silver, 42.5 EU",Athletic Shoes,"Asics Gel-Pulse 10 Sneakers for Men, Silver, 42.5 EU",1,389,389,Debit Card,2024,12,December,Friday
ORD-2024-02496,8-Sep-24,C0492,P0395,"Vince Camuto Wallet for Women , White",Wallets,"Vince Camuto Wallet for Women , White",2,425,850,Wallet,2024,9,September,Sunday
ORD-2022-02497,8-Nov-22,C0093,P0585,Casio MTP-1314D-2A Analog Quartz Stainless Steel Casual Watch for Men - Silver,Watches,Casio MTP-1314D-2A Analog Quartz Stainless Steel Casual Watch for Men - Silver,1,400,400,UPI,2022,11,November,Tuesday
ORD-2022-02498,25-Mar-22,C0365,P0150,"Polaroid Sunglasses for Unisex , Blue",Eyewear,"Polaroid Sunglasses for Unisex , Blue",1,250,250,UPI,2022,3,March,Friday
ORD-2023-02499,15-Apr-23,C0165,P0133,Lacoste Casual Shoe for Men Size 46 EU - Navy,Casual & Dress Shoes,Lacoste Casual Shoe for Men Size 46 EU - Navy,1,539,539,COD,2023,4,April,Saturday
ORD-2025-02500,29-Mar-25,C0010,P0314,Crystal Noir by Versace  for Women - Eau de Parfum- 90 ml,Perfumes & Fragrances,Crystal Noir by Versace  for Women - Eau de Parfum- 90 ml,1,315,315,Credit Card,2025,3,March,Saturday
ORD-2024-02501,14-Jan-24,C0146,P0380,adidas   Colorblock 3/4 Sport Leggings for Women - Black,Sportswear,adidas   Colorblock 3/4 Sport Leggings for Women - Black,1,169,169,Credit Card,2024,1,January,Sunday
ORD-2024-02502,14-Dec-24,C0070,P0336,"Calvin Klein Euphoria Intense for Men - Eau de Toilette, 100ml",Perfumes & Fragrances,"Calvin Klein Euphoria Intense for Men - Eau de Toilette, 100ml",2,282,564,Credit Card,2024,12,December,Saturday
ORD-2024-02503,19-Nov-24,C0026,P0262,"Ray-Ban Erika Unisex Sunglasses - 4258 6230/7J 50, Pink Lens",Eyewear,"Ray-Ban Erika Unisex Sunglasses - 4258 6230/7J 50, Pink Lens",3,840,2520,COD,2024,11,November,Tuesday
ORD-2022-02504,19-Feb-22,C0132,P0152,"Ray-Ban 3025 Aviator Large Metal Non-Mirrored Non-Polarized Sunglasses, Silver/Light Grey Gradient (003/32), 58mm",Eyewear,"Ray-Ban 3025 Aviator Large Metal Non-Mirrored Non-Polarized Sunglasses, Silver/Light Grey Gradient (003/32), 58mm",1,1130,1130,Wallet,2022,2,February,Saturday
ORD-2024-02505,13-Feb-24,C0101,P0470,Fossil Coachman Men's Silver Dial Leather Band Chronograph Watch - CH2565,Watches,Fossil Coachman Men's Silver Dial Leather Band Chronograph Watch - CH2565,3,839,2517,Net Banking,2024,2,February,Tuesday
ORD-2023-02506,6-Sep-23,C0079,P0577,Akribos XXIV Men's Classic Bubble Crystal 3 Interchangeable Leather Watch Set - AK1104RGBU-S,Watches,Akribos XXIV Men's Classic Bubble Crystal 3 Interchangeable Leather Watch Set - AK1104RGBU-S,3,1582.1,4746.3,UPI,2023,9,September,Wednesday
ORD-2025-02507,8-Jun-25,C0500,P0382,Adidas Essentials Linear T-Shirt For Women - Black,Sportswear,Adidas Essentials Linear T-Shirt For Women - Black,3,4706.94,14120.82,UPI,2025,6,June,Sunday
ORD-2022-02508,16-Dec-22,C0045,P0393,"Tommy Hilfiger Bifold Wallet For Women,Leather,Multi Color",Wallets,"Tommy Hilfiger Bifold Wallet For Women,Leather,Multi Color",1,469,469,Debit Card,2022,12,December,Friday
ORD-2022-02509,10-Jun-22,C0666,P0118,"Puma Fashion Sneakers Casual Shoe  For Women , White & Black , 41 EU",Casual & Dress Shoes,"Puma Fashion Sneakers Casual Shoe  For Women , White & Black , 41 EU",2,389,778,Credit Card,2022,6,June,Friday
ORD-2023-02510,24-May-23,C0304,P0044,"Nike Revolution 5 Sneaker for Men , Size 43 EU , White",Athletic Shoes,"Nike Revolution 5 Sneaker for Men , Size 43 EU , White",3,259,777,Debit Card,2023,5,May,Wednesday
ORD-2025-02511,14-Jan-25,C0460,P0329,"Trussardi Donna for Women - Eau de Parfum, 100ml",Perfumes & Fragrances,"Trussardi Donna for Women - Eau de Parfum, 100ml",10,314,3140,Wallet,2025,1,January,Tuesday
ORD-2023-02512,9-Feb-23,C0542,P0157,"Ray Ban 3025, W3234 (55 mm) Sunglass, Green Lens, Aviator Frame, For Men",Eyewear,"Ray Ban 3025, W3234 (55 mm) Sunglass, Green Lens, Aviator Frame, For Men",2,750,1500,UPI,2023,2,February,Thursday
ORD-2022-02513,21-Nov-22,C0286,P0569,Casio Men Black Dial Resin Band Watch aeq-110bw-9a,Watches,Casio Men Black Dial Resin Band Watch aeq-110bw-9a,2,313.95,627.9,Net Banking,2022,11,November,Monday
ORD-2024-02514,24-Apr-24,C0084,P0372,adidas Design 2 Move 3 Stripes Sport Tank Top for Women - White/Black,Sportswear,adidas Design 2 Move 3 Stripes Sport Tank Top for Women - White/Black,1,130,130,Credit Card,2024,4,April,Wednesday
ORD-2023-02515,3-Apr-23,C0186,P0191,"Ray-Ban Sunglasses For Men - Grey, 3553I, 59, 6, 8G",Eyewear,"Ray-Ban Sunglasses For Men - Grey, 3553I, 59, 6, 8G",2,525,1050,COD,2023,4,April,Monday
ORD-2022-02516,21-May-22,C0114,P0267,"Ray-Ban Sunglasses For Men, Size 51 mm, 4246, 51, 990, N.C, Green Lens, Round Frame",Eyewear,"Ray-Ban Sunglasses For Men, Size 51 mm, 4246, 51, 990, N.C, Green Lens, Round Frame",2,790,1580,Wallet,2022,5,May,Saturday
ORD-2024-02517,19-Dec-24,C0359,P0140,Lacoste Casual Shoe for Men Size 42 EU - White,Casual & Dress Shoes,Lacoste Casual Shoe for Men Size 42 EU - White,1,379,379,COD,2024,12,December,Thursday
ORD-2024-02518,28-Dec-24,C0500,P0265,Occhiali da Sole 8687 METALLO,Eyewear,Occhiali da Sole 8687 METALLO,1,1200,1200,Wallet,2024,12,December,Saturday
ORD-2024-02519,3-Nov-24,C0049,P0413,"Calvin Klein Elevated Slimfold 6cc, Men’s Credit Card Case, Black, 8.6x1.8x10.199999999999999 cm (B x H T)",Wallets,"Calvin Klein Elevated Slimfold 6cc, Men’s Credit Card Case, Black, 8.6x1.8x10.199999999999999 cm (B x H T)",1,250,250,COD,2024,11,November,Sunday
ORD-2022-02520,10-Dec-22,C0277,P0521,"Casio Watch For Men Stainless Steel Mtp 1374D 2Avdf, Analog",Watches,"Casio Watch For Men Stainless Steel Mtp 1374D 2Avdf, Analog",1,374,374,Wallet,2022,12,December,Saturday
ORD-2022-02521,7-Jun-22,C0014,P0402,"Tommy Hilfiger Bifold WAllet For Men,LeAther,BlAck",Wallets,"Tommy Hilfiger Bifold WAllet For Men,LeAther,BlAck",1,430,430,Wallet,2022,6,June,Tuesday
ORD-2024-02522,1-Oct-24,C0340,P0173,"Ray Ban Rectangle Sunglasses For Men - Gray Lens, Rb4179-601S82, 140 mm",Eyewear,"Ray Ban Rectangle Sunglasses For Men - Gray Lens, Rb4179-601S82, 140 mm",3,1680,5040,Net Banking,2024,10,October,Tuesday
ORD-2024-02523,12-Sep-24,C0303,P0118,"Puma Fashion Sneakers Casual Shoe  For Women , White & Black , 41 EU",Casual & Dress Shoes,"Puma Fashion Sneakers Casual Shoe  For Women , White & Black , 41 EU",1,389,389,Credit Card,2024,9,September,Thursday
ORD-2022-02524,7-Dec-22,C0295,P0362,"Under Armour T-Shirt for Men, Size L - Grey",Sportswear,"Under Armour T-Shirt for Men, Size L - Grey",1,139,139,Net Banking,2022,12,December,Wednesday
ORD-2023-02525,9-Dec-23,C0452,P0344,"Nikos Sculpture Homme for Men - Eau de Toilette, 100ml",Perfumes & Fragrances,"Nikos Sculpture Homme for Men - Eau de Toilette, 100ml",1,250,250,Credit Card,2023,12,December,Saturday
ORD-2024-02526,17-Nov-24,C0054,P0584,Burberry Women's Gold Dial Stainless Steel Band Watch - BU9235,Watches,Burberry Women's Gold Dial Stainless Steel Band Watch - BU9235,2,2960,5920,COD,2024,11,November,Sunday
ORD-2024-02527,16-Mar-24,C0647,P0536,"Watch for Women by Tory Burch, Buddy Signature, Pink, Leather, trb2004",Watches,"Watch for Women by Tory Burch, Buddy Signature, Pink, Leather, trb2004",1,1113,1113,Wallet,2024,3,March,Saturday
ORD-2022-02528,14-Aug-22,C0279,P0081,"Asics Gel-Kayano 5.1 Sneakers for Men, White, 42 EU",Athletic Shoes,"Asics Gel-Kayano 5.1 Sneakers for Men, White, 42 EU",5,379,1895,Debit Card,2022,8,August,Sunday
ORD-2022-02529,18-Nov-22,C0299,P0291,Ray-Ban Rectangle Unisex Sunglasses - 3538 189/55 53,Eyewear,Ray-Ban Rectangle Unisex Sunglasses - 3538 189/55 53,4,950,3800,Credit Card,2022,11,November,Friday
ORD-2023-02530,14-Aug-23,C0609,P0560,"Fossil Nate Men'S Black Dial Stainless Steel Band Watch Jr1527, Quartz, Analog",Watches,"Fossil Nate Men'S Black Dial Stainless Steel Band Watch Jr1527, Quartz, Analog",1,775,775,Wallet,2023,8,August,Monday
ORD-2022-02531,17-Jul-22,C0231,P0236,"Polaroid Sunglasses For Unisex, Grey Lens, Pld6063/G/S, Oval Frame",Eyewear,"Polaroid Sunglasses For Unisex, Grey Lens, Pld6063/G/S, Oval Frame",2,250,500,COD,2022,7,July,Sunday
ORD-2023-02532,15-Dec-23,C0123,P0325,"Versace Eros Pour Femme for Women - Eau de Parfum, 100ml",Perfumes & Fragrances,"Versace Eros Pour Femme for Women - Eau de Parfum, 100ml",1,342,342,Debit Card,2023,12,December,Friday
ORD-2023-02533,18-Feb-23,C0620,P0492,Ferrari Casual Watch For Men Analog Leather - 830388,Watches,Ferrari Casual Watch For Men Analog Leather - 830388,1,1045,1045,Credit Card,2023,2,February,Saturday
ORD-2024-02534,27-Mar-24,C0109,P0206,Lacoste Men's Sunglasses Rectangular Petit Pique Black,Eyewear,Lacoste Men's Sunglasses Rectangular Petit Pique Black,2,793,1586,Debit Card,2024,3,March,Wednesday
ORD-2024-02535,10-Nov-24,C0333,P0264,"Ray-Ban Men's Injected Man Sunglass Polarized Iridium Rectangular, BLACK 64 mm",Eyewear,"Ray-Ban Men's Injected Man Sunglass Polarized Iridium Rectangular, BLACK 64 mm",3,1115,3345,Wallet,2024,11,November,Sunday
ORD-2022-02536,28-Jul-22,C0595,P0449,"Scuderia Ferrari Casual Watch for Unisex , Silicone , 830482",Watches,"Scuderia Ferrari Casual Watch for Unisex , Silicone , 830482",1,395,395,Debit Card,2022,7,July,Thursday
ORD-2022-02537,4-Nov-22,C0096,P0425,Dockers Bifold Mens Wallet - 31DK240z01-Brown,Wallets,Dockers Bifold Mens Wallet - 31DK240z01-Brown,4,120,480,Wallet,2022,11,November,Friday
ORD-2024-02538,21-Dec-24,C0007,P0063,"Skechers GO WALK 5 Sneaker for Men , Size 43.5 EU , Grey",Athletic Shoes,"Skechers GO WALK 5 Sneaker for Men , Size 43.5 EU , Grey",1,289,289,Net Banking,2024,12,December,Saturday
ORD-2022-02539,19-Oct-22,C0208,P0453,"Casio Men's Black Dial Stainless Steel Band Watch - MTP-1314SG-1AV, Analog, Quartz",Watches,"Casio Men's Black Dial Stainless Steel Band Watch - MTP-1314SG-1AV, Analog, Quartz",1,300,300,Credit Card,2022,10,October,Wednesday
ORD-2025-02540,9-Feb-25,C0436,P0540,"Burberry BU9350 For Men (Analog, Casual Watch), Stainless Steel",Watches,"Burberry BU9350 For Men (Analog, Casual Watch), Stainless Steel",3,2865,8595,Wallet,2025,2,February,Sunday
ORD-2023-02541,19-Nov-23,C0580,P0602,"JBW Laurel Watch for Women , Stainless Steel , 9 Diamonds , J6330I",Watches,"JBW Laurel Watch for Women , Stainless Steel , 9 Diamonds , J6330I",3,4110,12330,Credit Card,2023,11,November,Sunday
ORD-2023-02542,21-Jan-23,C0661,P0311,"Montblanc Emblem for Men - Eau de Toilette, 100ml",Perfumes & Fragrances,"Montblanc Emblem for Men - Eau de Toilette, 100ml",1,336,336,Wallet,2023,1,January,Saturday
ORD-2023-02543,1-Apr-23,C0540,P0031,Nike Shoes for Men Size 43 EU - Blue,Athletic Shoes,Nike Shoes for Men Size 43 EU - Blue,2,319,638,Debit Card,2023,4,April,Saturday
ORD-2023-02544,2-Apr-23,C0018,P0347,"Dolce & Gabbana The One for Men - Eau de Toilette, 100ml",Perfumes & Fragrances,"Dolce & Gabbana The One for Men - Eau de Toilette, 100ml",7,368,2576,Wallet,2023,4,April,Sunday
ORD-2022-02545,17-Mar-22,C0208,P0484,"Casio Analog, Casual Watch For Men - MTP-1314D-1A, Stainless Steel",Watches,"Casio Analog, Casual Watch For Men - MTP-1314D-1A, Stainless Steel",2,3294.14,6588.28,Wallet,2022,3,March,Thursday
ORD-2023-02546,12-Dec-23,C0141,P0285,"Guess Cat Eye Women's Sunglasses - Gu7485-56F-51 - 51-25- 135 mm, Brown Lens",Eyewear,"Guess Cat Eye Women's Sunglasses - Gu7485-56F-51 - 51-25- 135 mm, Brown Lens",2,600,1200,Credit Card,2023,12,December,Tuesday
ORD-2024-02547,26-Mar-24,C0415,P0454,"Casio MTP-V004D-1B For Men Analog, Dress Watch , Stainless Steel",Watches,"Casio MTP-V004D-1B For Men Analog, Dress Watch , Stainless Steel",4,114,456,UPI,2024,3,March,Tuesday
ORD-2024-02548,5-Dec-24,C0113,P0214,"Polaroid Sunglasses For Men Pld 1016/Sdl550Lb, Dark Green Lens, Square Frame",Eyewear,"Polaroid Sunglasses For Men Pld 1016/Sdl550Lb, Dark Green Lens, Square Frame",3,200,600,COD,2024,12,December,Thursday
ORD-2025-02549,27-Jan-25,C0368,P0332,"S.T.Dupont Blanc for Women - Eau de Parfum, 100ml",Perfumes & Fragrances,"S.T.Dupont Blanc for Women - Eau de Parfum, 100ml",1,299,299,Wallet,2025,1,January,Monday
ORD-2022-02550,6-Dec-22,C0563,P0559,Casio Men's Black Dial Silicone Band Watch - GA-1000-1ADR,Watches,Casio Men's Black Dial Silicone Band Watch - GA-1000-1ADR,1,1034,1034,Credit Card,2022,12,December,Tuesday
ORD-2025-02551,24-May-25,C0433,P0570,"JBW Watch For men With 16 Diamonds, JB-8102-B",Watches,"JBW Watch For men With 16 Diamonds, JB-8102-B",1,5061,5061,Wallet,2025,5,May,Saturday
ORD-2024-02552,30-Jul-24,C0288,P0425,Dockers Bifold Mens Wallet - 31DK240z01-Brown,Wallets,Dockers Bifold Mens Wallet - 31DK240z01-Brown,2,120,240,Debit Card,2024,7,July,Tuesday
ORD-2022-02553,24-Sep-22,C0225,P0346,"Sheikh Al Shuyukh Luxe Edition For Men, Eau De Parfum, 100 ml",Perfumes & Fragrances,"Sheikh Al Shuyukh Luxe Edition For Men, Eau De Parfum, 100 ml",1,3451.6,3451.6,COD,2022,9,September,Saturday
ORD-2022-02554,30-Jan-22,C0413,P0039,Nike Md Runner 2 Running Shoes for Men - Black/White (43 EU),Athletic Shoes,Nike Md Runner 2 Running Shoes for Men - Black/White (43 EU),2,399,798,Net Banking,2022,1,January,Sunday
ORD-2024-02555,5-May-24,C0272,P0028,Nike Court Royale Sport Sneakers for Women - White/Metallic Silver Size - 38 EU,Athletic Shoes,Nike Court Royale Sport Sneakers for Women - White/Metallic Silver Size - 38 EU,4,319,1276,Net Banking,2024,5,May,Sunday
ORD-2024-02556,28-Dec-24,C0636,P0522,Michael Kors Skylar Champagne Dial Gold-tone Ladies Watch - MK5867,Watches,Michael Kors Skylar Champagne Dial Gold-tone Ladies Watch - MK5867,3,1013,3039,Debit Card,2024,12,December,Saturday
ORD-2023-02557,25-May-23,C0592,P0322,"Dunhill Fresh by Dunhill for Men - Eau de Toilette, 100ml",Perfumes & Fragrances,"Dunhill Fresh by Dunhill for Men - Eau de Toilette, 100ml",1,263,263,Wallet,2023,5,May,Thursday
ORD-2024-02558,8-Sep-24,C0463,P0216,"Polaroid Sunglasses for Men , Grey Lenses",Eyewear,"Polaroid Sunglasses for Men , Grey Lenses",1,450,450,Wallet,2024,9,September,Sunday
ORD-2024-02559,31-Aug-24,C0365,P0292,"Oakley Men's Crossrange Sunglasses, Matte Black W/Prizm Black Polarized, 57",Eyewear,"Oakley Men's Crossrange Sunglasses, Matte Black W/Prizm Black Polarized, 57",1,1100,1100,UPI,2024,8,August,Saturday
ORD-2023-02560,12-Jan-23,C0503,P0358,"Fatale by Agent Provocateur for Women - Eau de Parfum, 50ml",Perfumes & Fragrances,"Fatale by Agent Provocateur for Women - Eau de Parfum, 50ml",3,1884.51,5653.53,Credit Card,2023,1,January,Thursday
ORD-2022-02561,10-Sep-22,C0330,P0183,"Ray-Ban Unisex Aviator Sunglasses [Rb3025 112/85], 55-14-135, Brown Lens",Eyewear,"Ray-Ban Unisex Aviator Sunglasses [Rb3025 112/85], 55-14-135, Brown Lens",3,1014,3042,COD,2022,9,September,Saturday
ORD-2023-02562,14-Dec-23,C0618,P0462,Michael Kors Lexington Watch for Men - Analog Stainless Steel Band - MK8344,Watches,Michael Kors Lexington Watch for Men - Analog Stainless Steel Band - MK8344,2,2420,4840,Wallet,2023,12,December,Thursday
ORD-2025-02563,19-Jun-25,C0030,P0034,"Nike Downshifter 9 Sneaker for Men , Size 41 EU , Red",Athletic Shoes,"Nike Downshifter 9 Sneaker for Men , Size 41 EU , Red",1,319,319,Net Banking,2025,6,June,Thursday
ORD-2024-02564,30-Nov-24,C0075,P0077,"Asics GEL-Lyte V Sanze Sneakers for Unisex, Sand, 44 EU",Athletic Shoes,"Asics GEL-Lyte V Sanze Sneakers for Unisex, Sand, 44 EU",1,449,449,Wallet,2024,11,November,Saturday
ORD-2022-02565,13-May-22,C0225,P0304,"Guess Girl for Women - Eau de Toilette, 100ml",Perfumes & Fragrances,"Guess Girl for Women - Eau de Toilette, 100ml",1,263,263,COD,2022,5,May,Friday
ORD-2023-02566,24-May-23,C0294,P0116,Lacoste Casual Shoe for Men Size 43 EU - Navy,Casual & Dress Shoes,Lacoste Casual Shoe for Men Size 43 EU - Navy,2,539,1078,COD,2023,5,May,Wednesday
ORD-2022-02567,25-Dec-22,C0407,P0307,"Body By Burberry For Women - Eau De Parfum, 85Ml",Perfumes & Fragrances,"Body By Burberry For Women - Eau De Parfum, 85Ml",2,263,526,Credit Card,2022,12,December,Sunday
ORD-2023-02568,3-Dec-23,C0199,P0279,"Ray-Ban Aviator Unisex Sunglasses - 3540 198/9U 56, Blue Lens",Eyewear,"Ray-Ban Aviator Unisex Sunglasses - 3540 198/9U 56, Blue Lens",2,950,1900,COD,2023,12,December,Sunday
ORD-2023-02569,5-Sep-23,C0072,P0596,Scuderia Ferrari Men's Grey  Dial Color Rubber Band Watch - 830342,Watches,Scuderia Ferrari Men's Grey  Dial Color Rubber Band Watch - 830342,1,1045,1045,Wallet,2023,9,September,Tuesday
ORD-2025-02570,26-Apr-25,C0224,P0338,"Dunhill Desire for Men - Eau de Toilette, 100ml",Perfumes & Fragrances,"Dunhill Desire for Men - Eau de Toilette, 100ml",1,305,305,COD,2025,4,April,Saturday
ORD-2025-02571,30-Jun-25,C0141,P0299,"GUESS Marciano for Men - Eau de Toilette, 100ml",Perfumes & Fragrances,"GUESS Marciano for Men - Eau de Toilette, 100ml",5,273,1365,Wallet,2025,6,June,Monday
ORD-2024-02572,18-Dec-24,C0365,P0452,"Casio Analog, Casual Watch For Men - MTP-1314D-7AVDF, Stainless Steel",Watches,"Casio Analog, Casual Watch For Men - MTP-1314D-7AVDF, Stainless Steel",4,184,736,Credit Card,2024,12,December,Wednesday
ORD-2024-02573,10-May-24,C0126,P0373,"Adidas W E Lin Slim Tk Tank For Women - Black (Dp2359), S",Sportswear,"Adidas W E Lin Slim Tk Tank For Women - Black (Dp2359), S",1,100,100,Credit Card,2024,5,May,Friday
ORD-2025-02574,12-Apr-25,C0331,P0180,"Ray-Ban Junior Unisex's 0RB3647N 90683F 51 Sunglasses, Transparent/Clear Gradient Blue",Eyewear,"Ray-Ban Junior Unisex's 0RB3647N 90683F 51 Sunglasses, Transparent/Clear Gradient Blue",2,820,1640,Credit Card,2025,4,April,Saturday
ORD-2023-02575,23-Dec-23,C0609,P0580,"August Steiner Men's Black Dial Stainless Steel Band Watch - AS8050RG, Analog, Swiss Quartz",Watches,"August Steiner Men's Black Dial Stainless Steel Band Watch - AS8050RG, Analog, Swiss Quartz",4,1490,5960,Net Banking,2023,12,December,Saturday
ORD-2022-02576,18-Feb-22,C0462,P0305,"Calvin Klein Beauty for Women - Eau de Parfum, 100ml",Perfumes & Fragrances,"Calvin Klein Beauty for Women - Eau de Parfum, 100ml",2,357,714,Debit Card,2022,2,February,Friday
ORD-2024-02577,18-Oct-24,C0481,P0418,TOMMY HILFIGER Honey 2 in 1 Washbag Golden Haze,Wallets,TOMMY HILFIGER Honey 2 in 1 Washbag Golden Haze,2,210,420,Net Banking,2024,10,October,Friday
ORD-2022-02578,7-Aug-22,C0173,P0527,Tissot T055.217.16.033.01 For Men Analog Casual Watch Leather,Watches,Tissot T055.217.16.033.01 For Men Analog Casual Watch Leather,1,1840,1840,Net Banking,2022,8,August,Sunday
ORD-2024-02579,30-Nov-24,C0217,P0527,Tissot T055.217.16.033.01 For Men Analog Casual Watch Leather,Watches,Tissot T055.217.16.033.01 For Men Analog Casual Watch Leather,10,1840,18400,Net Banking,2024,11,November,Saturday
ORD-2025-02580,14-May-25,C0157,P0449,"Scuderia Ferrari Casual Watch for Unisex , Silicone , 830482",Watches,"Scuderia Ferrari Casual Watch for Unisex , Silicone , 830482",1,395,395,Debit Card,2025,5,May,Wednesday
ORD-2023-02581,30-Apr-23,C0120,P0291,Ray-Ban Rectangle Unisex Sunglasses - 3538 189/55 53,Eyewear,Ray-Ban Rectangle Unisex Sunglasses - 3538 189/55 53,4,950,3800,Net Banking,2023,4,April,Sunday
ORD-2023-02582,24-Dec-23,C0345,P0494,JBW Jet Setter Men's 234 Diamonds Gold Dial Gold Plated Stainless Steel Band Watch - JB-6213-A,Watches,JBW Jet Setter Men's 234 Diamonds Gold Dial Gold Plated Stainless Steel Band Watch - JB-6213-A,8,29970,239760,COD,2023,12,December,Sunday
ORD-2022-02583,8-Jul-22,C0591,P0138,Lacoste Casual Shoe for Men Size 43 EU - White,Casual & Dress Shoes,Lacoste Casual Shoe for Men Size 43 EU - White,3,529,1587,Debit Card,2022,7,July,Friday
ORD-2022-02584,16-May-22,C0653,P0448,Hugo Boss Rafale Men's White Dial Leather Band Watch - 1513403,Watches,Hugo Boss Rafale Men's White Dial Leather Band Watch - 1513403,1,1195,1195,Net Banking,2022,5,May,Monday
ORD-2023-02585,11-Nov-23,C0257,P0572,JBW Dress Watch For Men Analog Genuine Leather - JB-6101L-10C,Watches,JBW Dress Watch For Men Analog Genuine Leather - JB-6101L-10C,1,4031,4031,COD,2023,11,November,Saturday
ORD-2024-02586,1-Nov-24,C0266,P0376,adidas SID 360 ADI TEE WHITE for MALE,Sportswear,adidas SID 360 ADI TEE WHITE for MALE,5,139,695,Credit Card,2024,11,November,Friday
ORD-2022-02587,28-Dec-22,C0285,P0166,"Ray-Ban Aviator Sunglasses For Men - Rb3449-003/8G 59, Grey Lens",Eyewear,"Ray-Ban Aviator Sunglasses For Men - Rb3449-003/8G 59, Grey Lens",1,770,770,Net Banking,2022,12,December,Wednesday
ORD-2023-02588,4-Mar-23,C0452,P0348,"Dare By Guess For Women - Eau De Toilette, 100Ml",Perfumes & Fragrances,"Dare By Guess For Women - Eau De Toilette, 100Ml",2,158,316,UPI,2023,3,March,Saturday
ORD-2023-02589,22-Jul-23,C0428,P0296,"Calvin Klein Euphoria for Women - Eau de Parfum, 100ml",Perfumes & Fragrances,"Calvin Klein Euphoria for Women - Eau de Parfum, 100ml",2,357,714,Net Banking,2023,7,July,Saturday
ORD-2023-02590,7-Feb-23,C0466,P0143,"Carrera Sunglasses for Unisex , Black Aviator",Eyewear,"Carrera Sunglasses for Unisex , Black Aviator",2,650,1300,Net Banking,2023,2,February,Tuesday
ORD-2023-02591,12-Apr-23,C0230,P0085,"Asics Gel-Kayano 5 OG Sneakers for Men, White, 44 EU",Athletic Shoes,"Asics Gel-Kayano 5 OG Sneakers for Men, White, 44 EU",1,489,489,COD,2023,4,April,Wednesday
ORD-2025-02592,23-Jun-25,C0623,P0376,adidas SID 360 ADI TEE WHITE for MALE,Sportswear,adidas SID 360 ADI TEE WHITE for MALE,1,139,139,Wallet,2025,6,June,Monday
ORD-2022-02593,31-Jan-22,C0461,P0020,Nike Tanjun Sneaker For Men (Black - 43 EU),Athletic Shoes,Nike Tanjun Sneaker For Men (Black - 43 EU),2,349,698,UPI,2022,1,January,Monday
ORD-2023-02594,26-Nov-23,C0670,P0028,Nike Court Royale Sport Sneakers for Women - White/Metallic Silver Size - 38 EU,Athletic Shoes,Nike Court Royale Sport Sneakers for Women - White/Metallic Silver Size - 38 EU,1,319,319,Debit Card,2023,11,November,Sunday
ORD-2022-02595,20-Oct-22,C0445,P0435,JBW 562 Men's 12 Diamonds Gold Dial Gold-Plated Stainless Steel Band Watch - JB-6225-M,Watches,JBW 562 Men's 12 Diamonds Gold Dial Gold-Plated Stainless Steel Band Watch - JB-6225-M,3,2749,8247,UPI,2022,10,October,Thursday
ORD-2022-02596,3-Dec-22,C0577,P0539,"Casio Men's Ana-Digi Dial Stainless Steel Band Watch - AW-82D-1AVDF, Quartz",Watches,"Casio Men's Ana-Digi Dial Stainless Steel Band Watch - AW-82D-1AVDF, Quartz",2,336,672,Credit Card,2022,12,December,Saturday
ORD-2023-02597,11-Jan-23,C0374,P0309,"Davidoff Hot Water for Men - Eau de Toilette, 110ml",Perfumes & Fragrances,"Davidoff Hot Water for Men - Eau de Toilette, 110ml",1,294,294,Credit Card,2023,1,January,Wednesday
ORD-2023-02598,7-Jan-23,C0313,P0119,"Lacoste Graduate Lace Up Shoes For Men Size 46 EU, White",Casual & Dress Shoes,"Lacoste Graduate Lace Up Shoes For Men Size 46 EU, White",3,449,1347,Net Banking,2023,1,January,Saturday
ORD-2022-02599,2-May-22,C0610,P0467,"Fossil Grant Watch For Men Analog Leather Band Fs5151, Quartz",Watches,"Fossil Grant Watch For Men Analog Leather Band Fs5151, Quartz",4,756,3024,Wallet,2022,5,May,Monday
ORD-2025-02600,9-Apr-25,C0350,P0514,"Emporio Armani Casual Watch for Men - Stainless Steel, Analog - AR1933",Watches,"Emporio Armani Casual Watch for Men - Stainless Steel, Analog - AR1933",1,1360,1360,Credit Card,2025,4,April,Wednesday
ORD-2025-02601,7-Feb-25,C0432,P0008,"Nike Fitness Shoes For Men , 44.5 EU , Gray",Athletic Shoes,"Nike Fitness Shoes For Men , 44.5 EU , Gray",1,389,389,Wallet,2025,2,February,Friday
ORD-2024-02602,8-Sep-24,C0045,P0309,"Davidoff Hot Water for Men - Eau de Toilette, 110ml",Perfumes & Fragrances,"Davidoff Hot Water for Men - Eau de Toilette, 110ml",1,294,294,Wallet,2024,9,September,Sunday
ORD-2024-02603,19-Dec-24,C0205,P0386,Under Armour Mid Crossback Training Sports Bra for Women,Sportswear,Under Armour Mid Crossback Training Sports Bra for Women,1,139,139,Net Banking,2024,12,December,Thursday
ORD-2024-02604,17-Oct-24,C0483,P0509,"JBW Laurel Watch for Women , Stainless Steel , 9 Diamonds , J6330F",Watches,"JBW Laurel Watch for Women , Stainless Steel , 9 Diamonds , J6330F",6,4316,25896,Net Banking,2024,10,October,Thursday
ORD-2022-02605,20-Jan-22,C0554,P0198,"Ray Ban 3025,58,167,2K Sunglasses For Unisex-Gold",Eyewear,"Ray Ban 3025,58,167,2K Sunglasses For Unisex-Gold",1,850,850,Credit Card,2022,1,January,Thursday
ORD-2024-02606,24-Nov-24,C0504,P0204,"Ray-Ban Square Sunglasses for Men , Green , RB2140F 901 54",Eyewear,"Ray-Ban Square Sunglasses for Men , Green , RB2140F 901 54",2,910,1820,UPI,2024,11,November,Sunday
ORD-2024-02607,1-Nov-24,C0540,P0015,"adidas ASWEERUN Sneaker for Mens, Black - Size 42 EU",Athletic Shoes,"adidas ASWEERUN Sneaker for Mens, Black - Size 42 EU",1,259,259,Wallet,2024,11,November,Friday
ORD-2024-02608,12-Dec-24,C0358,P0537,Akribos XXIV Women's Cream Dial Mixed Material Band Watch Set - AK766YG,Watches,Akribos XXIV Women's Cream Dial Mixed Material Band Watch Set - AK766YG,2,909,1818,Wallet,2024,12,December,Thursday
ORD-2023-02609,13-Mar-23,C0052,P0123,Lacoste Casual Shoe for Men Size 44 EU - White,Casual & Dress Shoes,Lacoste Casual Shoe for Men Size 44 EU - White,1,359,359,Credit Card,2023,3,March,Monday
ORD-2022-02610,27-Oct-22,C0454,P0161,"Polaroid Sunglasses For Unisex, Green- Pld 1017/S 2276393Yg60H8, Oval Frame",Eyewear,"Polaroid Sunglasses For Unisex, Green- Pld 1017/S 2276393Yg60H8, Oval Frame",1,250,250,Wallet,2022,10,October,Thursday
ORD-2022-02611,9-Jan-22,C0559,P0332,"S.T.Dupont Blanc for Women - Eau de Parfum, 100ml",Perfumes & Fragrances,"S.T.Dupont Blanc for Women - Eau de Parfum, 100ml",1,299,299,Net Banking,2022,1,January,Sunday
ORD-2022-02612,30-Oct-22,C0114,P0133,Lacoste Casual Shoe for Men Size 46 EU - Navy,Casual & Dress Shoes,Lacoste Casual Shoe for Men Size 46 EU - Navy,1,539,539,UPI,2022,10,October,Sunday
ORD-2023-02613,15-Feb-23,C0034,P0424,Dickies Trifold Wallet for Men - 31DI210004-Red,Wallets,Dickies Trifold Wallet for Men - 31DI210004-Red,1,60,60,Wallet,2023,2,February,Wednesday
ORD-2022-02614,9-Aug-22,C0174,P0560,"Fossil Nate Men'S Black Dial Stainless Steel Band Watch Jr1527, Quartz, Analog",Watches,"Fossil Nate Men'S Black Dial Stainless Steel Band Watch Jr1527, Quartz, Analog",5,775,3875,Wallet,2022,8,August,Tuesday
ORD-2024-02615,17-Jul-24,C0180,P0141,Lacoste Casual Shoe for Men Size 42 EU - Black,Casual & Dress Shoes,Lacoste Casual Shoe for Men Size 42 EU - Black,5,379,1895,Credit Card,2024,7,July,Wednesday
ORD-2022-02616,5-Dec-22,C0520,P0473,Michael Kors Darci Watch for Women - Analog Stainless Steel Band - MK3191,Watches,Michael Kors Darci Watch for Women - Analog Stainless Steel Band - MK3191,2,859,1718,Wallet,2022,12,December,Monday
ORD-2022-02617,2-Nov-22,C0443,P0476,Lacoste Men's Blue Dial Stainless Steel Band Watch - 2010953L,Watches,Lacoste Men's Blue Dial Stainless Steel Band Watch - 2010953L,1,965,965,Net Banking,2022,11,November,Wednesday
ORD-2023-02618,18-Jun-23,C0341,P0138,Lacoste Casual Shoe for Men Size 43 EU - White,Casual & Dress Shoes,Lacoste Casual Shoe for Men Size 43 EU - White,4,529,2116,Wallet,2023,6,June,Sunday
ORD-2022-02619,15-Sep-22,C0662,P0525,"Diesel Mr. Daddy 2.0 Men'S Black Dial Stainless Steel Band Watch Dz7312, Japanese Quartz, Analog",Watches,"Diesel Mr. Daddy 2.0 Men'S Black Dial Stainless Steel Band Watch Dz7312, Japanese Quartz, Analog",1,1502,1502,Net Banking,2022,9,September,Thursday
ORD-2022-02620,15-Feb-22,C0668,P0467,"Fossil Grant Watch For Men Analog Leather Band Fs5151, Quartz",Watches,"Fossil Grant Watch For Men Analog Leather Band Fs5151, Quartz",7,756,5292,Debit Card,2022,2,February,Tuesday
ORD-2022-02621,24-May-22,C0394,P0274,"Puma Sunglass For Men - Pu0016S_005, Blue Lens, Square Frame",Eyewear,"Puma Sunglass For Men - Pu0016S_005, Blue Lens, Square Frame",1,365,365,Credit Card,2022,5,May,Tuesday
ORD-2023-02622,9-Dec-23,C0094,P0415,Levis Trifold Wallet for Men - 31LV110021-Black,Wallets,Levis Trifold Wallet for Men - 31LV110021-Black,1,110,110,Net Banking,2023,12,December,Saturday
ORD-2022-02623,2-Jan-22,C0476,P0196,"Ray-Ban Sunglasses for Unisex, Brown, 3647N",Eyewear,"Ray-Ban Sunglasses for Unisex, Brown, 3647N",1,900,900,UPI,2022,1,January,Sunday
ORD-2022-02624,11-Nov-22,C0631,P0299,"GUESS Marciano for Men - Eau de Toilette, 100ml",Perfumes & Fragrances,"GUESS Marciano for Men - Eau de Toilette, 100ml",3,273,819,Net Banking,2022,11,November,Friday
ORD-2023-02625,3-Feb-23,C0652,P0464,"Diesel Master Chief Men'S Gray Dial Leather Band Chronograph Watch Dz4290, Japanese Quartz, Analog",Watches,"Diesel Master Chief Men'S Gray Dial Leather Band Chronograph Watch Dz4290, Japanese Quartz, Analog",1,2371.23,2371.23,Wallet,2023,2,February,Friday
ORD-2023-02626,8-Jan-23,C0061,P0278,"Oakley Round Sunglasses For Men, Silver, 0OO9265 92652153",Eyewear,"Oakley Round Sunglasses For Men, Silver, 0OO9265 92652153",2,1000,2000,Net Banking,2023,1,January,Sunday
ORD-2023-02627,10-Dec-23,C0193,P0179,Ray-Ban Rb3025-002/58 Aviator Unisex Sunglasses,Eyewear,Ray-Ban Rb3025-002/58 Aviator Unisex Sunglasses,1,985,985,Debit Card,2023,12,December,Sunday
ORD-2023-02628,5-Mar-23,C0368,P0313,"Calvin Klein Euphoria for Men - Eau de Toilette, 100ml",Perfumes & Fragrances,"Calvin Klein Euphoria for Men - Eau de Toilette, 100ml",1,249,249,Debit Card,2023,3,March,Sunday
ORD-2023-02629,23-Nov-23,C0411,P0547,"Diesel Mr. Daddy Men'S Black Dial Leather Band Watch Dz7313, Japanese Quartz, Analog",Watches,"Diesel Mr. Daddy Men'S Black Dial Leather Band Watch Dz7313, Japanese Quartz, Analog",6,1345,8070,UPI,2023,11,November,Thursday
ORD-2022-02630,9-Dec-22,C0403,P0013,"Nike Fitness Shoes For Men , 42.5 EU , Black",Athletic Shoes,"Nike Fitness Shoes For Men , 42.5 EU , Black",5,319,1595,Net Banking,2022,12,December,Friday
ORD-2025-02631,10-Jan-25,C0098,P0052,Nike SB Check Solar Cnvs Skate Boarding Shoes For Men,Athletic Shoes,Nike SB Check Solar Cnvs Skate Boarding Shoes For Men,3,279,837,Net Banking,2025,1,January,Friday
ORD-2022-02632,20-Nov-22,C0209,P0540,"Burberry BU9350 For Men (Analog, Casual Watch), Stainless Steel",Watches,"Burberry BU9350 For Men (Analog, Casual Watch), Stainless Steel",1,2865,2865,Credit Card,2022,11,November,Sunday
ORD-2022-02633,31-Jul-22,C0137,P0267,"Ray-Ban Sunglasses For Men, Size 51 mm, 4246, 51, 990, N.C, Green Lens, Round Frame",Eyewear,"Ray-Ban Sunglasses For Men, Size 51 mm, 4246, 51, 990, N.C, Green Lens, Round Frame",2,790,1580,Wallet,2022,7,July,Sunday
ORD-2023-02634,9-Dec-23,C0075,P0376,adidas SID 360 ADI TEE WHITE for MALE,Sportswear,adidas SID 360 ADI TEE WHITE for MALE,2,139,278,Net Banking,2023,12,December,Saturday
ORD-2025-02635,1-Jan-25,C0547,P0013,"Nike Fitness Shoes For Men , 42.5 EU , Black",Athletic Shoes,"Nike Fitness Shoes For Men , 42.5 EU , Black",5,319,1595,Credit Card,2025,1,January,Wednesday
ORD-2024-02636,14-Sep-24,C0235,P0602,"JBW Laurel Watch for Women , Stainless Steel , 9 Diamonds , J6330I",Watches,"JBW Laurel Watch for Women , Stainless Steel , 9 Diamonds , J6330I",1,4110,4110,Debit Card,2024,9,September,Saturday
ORD-2024-02637,20-Jan-24,C0146,P0566,Seiko Men's Black Dial Stainless Steel Band Watch - SNK375J1,Watches,Seiko Men's Black Dial Stainless Steel Band Watch - SNK375J1,2,691,1382,Wallet,2024,1,January,Saturday
ORD-2022-02638,19-Oct-22,C0608,P0473,Michael Kors Darci Watch for Women - Analog Stainless Steel Band - MK3191,Watches,Michael Kors Darci Watch for Women - Analog Stainless Steel Band - MK3191,5,859,4295,Net Banking,2022,10,October,Wednesday
ORD-2023-02639,19-Dec-23,C0079,P0211,"Calvin Klein Cat Eye Sunglasses for Women - Black Lens, CK3206S-001",Eyewear,"Calvin Klein Cat Eye Sunglasses for Women - Black Lens, CK3206S-001",4,950,3800,COD,2023,12,December,Tuesday
ORD-2022-02640,9-Mar-22,C0220,P0256,CARRERA Men's Sunglasses Aviator Carrera 1005/S Whit Gold,Eyewear,CARRERA Men's Sunglasses Aviator Carrera 1005/S Whit Gold,3,800,2400,UPI,2022,3,March,Wednesday
ORD-2024-02641,25-Nov-24,C0098,P0519,"Fossil Jacqueline Women'S Rose Gold Dial Stainless Steel Band Watch Es3546, Quartz, Analog",Watches,"Fossil Jacqueline Women'S Rose Gold Dial Stainless Steel Band Watch Es3546, Quartz, Analog",1,1452,1452,Credit Card,2024,11,November,Monday
ORD-2024-02642,4-Mar-24,C0124,P0123,Lacoste Casual Shoe for Men Size 44 EU - White,Casual & Dress Shoes,Lacoste Casual Shoe for Men Size 44 EU - White,1,359,359,UPI,2024,3,March,Monday
ORD-2024-02643,10-Jan-24,C0663,P0502,"Casio His & Hers Black Dial Stainless Steel Band Couple Watch - MTP/LTP-V004D-1B For Unisex, Analog, Japanese Quartz",Watches,"Casio His & Hers Black Dial Stainless Steel Band Couple Watch - MTP/LTP-V004D-1B For Unisex, Analog, Japanese Quartz",1,270,270,Wallet,2024,1,January,Wednesday
ORD-2022-02644,29-Jun-22,C0662,P0573,Lacoste Casual Watch For Women Analog Silicone - 2001024,Watches,Lacoste Casual Watch For Women Analog Silicone - 2001024,3,895,2685,Debit Card,2022,6,June,Wednesday
ORD-2023-02645,14-Jun-23,C0144,P0178,"Polaroid Sunglasses for Men, Black- PLD 7005/S 223783YYV63RC",Eyewear,"Polaroid Sunglasses for Men, Black- PLD 7005/S 223783YYV63RC",1,250,250,Credit Card,2023,6,June,Wednesday
ORD-2024-02646,17-Feb-24,C0316,P0419,guess Men's Wallet 31GUE11028-Brown,Wallets,guess Men's Wallet 31GUE11028-Brown,2,140,280,UPI,2024,2,February,Saturday
ORD-2024-02647,7-Oct-24,C0386,P0598,Invicta Pro Diver Men's Black Dial Stainless Steel Band Automatic Watch - INVICTA-8926,Watches,Invicta Pro Diver Men's Black Dial Stainless Steel Band Automatic Watch - INVICTA-8926,2,680.4,1360.8,Credit Card,2024,10,October,Monday
ORD-2023-02648,10-Aug-23,C0027,P0354,"Tommy Girl By Tommy Hilfiger For Women - Eau De Toilette, 100 ml",Perfumes & Fragrances,"Tommy Girl By Tommy Hilfiger For Women - Eau De Toilette, 100 ml",4,385,1540,Credit Card,2023,8,August,Thursday
ORD-2024-02649,16-Nov-24,C0348,P0472,hugo boss Jet Men's White Dial Leather Band Watch - 1513282,Watches,hugo boss Jet Men's White Dial Leather Band Watch - 1513282,4,1140,4560,Net Banking,2024,11,November,Saturday
ORD-2023-02650,22-Jul-23,C0012,P0343,"Fantasy by Britney Spears for Women - Eau de Parfum, 100ml",Perfumes & Fragrances,"Fantasy by Britney Spears for Women - Eau de Parfum, 100ml",3,125,375,Credit Card,2023,7,July,Saturday
ORD-2024-02651,2-Nov-24,C0469,P0333,"Brown Orchid for Men - Eau de Parfum, 80ml",Perfumes & Fragrances,"Brown Orchid for Men - Eau de Parfum, 80ml",2,59,118,Credit Card,2024,11,November,Saturday
ORD-2023-02652,2-Nov-23,C0075,P0320,"Bentley Intense for Men - Eau de Parfum, 100ml",Perfumes & Fragrances,"Bentley Intense for Men - Eau de Parfum, 100ml",1,294,294,Wallet,2023,11,November,Thursday
ORD-2025-02653,26-Apr-25,C0077,P0256,CARRERA Men's Sunglasses Aviator Carrera 1005/S Whit Gold,Eyewear,CARRERA Men's Sunglasses Aviator Carrera 1005/S Whit Gold,3,800,2400,Net Banking,2025,4,April,Saturday
ORD-2023-02654,13-May-23,C0647,P0601,JBW Caden 0.08 ctw Diamond Men's Green Dial Genuine Leather Band Watch - J6374A,Watches,JBW Caden 0.08 ctw Diamond Men's Green Dial Genuine Leather Band Watch - J6374A,1,1499,1499,Wallet,2023,5,May,Saturday
ORD-2024-02655,20-Dec-24,C0232,P0488,JBW Jet Setter Men's 234 Diamonds Gold Dial Stainless Steel Band Watch - JB-6213-E,Watches,JBW Jet Setter Men's 234 Diamonds Gold Dial Stainless Steel Band Watch - JB-6213-E,1,26220,26220,COD,2024,12,December,Friday
ORD-2023-02656,2-Nov-23,C0571,P0542,"JBW The G4 Calfskin Leather Band Men's Watch, 16 Diamonds, Swiss Multi-Function Movement (J6248LM)",Watches,"JBW The G4 Calfskin Leather Band Men's Watch, 16 Diamonds, Swiss Multi-Function Movement (J6248LM)",1,4481,4481,COD,2023,11,November,Thursday
ORD-2022-02657,2-Apr-22,C0215,P0606,"T5 Watch For Men [Rubber,Chronograph]-H3397G-B",Watches,"T5 Watch For Men [Rubber,Chronograph]-H3397G-B",5,440,2200,Credit Card,2022,4,April,Saturday
ORD-2024-02658,27-Jan-24,C0079,P0199,"Ray-Ban 0rb3647n Non-Polarized Iridium Round Sunglasses, Gold, 51 mm",Eyewear,"Ray-Ban 0rb3647n Non-Polarized Iridium Round Sunglasses, Gold, 51 mm",2,1270,2540,UPI,2024,1,January,Saturday
ORD-2023-02659,5-Apr-23,C0162,P0236,"Polaroid Sunglasses For Unisex, Grey Lens, Pld6063/G/S, Oval Frame",Eyewear,"Polaroid Sunglasses For Unisex, Grey Lens, Pld6063/G/S, Oval Frame",3,250,750,Wallet,2023,4,April,Wednesday
ORD-2024-02660,28-Apr-24,C0087,P0314,Crystal Noir by Versace  for Women - Eau de Parfum- 90 ml,Perfumes & Fragrances,Crystal Noir by Versace  for Women - Eau de Parfum- 90 ml,1,315,315,Credit Card,2024,4,April,Sunday
ORD-2025-02661,23-Feb-25,C0309,P0372,adidas Design 2 Move 3 Stripes Sport Tank Top for Women - White/Black,Sportswear,adidas Design 2 Move 3 Stripes Sport Tank Top for Women - White/Black,1,130,130,UPI,2025,2,February,Sunday
ORD-2022-02662,31-Dec-22,C0437,P0419,guess Men's Wallet 31GUE11028-Brown,Wallets,guess Men's Wallet 31GUE11028-Brown,2,140,280,Wallet,2022,12,December,Saturday
ORD-2025-02663,27-Apr-25,C0094,P0123,Lacoste Casual Shoe for Men Size 44 EU - White,Casual & Dress Shoes,Lacoste Casual Shoe for Men Size 44 EU - White,3,359,1077,UPI,2025,4,April,Sunday
ORD-2022-02664,28-Jul-22,C0578,P0174,"Carrera Aviator Sunglasses for Unisex , 8010/S-R80-59-12-140-WJ",Eyewear,"Carrera Aviator Sunglasses for Unisex , 8010/S-R80-59-12-140-WJ",1,525,525,Credit Card,2022,7,July,Thursday
ORD-2022-02665,2-Nov-22,C0634,P0346,"Sheikh Al Shuyukh Luxe Edition For Men, Eau De Parfum, 100 ml",Perfumes & Fragrances,"Sheikh Al Shuyukh Luxe Edition For Men, Eau De Parfum, 100 ml",2,120.21,240.42,COD,2022,11,November,Wednesday
ORD-2022-02666,24-Dec-22,C0365,P0585,Casio MTP-1314D-2A Analog Quartz Stainless Steel Casual Watch for Men - Silver,Watches,Casio MTP-1314D-2A Analog Quartz Stainless Steel Casual Watch for Men - Silver,1,400,400,Wallet,2022,12,December,Saturday
ORD-2022-02667,9-Jan-22,C0579,P0314,Crystal Noir by Versace  for Women - Eau de Parfum- 90 ml,Perfumes & Fragrances,Crystal Noir by Versace  for Women - Eau de Parfum- 90 ml,1,315,315,COD,2022,1,January,Sunday
ORD-2024-02668,14-Nov-24,C0403,P0469,Lacoste Women's Blue Dial Leather Band Watch - 2001006,Watches,Lacoste Women's Blue Dial Leather Band Watch - 2001006,2,605,1210,Credit Card,2024,11,November,Thursday
ORD-2023-02669,28-Jul-23,C0081,P0436,"Fossil Townsman Watch For Men Analog Stainless Steel Band Me3103, Automatic",Watches,"Fossil Townsman Watch For Men Analog Stainless Steel Band Me3103, Automatic",2,929,1858,UPI,2023,7,July,Friday
ORD-2022-02670,15-Mar-22,C0261,P0170,"Esprit Women's Sunglasses - Brown Frame,Brown Gradient Lens- ET19461/535, size 56-16-142",Eyewear,"Esprit Women's Sunglasses - Brown Frame,Brown Gradient Lens- ET19461/535, size 56-16-142",4,336,1344,COD,2022,3,March,Tuesday
ORD-2023-02671,8-Nov-23,C0230,P0535,Hugo Boss Essential Men's Silver White Dial Stainless Steel Band Watch - 1513650,Watches,Hugo Boss Essential Men's Silver White Dial Stainless Steel Band Watch - 1513650,1,1125,1125,UPI,2023,11,November,Wednesday
ORD-2024-02672,18-Dec-24,C0272,P0195,"Tom Ford Men's Sunglasses Aviator Marley, Black/Blue",Eyewear,"Tom Ford Men's Sunglasses Aviator Marley, Black/Blue",3,1256,3768,COD,2024,12,December,Wednesday
ORD-2023-02673,17-Sep-23,C0485,P0542,"JBW The G4 Calfskin Leather Band Men's Watch, 16 Diamonds, Swiss Multi-Function Movement (J6248LM)",Watches,"JBW The G4 Calfskin Leather Band Men's Watch, 16 Diamonds, Swiss Multi-Function Movement (J6248LM)",3,4481,13443,Credit Card,2023,9,September,Sunday
ORD-2023-02674,30-Dec-23,C0143,P0170,"Esprit Women's Sunglasses - Brown Frame,Brown Gradient Lens- ET19461/535, size 56-16-142",Eyewear,"Esprit Women's Sunglasses - Brown Frame,Brown Gradient Lens- ET19461/535, size 56-16-142",3,336,1008,Credit Card,2023,12,December,Saturday
ORD-2023-02675,14-Dec-23,C0632,P0183,"Ray-Ban Unisex Aviator Sunglasses [Rb3025 112/85], 55-14-135, Brown Lens",Eyewear,"Ray-Ban Unisex Aviator Sunglasses [Rb3025 112/85], 55-14-135, Brown Lens",2,1014,2028,Credit Card,2023,12,December,Thursday
ORD-2024-02676,21-Jun-24,C0012,P0395,"Vince Camuto Wallet for Women , White",Wallets,"Vince Camuto Wallet for Women , White",1,425,425,COD,2024,6,June,Friday
ORD-2024-02677,15-Jun-24,C0417,P0002,"Nike Md Runner 2 Two-Tone Textile-Mesh Suede-Accent Side-Logo Lace-Up Running Athletic Shoes for Men - Wolf Grey, 42.5",Athletic Shoes,"Nike Md Runner 2 Two-Tone Textile-Mesh Suede-Accent Side-Logo Lace-Up Running Athletic Shoes for Men - Wolf Grey, 42.5",3,349,1047,UPI,2024,6,June,Saturday
ORD-2024-02678,3-May-24,C0578,P0590,"Emporio Armani Men'S Blue Dial Leather Band Watch Ar2479, Quartz, Analog",Watches,"Emporio Armani Men'S Blue Dial Leather Band Watch Ar2479, Quartz, Analog",3,1038,3114,Net Banking,2024,5,May,Friday
ORD-2025-02679,9-Feb-25,C0174,P0465,Hugo Boss Dress Watch For Men Analog Leather - 1513279,Watches,Hugo Boss Dress Watch For Men Analog Leather - 1513279,3,1435,4305,Credit Card,2025,2,February,Sunday
ORD-2024-02680,29-Jul-24,C0526,P0447,Tissot Everytime Women's Silver Dial Stainless Steel Band Watch - T057.910.22.037.00,Watches,Tissot Everytime Women's Silver Dial Stainless Steel Band Watch - T057.910.22.037.00,1,1680,1680,Wallet,2024,7,July,Monday
ORD-2023-02681,10-Nov-23,C0321,P0435,JBW 562 Men's 12 Diamonds Gold Dial Gold-Plated Stainless Steel Band Watch - JB-6225-M,Watches,JBW 562 Men's 12 Diamonds Gold Dial Gold-Plated Stainless Steel Band Watch - JB-6225-M,5,2749,13745,COD,2023,11,November,Friday
ORD-2023-02682,19-Jun-23,C0622,P0457,"Akribos XXIV Men's Black Dial Metal Band Watch - AK814TTB, Analog, Japanese Quartz",Watches,"Akribos XXIV Men's Black Dial Metal Band Watch - AK814TTB, Analog, Japanese Quartz",2,1860,3720,UPI,2023,6,June,Monday
ORD-2022-02683,30-Nov-22,C0318,P0143,"Carrera Sunglasses for Unisex , Black Aviator",Eyewear,"Carrera Sunglasses for Unisex , Black Aviator",8,650,5200,Debit Card,2022,11,November,Wednesday
ORD-2024-02684,23-Mar-24,C0615,P0168,Carrera Carrera 126/S QGGHD (Black - Gun with Grey Gradient lenses),Eyewear,Carrera Carrera 126/S QGGHD (Black - Gun with Grey Gradient lenses),3,750,2250,COD,2024,3,March,Saturday
ORD-2023-02685,16-Mar-23,C0574,P0461,Tissot Casual Watch For Women Analog Stainless Steel - T023.309.11.031.00,Watches,Tissot Casual Watch For Women Analog Stainless Steel - T023.309.11.031.00,1,1580,1580,Net Banking,2023,3,March,Thursday
ORD-2025-02686,22-Jan-25,C0107,P0338,"Dunhill Desire for Men - Eau de Toilette, 100ml",Perfumes & Fragrances,"Dunhill Desire for Men - Eau de Toilette, 100ml",1,305,305,Wallet,2025,1,January,Wednesday
ORD-2024-02687,23-Aug-24,C0556,P0601,JBW Caden 0.08 ctw Diamond Men's Green Dial Genuine Leather Band Watch - J6374A,Watches,JBW Caden 0.08 ctw Diamond Men's Green Dial Genuine Leather Band Watch - J6374A,1,1499,1499,Wallet,2024,8,August,Friday
ORD-2022-02688,23-Jul-22,C0644,P0561,"JBW Wrist Watch for Women Diamond Inlay 12 Piece , Stainless Steel ,J6346C",Watches,"JBW Wrist Watch for Women Diamond Inlay 12 Piece , Stainless Steel ,J6346C",2,3749,7498,UPI,2022,7,July,Saturday
ORD-2023-02689,24-Mar-23,C0645,P0113,"Lacoste Carnaby Lace Up Shoes For Men Size 42 EU, White",Casual & Dress Shoes,"Lacoste Carnaby Lace Up Shoes For Men Size 42 EU, White",7,519,3633,COD,2023,3,March,Friday
ORD-2025-02690,25-Jan-25,C0501,P0524,"Casio Enticer Men's Blue Dial Stainless Steel Band Watch - MTP-1335D-2AV, Analog, Quartz",Watches,"Casio Enticer Men's Blue Dial Stainless Steel Band Watch - MTP-1335D-2AV, Analog, Quartz",1,822.37,822.37,COD,2025,1,January,Saturday
ORD-2023-02691,25-Nov-23,C0191,P0194,"Emporio Armani Rectangle Sunglasses for Men , Grey Lenses , 8053672481389",Eyewear,"Emporio Armani Rectangle Sunglasses for Men , Grey Lenses , 8053672481389",2,890,1780,COD,2023,11,November,Saturday
ORD-2024-02692,17-Aug-24,C0107,P0099,"Lacoste Jouer Fashion Sneakers Shoes for Men, Size 42 EU, Navy and White",Casual & Dress Shoes,"Lacoste Jouer Fashion Sneakers Shoes for Men, Size 42 EU, Navy and White",1,459,459,COD,2024,8,August,Saturday
ORD-2024-02693,14-Nov-24,C0264,P0575,"Burberry Men's Gold Dial Leather Band Watch - BU9011, Analog, Swiss Quartz",Watches,"Burberry Men's Gold Dial Leather Band Watch - BU9011, Analog, Swiss Quartz",1,1625,1625,Wallet,2024,11,November,Thursday
ORD-2025-02694,25-Jan-25,C0196,P0552,Michael Kors Slim Runway Watch for Women - Analog Leather Band - MK2389,Watches,Michael Kors Slim Runway Watch for Women - Analog Leather Band - MK2389,2,1061,2122,Debit Card,2025,1,January,Saturday
ORD-2023-02695,17-Jun-23,C0497,P0339,"Elite Musk Forever for Unisex - Eau de Parfum, 100ml",Perfumes & Fragrances,"Elite Musk Forever for Unisex - Eau de Parfum, 100ml",1,157,157,COD,2023,6,June,Saturday
ORD-2022-02696,5-Apr-22,C0421,P0153,"Bvlgari Sunglasses for Men , Lens Color Grey , 8053672139723",Eyewear,"Bvlgari Sunglasses for Men , Lens Color Grey , 8053672139723",2,1329,2658,Debit Card,2022,4,April,Tuesday
ORD-2022-02697,18-Jan-22,C0214,P0523,"Casio Women'S Gold Dial Stainless Steel Band Watch Ltp 1165N 9C, Quartz, Analog",Watches,"Casio Women'S Gold Dial Stainless Steel Band Watch Ltp 1165N 9C, Quartz, Analog",1,193,193,Wallet,2022,1,January,Tuesday
ORD-2023-02698,28-Nov-23,C0615,P0103,Jack and Jones Shoes for Men  - Navy - 44 EU,Casual & Dress Shoes,Jack and Jones Shoes for Men  - Navy - 44 EU,1,189,189,Debit Card,2023,11,November,Tuesday
ORD-2022-02699,25-Mar-22,C0597,P0066,"Nike SB Charge Canvas Sneaker for Men , Size 40 EU , Black",Athletic Shoes,"Nike SB Charge Canvas Sneaker for Men , Size 40 EU , Black",2,259,518,Credit Card,2022,3,March,Friday
ORD-2024-02700,21-Feb-24,C0453,P0578,"Akribos XXIV Men's Brown Dial Leather Band Watch - AK916RG, Analog, Japanese Quartz Movement",Watches,"Akribos XXIV Men's Brown Dial Leather Band Watch - AK916RG, Analog, Japanese Quartz Movement",2,1490,2980,Net Banking,2024,2,February,Wednesday
ORD-2023-02701,5-Aug-23,C0065,P0586,"Watch for Men by Casio , Analog , Chronograph , Stainless Steel , Silver , MTP-1374D-2AV",Watches,"Watch for Men by Casio , Analog , Chronograph , Stainless Steel , Silver , MTP-1374D-2AV",3,269,807,COD,2023,8,August,Saturday
ORD-2022-02702,4-Jun-22,C0561,P0253,"Ray Ban Unisex Sunglasses - 3025, 58, 004/78, Grey Lens, Aviator Frame",Eyewear,"Ray Ban Unisex Sunglasses - 3025, 58, 004/78, Grey Lens, Aviator Frame",1,1065,1065,UPI,2022,6,June,Saturday
ORD-2023-02703,3-Dec-23,C0242,P0572,JBW Dress Watch For Men Analog Genuine Leather - JB-6101L-10C,Watches,JBW Dress Watch For Men Analog Genuine Leather - JB-6101L-10C,3,4031,12093,Wallet,2023,12,December,Sunday
ORD-2022-02704,29-Oct-22,C0015,P0187,Ray Ban Clubmaster Unisex Sunglasses - RB3016W036-W0365 - 51-50 -25-145 mm,Eyewear,Ray Ban Clubmaster Unisex Sunglasses - RB3016W036-W0365 - 51-50 -25-145 mm,4,870,3480,Wallet,2022,10,October,Saturday
ORD-2025-02705,15-Jan-25,C0050,P0373,"Adidas W E Lin Slim Tk Tank For Women - Black (Dp2359), S",Sportswear,"Adidas W E Lin Slim Tk Tank For Women - Black (Dp2359), S",1,100,100,Net Banking,2025,1,January,Wednesday
ORD-2023-02706,2-Nov-23,C0658,P0342,"S.T.Dupont Pour Homme for Men - Eau de Toilette, 100ml",Perfumes & Fragrances,"S.T.Dupont Pour Homme for Men - Eau de Toilette, 100ml",1,221,221,UPI,2023,11,November,Thursday
ORD-2022-02707,31-Mar-22,C0108,P0158,Ray-Ban Aviator Unisex Sunglasses - RB3025-004-58-58,Eyewear,Ray-Ban Aviator Unisex Sunglasses - RB3025-004-58-58,2,900,1800,Net Banking,2022,3,March,Thursday
ORD-2022-02708,29-Jun-22,C0348,P0087,"Asics Gel-Saga SOU Sneakers for Women, White, 39 EU",Athletic Shoes,"Asics Gel-Saga SOU Sneakers for Women, White, 39 EU",2,339,678,COD,2022,6,June,Wednesday
ORD-2022-02709,6-Aug-22,C0502,P0375,Adidas  D2M HR 34 T Sport Tight for Women - Black,Sportswear,Adidas  D2M HR 34 T Sport Tight for Women - Black,7,180,1260,COD,2022,8,August,Saturday
ORD-2022-02710,30-May-22,C0030,P0153,"Bvlgari Sunglasses for Men , Lens Color Grey , 8053672139723",Eyewear,"Bvlgari Sunglasses for Men , Lens Color Grey , 8053672139723",3,1329,3987,UPI,2022,5,May,Monday
ORD-2024-02711,9-Feb-24,C0278,P0114,Lacoste Casual Shoe For Men Size 43 EU - White,Casual & Dress Shoes,Lacoste Casual Shoe For Men Size 43 EU - White,2,539,1078,Debit Card,2024,2,February,Friday
ORD-2024-02712,6-Nov-24,C0231,P0387,"Under Armour T-Shirt for Men, Size M - Black",Sportswear,"Under Armour T-Shirt for Men, Size M - Black",2,149,298,UPI,2024,11,November,Wednesday
ORD-2023-02713,11-Nov-23,C0377,P0261,"Polaroid Kids' PLD 8016/N K7 SED Sunglasses, Havana Green Grey Speckled Pz, 48",Eyewear,"Polaroid Kids' PLD 8016/N K7 SED Sunglasses, Havana Green Grey Speckled Pz, 48",10,250,2500,Credit Card,2023,11,November,Saturday
ORD-2022-02714,23-Nov-22,C0537,P0496,Fossil Coachman Men's Black Dial Leather Band Chronograph Watch - CH2891,Watches,Fossil Coachman Men's Black Dial Leather Band Chronograph Watch - CH2891,2,1265,2530,Wallet,2022,11,November,Wednesday
ORD-2025-02715,11-Jan-25,C0231,P0162,"Carrera Aviator Men's Sunglasses - Carrera 113/S -003-57-17-145-QT, 145 mm Green",Eyewear,"Carrera Aviator Men's Sunglasses - Carrera 113/S -003-57-17-145-QT, 145 mm Green",1,750,750,Credit Card,2025,1,January,Saturday
ORD-2024-02716,13-Jan-24,C0053,P0329,"Trussardi Donna for Women - Eau de Parfum, 100ml",Perfumes & Fragrances,"Trussardi Donna for Women - Eau de Parfum, 100ml",3,314,942,COD,2024,1,January,Saturday
ORD-2023-02717,3-May-23,C0635,P0572,JBW Dress Watch For Men Analog Genuine Leather - JB-6101L-10C,Watches,JBW Dress Watch For Men Analog Genuine Leather - JB-6101L-10C,1,4031,4031,Net Banking,2023,5,May,Wednesday
ORD-2022-02718,10-Dec-22,C0483,P0281,"Ray-Ban Butterfly Unisex Sunglasses - 4250 671/55 52, Blue Lens",Eyewear,"Ray-Ban Butterfly Unisex Sunglasses - 4250 671/55 52, Blue Lens",1,1170,1170,Credit Card,2022,12,December,Saturday
ORD-2023-02719,25-Dec-23,C0539,P0223,"Polaroid Sunglassess for Men, Grey- PLD 1015/S D28/Y2,Rectangle Shape",Eyewear,"Polaroid Sunglassess for Men, Grey- PLD 1015/S D28/Y2,Rectangle Shape",1,250,250,Credit Card,2023,12,December,Monday
ORD-2025-02720,15-Jan-25,C0602,P0243,Marc Jacobs Cat Eye Sunglasses for Unisex - Purple Lens,Eyewear,Marc Jacobs Cat Eye Sunglasses for Unisex - Purple Lens,1,850,850,COD,2025,1,January,Wednesday
ORD-2025-02721,14-Feb-25,C0269,P0539,"Casio Men's Ana-Digi Dial Stainless Steel Band Watch - AW-82D-1AVDF, Quartz",Watches,"Casio Men's Ana-Digi Dial Stainless Steel Band Watch - AW-82D-1AVDF, Quartz",1,336,336,Credit Card,2025,2,February,Friday
ORD-2025-02722,5-May-25,C0137,P0514,"Emporio Armani Casual Watch for Men - Stainless Steel, Analog - AR1933",Watches,"Emporio Armani Casual Watch for Men - Stainless Steel, Analog - AR1933",4,1360,5440,COD,2025,5,May,Monday
ORD-2025-02723,13-Feb-25,C0277,P0203,"Polaroid Sunglasses for Women, Black- PLD 4049/S 807",Eyewear,"Polaroid Sunglasses for Women, Black- PLD 4049/S 807",3,450,1350,Wallet,2025,2,February,Thursday
ORD-2023-02724,17-Dec-23,C0528,P0200,Polaroid P4139 Sunglasses,Eyewear,Polaroid P4139 Sunglasses,2,350,700,Net Banking,2023,12,December,Sunday
ORD-2022-02725,8-May-22,C0481,P0448,Hugo Boss Rafale Men's White Dial Leather Band Watch - 1513403,Watches,Hugo Boss Rafale Men's White Dial Leather Band Watch - 1513403,10,1195,11950,Credit Card,2022,5,May,Sunday
ORD-2024-02726,16-Dec-24,C0198,P0190,"Polaroid Sunglasses For Men, Multi Color, Pld 2043-S00361Lm, Aviator Frame",Eyewear,"Polaroid Sunglasses For Men, Multi Color, Pld 2043-S00361Lm, Aviator Frame",1,250,250,Credit Card,2024,12,December,Monday
ORD-2023-02727,19-May-23,C0063,P0603,JBW Delmare Men's 4 Genuine Diamonds Silicone Watch - J6359D,Watches,JBW Delmare Men's 4 Genuine Diamonds Silicone Watch - J6359D,4,2624,10496,Credit Card,2023,5,May,Friday
ORD-2024-02728,25-Aug-24,C0668,P0491,"Emporio Armani Watch for Men , Analog , AR11053",Watches,"Emporio Armani Watch for Men , Analog , AR11053",2,1118,2236,Net Banking,2024,8,August,Sunday
ORD-2024-02729,31-Dec-24,C0345,P0115,"Puma Fashion Sneakers Casual Shoe  For Men , Navy , 43 EU",Casual & Dress Shoes,"Puma Fashion Sneakers Casual Shoe  For Men , Navy , 43 EU",1,255,255,COD,2024,12,December,Tuesday
ORD-2025-02730,24-Feb-25,C0472,P0091,Nike air Max Motion 2 Running Shoes for Men - atmosphere Grey/White (44 EU),Athletic Shoes,Nike air Max Motion 2 Running Shoes for Men - atmosphere Grey/White (44 EU),1,589,589,COD,2025,2,February,Monday
ORD-2023-02731,23-Dec-23,C0067,P0066,"Nike SB Charge Canvas Sneaker for Men , Size 40 EU , Black",Athletic Shoes,"Nike SB Charge Canvas Sneaker for Men , Size 40 EU , Black",1,259,259,Debit Card,2023,12,December,Saturday
ORD-2024-02732,22-May-24,C0317,P0452,"Casio Analog, Casual Watch For Men - MTP-1314D-7AVDF, Stainless Steel",Watches,"Casio Analog, Casual Watch For Men - MTP-1314D-7AVDF, Stainless Steel",3,184,552,Credit Card,2024,5,May,Wednesday
ORD-2022-02733,5-Nov-22,C0146,P0102,"Geox U KAVEN Fashion Sneakers For Men , size 43 EU , Black",Casual & Dress Shoes,"Geox U KAVEN Fashion Sneakers For Men , size 43 EU , Black",2,479,958,Debit Card,2022,11,November,Saturday
ORD-2025-02734,14-May-25,C0403,P0529,"Scuderia Ferrari Watch for Men , Quartz , Stainless Steel - 830635",Watches,"Scuderia Ferrari Watch for Men , Quartz , Stainless Steel - 830635",1,880.84,880.84,Net Banking,2025,5,May,Wednesday
ORD-2025-02735,21-Feb-25,C0236,P0132,Lacoste Casual Shoe for Men Size 46 EU - White,Casual & Dress Shoes,Lacoste Casual Shoe for Men Size 46 EU - White,2,539,1078,Net Banking,2025,2,February,Friday
ORD-2022-02736,6-Feb-22,C0239,P0354,"Tommy Girl By Tommy Hilfiger For Women - Eau De Toilette, 100 ml",Perfumes & Fragrances,"Tommy Girl By Tommy Hilfiger For Women - Eau De Toilette, 100 ml",2,385,770,Credit Card,2022,2,February,Sunday
ORD-2023-02737,1-May-23,C0516,P0202,"Ray-Ban Sunglasses For Unisex, Size 55, Brown, 3025, 55, 004, 51, 55-14-135, Aviator Frame",Eyewear,"Ray-Ban Sunglasses For Unisex, Size 55, Brown, 3025, 55, 004, 51, 55-14-135, Aviator Frame",1,709,709,Wallet,2023,5,May,Monday
ORD-2022-02738,13-Dec-22,C0137,P0003,"Nike air Heights Sneaker for Women , Size 38 EU , White",Athletic Shoes,"Nike air Heights Sneaker for Women , Size 38 EU , White",2,419,838,Net Banking,2022,12,December,Tuesday
ORD-2023-02739,27-Nov-23,C0436,P0299,"GUESS Marciano for Men - Eau de Toilette, 100ml",Perfumes & Fragrances,"GUESS Marciano for Men - Eau de Toilette, 100ml",2,273,546,Net Banking,2023,11,November,Monday
ORD-2025-02740,22-May-25,C0029,P0313,"Calvin Klein Euphoria for Men - Eau de Toilette, 100ml",Perfumes & Fragrances,"Calvin Klein Euphoria for Men - Eau de Toilette, 100ml",1,249,249,Net Banking,2025,5,May,Thursday
ORD-2024-02741,13-Dec-24,C0313,P0363,"Under Armour Rival Fleece Training Sports Pants for Men Black, L",Sportswear,"Under Armour Rival Fleece Training Sports Pants for Men Black, L",1,229,229,Net Banking,2024,12,December,Friday
ORD-2024-02742,11-May-24,C0537,P0123,Lacoste Casual Shoe for Men Size 44 EU - White,Casual & Dress Shoes,Lacoste Casual Shoe for Men Size 44 EU - White,1,359,359,UPI,2024,5,May,Saturday
ORD-2025-02743,10-May-25,C0465,P0012,"Adidas VS Pace Nubuck Contrast Side Stripe Sport Sneakers for Men - White, 43 1/3",Athletic Shoes,"Adidas VS Pace Nubuck Contrast Side Stripe Sport Sneakers for Men - White, 43 1/3",2,259,518,Net Banking,2025,5,May,Saturday
ORD-2023-02744,10-Jul-23,C0300,P0547,"Diesel Mr. Daddy Men'S Black Dial Leather Band Watch Dz7313, Japanese Quartz, Analog",Watches,"Diesel Mr. Daddy Men'S Black Dial Leather Band Watch Dz7313, Japanese Quartz, Analog",2,1345,2690,COD,2023,7,July,Monday
ORD-2023-02745,22-Dec-23,C0640,P0113,"Lacoste Carnaby Lace Up Shoes For Men Size 42 EU, White",Casual & Dress Shoes,"Lacoste Carnaby Lace Up Shoes For Men Size 42 EU, White",1,519,519,Debit Card,2023,12,December,Friday
ORD-2023-02746,31-Dec-23,C0114,P0177,"Ray-Ban Sunglasses for Men, Black, 3548N",Eyewear,"Ray-Ban Sunglasses for Men, Black, 3548N",1,1286,1286,COD,2023,12,December,Sunday
ORD-2023-02747,3-Jan-23,C0118,P0045,"Asics GEL-NIMBUS 22 Running Shoes for Women, Rose Gold, 38 EU",Athletic Shoes,"Asics GEL-NIMBUS 22 Running Shoes for Women, Rose Gold, 38 EU",1,839,839,Wallet,2023,1,January,Tuesday
ORD-2025-02748,13-Jun-25,C0257,P0093,"Skechers BOUNDER Sneaker for Men , Size 42.5 EU , Black",Athletic Shoes,"Skechers BOUNDER Sneaker for Men , Size 42.5 EU , Black",1,778.96,778.96,Debit Card,2025,6,June,Friday
ORD-2025-02749,12-Jun-25,C0032,P0360,Under Armour Training T-Shirt for Men,Sportswear,Under Armour Training T-Shirt for Men,1,139,139,Credit Card,2025,6,June,Thursday
ORD-2025-02750,2-Apr-25,C0564,P0452,"Casio Analog, Casual Watch For Men - MTP-1314D-7AVDF, Stainless Steel",Watches,"Casio Analog, Casual Watch For Men - MTP-1314D-7AVDF, Stainless Steel",2,184,368,Debit Card,2025,4,April,Wednesday
ORD-2024-02751,21-Nov-24,C0155,P0130,"Puma Fashion Sneakers Casual Shoe  For Men , Navy , 41 EU",Casual & Dress Shoes,"Puma Fashion Sneakers Casual Shoe  For Men , Navy , 41 EU",4,320,1280,Net Banking,2024,11,November,Thursday
ORD-2023-02752,6-Aug-23,C0112,P0236,"Polaroid Sunglasses For Unisex, Grey Lens, Pld6063/G/S, Oval Frame",Eyewear,"Polaroid Sunglasses For Unisex, Grey Lens, Pld6063/G/S, Oval Frame",2,250,500,Debit Card,2023,8,August,Sunday
ORD-2024-02753,13-Dec-24,C0527,P0459,"Emporio Armani Men'S Black Dial Stainless Steel Band Watch Ar1977, Quartz, Analog",Watches,"Emporio Armani Men'S Black Dial Stainless Steel Band Watch Ar1977, Quartz, Analog",4,1148,4592,Net Banking,2024,12,December,Friday
ORD-2025-02754,13-Jan-25,C0440,P0015,"adidas ASWEERUN Sneaker for Mens, Black - Size 42 EU",Athletic Shoes,"adidas ASWEERUN Sneaker for Mens, Black - Size 42 EU",4,259,1036,Debit Card,2025,1,January,Monday
ORD-2023-02755,26-Aug-23,C0299,P0162,"Carrera Aviator Men's Sunglasses - Carrera 113/S -003-57-17-145-QT, 145 mm Green",Eyewear,"Carrera Aviator Men's Sunglasses - Carrera 113/S -003-57-17-145-QT, 145 mm Green",1,750,750,Credit Card,2023,8,August,Saturday
ORD-2023-02756,18-May-23,C0314,P0509,"JBW Laurel Watch for Women , Stainless Steel , 9 Diamonds , J6330F",Watches,"JBW Laurel Watch for Women , Stainless Steel , 9 Diamonds , J6330F",3,4316,12948,UPI,2023,5,May,Thursday
ORD-2022-02757,16-Jul-22,C0016,P0201,"U.S. Polo Assn. Sunglasses For Men - Brown, 711 BRN",Eyewear,"U.S. Polo Assn. Sunglasses For Men - Brown, 711 BRN",1,240,240,Wallet,2022,7,July,Saturday
ORD-2025-02758,25-Jan-25,C0403,P0283,"Ray-Ban Aviator Men's Sunglasses - Rb 3560-004/51 - 61-17-145 mm, Brown Lens",Eyewear,"Ray-Ban Aviator Men's Sunglasses - Rb 3560-004/51 - 61-17-145 mm, Brown Lens",2,840,1680,Wallet,2025,1,January,Saturday
ORD-2024-02759,3-Nov-24,C0320,P0449,"Scuderia Ferrari Casual Watch for Unisex , Silicone , 830482",Watches,"Scuderia Ferrari Casual Watch for Unisex , Silicone , 830482",2,395,790,Net Banking,2024,11,November,Sunday
ORD-2024-02760,30-Oct-24,C0012,P0137,Lacoste Casual Shoe for Men Size 44 EU - White,Casual & Dress Shoes,Lacoste Casual Shoe for Men Size 44 EU - White,1,499,499,Credit Card,2024,10,October,Wednesday
ORD-2023-02761,25-Nov-23,C0084,P0510,JBW Women's Mondrian Jewelry Set 0.16 ctw Diamond 18k Gold-plated Stainless Steel Watch - J6303-SetB,Watches,JBW Women's Mondrian Jewelry Set 0.16 ctw Diamond 18k Gold-plated Stainless Steel Watch - J6303-SetB,3,4897.19,14691.57,Credit Card,2023,11,November,Saturday
ORD-2024-02762,9-Nov-24,C0077,P0158,Ray-Ban Aviator Unisex Sunglasses - RB3025-004-58-58,Eyewear,Ray-Ban Aviator Unisex Sunglasses - RB3025-004-58-58,2,900,1800,Net Banking,2024,11,November,Saturday
ORD-2022-02763,24-Dec-22,C0015,P0037,Nike Flex Essential Training Shoes for Women (Black - 38 EU),Athletic Shoes,Nike Flex Essential Training Shoes for Women (Black - 38 EU),1,309,309,Net Banking,2022,12,December,Saturday
ORD-2022-02764,27-Dec-22,C0385,P0104,Hugo Boss Casual Shoe for Men Size 43 EU - Navy,Casual & Dress Shoes,Hugo Boss Casual Shoe for Men Size 43 EU - Navy,1,759,759,UPI,2022,12,December,Tuesday
ORD-2023-02765,29-Jan-23,C0146,P0067,"Adidas Lite Racer RBN Nylon Mesh Side Stripe Running Shoes with Pull Tab for Men - Core Black, 43 1/3",Athletic Shoes,"Adidas Lite Racer RBN Nylon Mesh Side Stripe Running Shoes with Pull Tab for Men - Core Black, 43 1/3",1,1737.75,1737.75,Wallet,2023,1,January,Sunday
ORD-2024-02766,9-Nov-24,C0278,P0190,"Polaroid Sunglasses For Men, Multi Color, Pld 2043-S00361Lm, Aviator Frame",Eyewear,"Polaroid Sunglasses For Men, Multi Color, Pld 2043-S00361Lm, Aviator Frame",3,250,750,Net Banking,2024,11,November,Saturday
ORD-2023-02767,17-Apr-23,C0186,P0282,"Bottega Veneta Sunglasses For Unisex, Bv0013S-001-59, Brown Lens, Round Frame",Eyewear,"Bottega Veneta Sunglasses For Unisex, Bv0013S-001-59, Brown Lens, Round Frame",2,2094,4188,Wallet,2023,4,April,Monday
ORD-2024-02768,25-Oct-24,C0420,P0268,"Just Cavalli Cat Eye Women's Sunglasses - JC759S - 52-20-140mm, Grey",Eyewear,"Just Cavalli Cat Eye Women's Sunglasses - JC759S - 52-20-140mm, Grey",1,625,625,Wallet,2024,10,October,Friday
ORD-2024-02769,11-Nov-24,C0405,P0545,"Casio Dual Time Anadigi AW-80D-1AV for Men (Digital, Casual Watch), Stainless Steel, Quartz",Watches,"Casio Dual Time Anadigi AW-80D-1AV for Men (Digital, Casual Watch), Stainless Steel, Quartz",1,250,250,Credit Card,2024,11,November,Monday
ORD-2024-02770,11-Apr-24,C0622,P0334,"Burberry London for Women - Eau de Parfum, 100ml",Perfumes & Fragrances,"Burberry London for Women - Eau de Parfum, 100ml",1,252,252,UPI,2024,4,April,Thursday
ORD-2024-02771,3-Sep-24,C0303,P0016,"Skechers GO WALK EVOLUTION ULTRA Sneaker for Men , Size 42 EU , Black",Athletic Shoes,"Skechers GO WALK EVOLUTION ULTRA Sneaker for Men , Size 42 EU , Black",1,279,279,Wallet,2024,9,September,Tuesday
ORD-2022-02772,24-Sep-22,C0348,P0401,Steve Madden Men's Leather Wallets N80058-Black,Wallets,Steve Madden Men's Leather Wallets N80058-Black,1,125,125,Debit Card,2022,9,September,Saturday
ORD-2023-02773,10-Sep-23,C0469,P0036,Nike Tanjun Running Shoe For Men (Black - 42 EU),Athletic Shoes,Nike Tanjun Running Shoe For Men (Black - 42 EU),2,349,698,Wallet,2023,9,September,Sunday
ORD-2024-02774,16-Jun-24,C0071,P0530,"Emporio Armani Sportivo Men'S Black Dial Stainless Steel Band Watch Ar2457, Analog Quartz, Analog",Watches,"Emporio Armani Sportivo Men'S Black Dial Stainless Steel Band Watch Ar2457, Analog Quartz, Analog",1,947,947,COD,2024,6,June,Sunday
ORD-2023-02775,21-Apr-23,C0115,P0108,Lacoste Casual Shoe For Women Size 39 EU - White,Casual & Dress Shoes,Lacoste Casual Shoe For Women Size 39 EU - White,1,399,399,Net Banking,2023,4,April,Friday
ORD-2024-02776,2-Mar-24,C0406,P0496,Fossil Coachman Men's Black Dial Leather Band Chronograph Watch - CH2891,Watches,Fossil Coachman Men's Black Dial Leather Band Chronograph Watch - CH2891,1,1265,1265,Debit Card,2024,3,March,Saturday
ORD-2024-02777,31-Dec-24,C0602,P0004,"Nike Fitness Shoes For Men , 43 EU , Black",Athletic Shoes,"Nike Fitness Shoes For Men , 43 EU , Black",3,319,957,UPI,2024,12,December,Tuesday
ORD-2023-02778,12-Dec-23,C0203,P0339,"Elite Musk Forever for Unisex - Eau de Parfum, 100ml",Perfumes & Fragrances,"Elite Musk Forever for Unisex - Eau de Parfum, 100ml",2,157,314,UPI,2023,12,December,Tuesday
ORD-2023-02779,3-Dec-23,C0454,P0601,JBW Caden 0.08 ctw Diamond Men's Green Dial Genuine Leather Band Watch - J6374A,Watches,JBW Caden 0.08 ctw Diamond Men's Green Dial Genuine Leather Band Watch - J6374A,2,1499,2998,Debit Card,2023,12,December,Sunday
ORD-2022-02780,12-Dec-22,C0611,P0233,Polaroid PLD 4062/S/X BLACK/GREY women Sunglasses,Eyewear,Polaroid PLD 4062/S/X BLACK/GREY women Sunglasses,2,250,500,UPI,2022,12,December,Monday
ORD-2023-02781,27-Jun-23,C0654,P0534,Casio His & Her Gold Dial Stainless Steel Band Couple Watch - MTP/LTP-V001G-9BUDF,Watches,Casio His & Her Gold Dial Stainless Steel Band Couple Watch - MTP/LTP-V001G-9BUDF,1,3843.38,3843.38,Wallet,2023,6,June,Tuesday
ORD-2022-02782,30-Dec-22,C0386,P0276,"Calvin Klein Square Sunglasseses for Unisex , Grey ,  CKJ818S",Eyewear,"Calvin Klein Square Sunglasseses for Unisex , Grey ,  CKJ818S",4,950,3800,Debit Card,2022,12,December,Friday
ORD-2025-02783,22-Mar-25,C0435,P0447,Tissot Everytime Women's Silver Dial Stainless Steel Band Watch - T057.910.22.037.00,Watches,Tissot Everytime Women's Silver Dial Stainless Steel Band Watch - T057.910.22.037.00,3,1680,5040,COD,2025,3,March,Saturday
ORD-2023-02784,11-May-23,C0176,P0467,"Fossil Grant Watch For Men Analog Leather Band Fs5151, Quartz",Watches,"Fossil Grant Watch For Men Analog Leather Band Fs5151, Quartz",1,756,756,Credit Card,2023,5,May,Thursday
ORD-2022-02785,2-Jun-22,C0242,P0286,"Guess By Marciano Cat Eye Women's Sunglasses - Gm0751 - 56-17-135 mm, Grey Lens",Eyewear,"Guess By Marciano Cat Eye Women's Sunglasses - Gm0751 - 56-17-135 mm, Grey Lens",4,630,2520,Net Banking,2022,6,June,Thursday
ORD-2024-02786,1-Dec-24,C0392,P0597,Hugo Boss Men's Black Dial Silicone Band Watch - 1513116,Watches,Hugo Boss Men's Black Dial Silicone Band Watch - 1513116,4,685,2740,Wallet,2024,12,December,Sunday
ORD-2022-02787,13-Feb-22,C0050,P0340,"S.T.Dupont for Women - Eau de Parfum, 100ml",Perfumes & Fragrances,"S.T.Dupont for Women - Eau de Parfum, 100ml",3,141,423,Debit Card,2022,2,February,Sunday
ORD-2025-02788,29-Apr-25,C0327,P0211,"Calvin Klein Cat Eye Sunglasses for Women - Black Lens, CK3206S-001",Eyewear,"Calvin Klein Cat Eye Sunglasses for Women - Black Lens, CK3206S-001",1,950,950,Net Banking,2025,4,April,Tuesday
ORD-2022-02789,11-Apr-22,C0618,P0170,"Esprit Women's Sunglasses - Brown Frame,Brown Gradient Lens- ET19461/535, size 56-16-142",Eyewear,"Esprit Women's Sunglasses - Brown Frame,Brown Gradient Lens- ET19461/535, size 56-16-142",2,336,672,Debit Card,2022,4,April,Monday
ORD-2023-02790,9-Dec-23,C0569,P0182,"Ray Ban Aviator Sunglasses for Unisex - Green Lens, RB3025 55 W3234",Eyewear,"Ray Ban Aviator Sunglasses for Unisex - Green Lens, RB3025 55 W3234",1,1039.5,1039.5,Net Banking,2023,12,December,Saturday
ORD-2025-02791,4-Mar-25,C0629,P0219,"Sunglasses For Unisex By Ray-Ban, Metal, Gold, Rb3025 001 62, Green Lens, Panto Frame",Eyewear,"Sunglasses For Unisex By Ray-Ban, Metal, Gold, Rb3025 001 62, Green Lens, Panto Frame",1,658,658,Wallet,2025,3,March,Tuesday
ORD-2022-02792,17-Jun-22,C0507,P0375,Adidas  D2M HR 34 T Sport Tight for Women - Black,Sportswear,Adidas  D2M HR 34 T Sport Tight for Women - Black,3,180,540,Net Banking,2022,6,June,Friday
ORD-2025-02793,17-Jun-25,C0256,P0548,"Casio for Men - Analog Stainless Steel Band Watch - MTP-1183A-2A, Quartz",Watches,"Casio for Men - Analog Stainless Steel Band Watch - MTP-1183A-2A, Quartz",1,138,138,Wallet,2025,6,June,Tuesday
ORD-2022-02794,6-Nov-22,C0089,P0572,JBW Dress Watch For Men Analog Genuine Leather - JB-6101L-10C,Watches,JBW Dress Watch For Men Analog Genuine Leather - JB-6101L-10C,1,4031,4031,COD,2022,11,November,Sunday
ORD-2024-02795,4-Aug-24,C0352,P0463,Tissot Womens Round Black Dial Silicone Bracelet Watch [T048.217.27.057.00],Watches,Tissot Womens Round Black Dial Silicone Bracelet Watch [T048.217.27.057.00],3,2370,7110,Credit Card,2024,8,August,Sunday
ORD-2024-02796,1-Aug-24,C0440,P0125,Lacoste Casual Shoe for Women Size 39 EU - Pink,Casual & Dress Shoes,Lacoste Casual Shoe for Women Size 39 EU - Pink,3,339,1017,COD,2024,8,August,Thursday
ORD-2024-02797,16-Nov-24,C0458,P0018,Nike air Monarch IV Training Shoes for Men - Black Size - 43 EU,Athletic Shoes,Nike air Monarch IV Training Shoes for Men - Black Size - 43 EU,2,279,558,UPI,2024,11,November,Saturday
ORD-2022-02798,26-Sep-22,C0337,P0497,"JBW Watch for Unisex Studded with 12 diamonds , Stainless Steel Band  - J6340B",Watches,"JBW Watch for Unisex Studded with 12 diamonds , Stainless Steel Band  - J6340B",3,2730,8190,UPI,2022,9,September,Monday
ORD-2023-02799,26-Feb-23,C0582,P0115,"Puma Fashion Sneakers Casual Shoe  For Men , Navy , 43 EU",Casual & Dress Shoes,"Puma Fashion Sneakers Casual Shoe  For Men , Navy , 43 EU",10,255,2550,COD,2023,2,February,Sunday
ORD-2023-02800,5-Feb-23,C0599,P0329,"Trussardi Donna for Women - Eau de Parfum, 100ml",Perfumes & Fragrances,"Trussardi Donna for Women - Eau de Parfum, 100ml",1,314,314,Wallet,2023,2,February,Sunday
ORD-2024-02801,7-Dec-24,C0136,P0454,"Casio MTP-V004D-1B For Men Analog, Dress Watch , Stainless Steel",Watches,"Casio MTP-V004D-1B For Men Analog, Dress Watch , Stainless Steel",2,114,228,Credit Card,2024,12,December,Saturday
ORD-2023-02802,3-Jan-23,C0565,P0405,Montblanc Meisterstuck 6 CC Leather Wallet -114462-Black,Wallets,Montblanc Meisterstuck 6 CC Leather Wallet -114462-Black,1,1100,1100,Credit Card,2023,1,January,Tuesday
ORD-2024-02803,31-Mar-24,C0273,P0424,Dickies Trifold Wallet for Men - 31DI210004-Red,Wallets,Dickies Trifold Wallet for Men - 31DI210004-Red,2,60,120,Debit Card,2024,3,March,Sunday
ORD-2023-02804,19-Apr-23,C0057,P0526,"Casio Women'S Blue Dial Stainless Steel Band Watch Ltp 1215A 2A2Df, Quartz, Analog",Watches,"Casio Women'S Blue Dial Stainless Steel Band Watch Ltp 1215A 2A2Df, Quartz, Analog",3,172,516,Net Banking,2023,4,April,Wednesday
ORD-2022-02805,31-Jan-22,C0333,P0322,"Dunhill Fresh by Dunhill for Men - Eau de Toilette, 100ml",Perfumes & Fragrances,"Dunhill Fresh by Dunhill for Men - Eau de Toilette, 100ml",1,263,263,Net Banking,2022,1,January,Monday
ORD-2023-02806,15-Dec-23,C0071,P0314,Crystal Noir by Versace  for Women - Eau de Parfum- 90 ml,Perfumes & Fragrances,Crystal Noir by Versace  for Women - Eau de Parfum- 90 ml,1,315,315,Net Banking,2023,12,December,Friday
ORD-2022-02807,14-Jul-22,C0636,P0018,Nike air Monarch IV Training Shoes for Men - Black Size - 43 EU,Athletic Shoes,Nike air Monarch IV Training Shoes for Men - Black Size - 43 EU,1,279,279,UPI,2022,7,July,Thursday
ORD-2024-02808,13-May-24,C0161,P0067,"Adidas Lite Racer RBN Nylon Mesh Side Stripe Running Shoes with Pull Tab for Men - Core Black, 43 1/3",Athletic Shoes,"Adidas Lite Racer RBN Nylon Mesh Side Stripe Running Shoes with Pull Tab for Men - Core Black, 43 1/3",1,3991.57,3991.57,Net Banking,2024,5,May,Monday
ORD-2024-02809,13-Jun-24,C0337,P0554,Michael Kors Darci Women's Champagne Dial Leather Band Watch - MK2391,Watches,Michael Kors Darci Women's Champagne Dial Leather Band Watch - MK2391,1,968,968,UPI,2024,6,June,Thursday
ORD-2024-02810,16-Nov-24,C0643,P0355,"Juicy Couture Viva La Juicy for Women - Eau de Parfum, 100ml",Perfumes & Fragrances,"Juicy Couture Viva La Juicy for Women - Eau de Parfum, 100ml",2,218,436,Net Banking,2024,11,November,Saturday
ORD-2024-02811,11-Nov-24,C0311,P0584,Burberry Women's Gold Dial Stainless Steel Band Watch - BU9235,Watches,Burberry Women's Gold Dial Stainless Steel Band Watch - BU9235,7,2960,20720,Credit Card,2024,11,November,Monday
ORD-2025-02812,1-Feb-25,C0351,P0586,"Watch for Men by Casio , Analog , Chronograph , Stainless Steel , Silver , MTP-1374D-2AV",Watches,"Watch for Men by Casio , Analog , Chronograph , Stainless Steel , Silver , MTP-1374D-2AV",1,269,269,Net Banking,2025,2,February,Saturday
ORD-2025-02813,12-Jan-25,C0298,P0458,JBW Skye 0.05 ctw Diamond Women's White MOP Dial Genuine Leather Band Watch - J6378C,Watches,JBW Skye 0.05 ctw Diamond Women's White MOP Dial Genuine Leather Band Watch - J6378C,1,1879,1879,Credit Card,2025,1,January,Sunday
ORD-2023-02814,23-Nov-23,C0109,P0302,"Roberto Cavalli For Women - Eau de Parfum, 75ml",Perfumes & Fragrances,"Roberto Cavalli For Women - Eau de Parfum, 75ml",1,525,525,Wallet,2023,11,November,Thursday
ORD-2023-02815,15-Sep-23,C0605,P0232,"Polaroid Sunglasses For Unisex, Black- Pld 2054/S-003 M9, Square Frame",Eyewear,"Polaroid Sunglasses For Unisex, Black- Pld 2054/S-003 M9, Square Frame",3,250,750,Debit Card,2023,9,September,Friday
ORD-2022-02816,26-Jul-22,C0030,P0238,"Alexander McQueen - AM0037S, Geometric, acetate, men, HAVANA/GREY(003 D), 56/0/0",Eyewear,"Alexander McQueen - AM0037S, Geometric, acetate, men, HAVANA/GREY(003 D), 56/0/0",1,1496,1496,Credit Card,2022,7,July,Tuesday
ORD-2024-02817,26-Dec-24,C0046,P0475,Ferrari Pilota Men's Black Dial Stainless Steel Watch - 830389,Watches,Ferrari Pilota Men's Black Dial Stainless Steel Watch - 830389,2,1955.51,3911.02,Wallet,2024,12,December,Thursday
ORD-2024-02818,8-Apr-24,C0170,P0368,Adidas Must Haves 3-Stripes Sport T-Shirt for Men - Black & White,Sportswear,Adidas Must Haves 3-Stripes Sport T-Shirt for Men - Black & White,1,140,140,UPI,2024,4,April,Monday
ORD-2024-02819,8-Jan-24,C0263,P0138,Lacoste Casual Shoe for Men Size 43 EU - White,Casual & Dress Shoes,Lacoste Casual Shoe for Men Size 43 EU - White,1,529,529,Credit Card,2024,1,January,Monday
ORD-2024-02820,4-Oct-24,C0563,P0125,Lacoste Casual Shoe for Women Size 39 EU - Pink,Casual & Dress Shoes,Lacoste Casual Shoe for Women Size 39 EU - Pink,1,339,339,Wallet,2024,10,October,Friday
ORD-2023-02821,15-Dec-23,C0019,P0088,"Asics Curreo II Sneakers for Men, Grey, 44 EU",Athletic Shoes,"Asics Curreo II Sneakers for Men, Grey, 44 EU",2,249,498,Credit Card,2023,12,December,Friday
ORD-2023-02822,13-Jan-23,C0512,P0175,"Ray Ban Sunglasses for Men - Size 55, Black Frame, 0RB4165 622 2V55",Eyewear,"Ray Ban Sunglasses for Men - Size 55, Black Frame, 0RB4165 622 2V55",4,820,3280,Debit Card,2023,1,January,Friday
ORD-2025-02823,7-Mar-25,C0406,P0036,Nike Tanjun Running Shoe For Men (Black - 42 EU),Athletic Shoes,Nike Tanjun Running Shoe For Men (Black - 42 EU),1,349,349,Debit Card,2025,3,March,Friday
ORD-2023-02824,19-Dec-23,C0004,P0192,Lacoste Rectangular Sport Inspired Matte Khaki Sunglasses For Men 54-19-145mm,Eyewear,Lacoste Rectangular Sport Inspired Matte Khaki Sunglasses For Men 54-19-145mm,1,547,547,COD,2023,12,December,Tuesday
ORD-2024-02825,27-Feb-24,C0374,P0273,"Arnette Sunglasses, Square, For Women, Grey, 0An4243 25226G 60",Eyewear,"Arnette Sunglasses, Square, For Women, Grey, 0An4243 25226G 60",3,400,1200,UPI,2024,2,February,Tuesday
ORD-2023-02826,24-Jul-23,C0575,P0465,Hugo Boss Dress Watch For Men Analog Leather - 1513279,Watches,Hugo Boss Dress Watch For Men Analog Leather - 1513279,1,1435,1435,Wallet,2023,7,July,Monday
ORD-2022-02827,15-May-22,C0216,P0035,Asics Jolt 2 Sneaker for Men Black 43.5 EU,Athletic Shoes,Asics Jolt 2 Sneaker for Men Black 43.5 EU,6,209,1254,COD,2022,5,May,Sunday
ORD-2024-02828,3-Jun-24,C0426,P0357,"Chanel Chance Eau Fraiche for Women - Eau de Toilette, 50ml",Perfumes & Fragrances,"Chanel Chance Eau Fraiche for Women - Eau de Toilette, 50ml",1,319,319,Credit Card,2024,6,June,Monday
ORD-2022-02829,22-Jul-22,C0594,P0305,"Calvin Klein Beauty for Women - Eau de Parfum, 100ml",Perfumes & Fragrances,"Calvin Klein Beauty for Women - Eau de Parfum, 100ml",4,357,1428,Debit Card,2022,7,July,Friday
ORD-2022-02830,16-Nov-22,C0578,P0260,"Gucci Oval Unisex Sunglasses - Gg0124S00450 - 50-22-145 mm, Brown Lens",Eyewear,"Gucci Oval Unisex Sunglasses - Gg0124S00450 - 50-22-145 mm, Brown Lens",4,1619,6476,COD,2022,11,November,Wednesday
ORD-2023-02831,23-Sep-23,C0152,P0555,Casio G-Shock Men's Watch GA100B-7ADR,Watches,Casio G-Shock Men's Watch GA100B-7ADR,2,672,1344,Wallet,2023,9,September,Saturday
ORD-2023-02832,8-Mar-23,C0172,P0473,Michael Kors Darci Watch for Women - Analog Stainless Steel Band - MK3191,Watches,Michael Kors Darci Watch for Women - Analog Stainless Steel Band - MK3191,1,859,859,Debit Card,2023,3,March,Wednesday
ORD-2025-02833,28-May-25,C0381,P0086,"Asics Gel-Lyte Runner Sneakers for Men, Multicolour, 42 EU",Athletic Shoes,"Asics Gel-Lyte Runner Sneakers for Men, Multicolour, 42 EU",1,309,309,Credit Card,2025,5,May,Wednesday
ORD-2024-02834,25-Sep-24,C0390,P0236,"Polaroid Sunglasses For Unisex, Grey Lens, Pld6063/G/S, Oval Frame",Eyewear,"Polaroid Sunglasses For Unisex, Grey Lens, Pld6063/G/S, Oval Frame",3,250,750,UPI,2024,9,September,Wednesday
ORD-2024-02835,19-Aug-24,C0158,P0582,"Burberry Women's Silver Dial Stainless Steel Band Watch - BU9144, Analog, Quartz",Watches,"Burberry Women's Silver Dial Stainless Steel Band Watch - BU9144, Analog, Quartz",1,2455,2455,Net Banking,2024,8,August,Monday
ORD-2024-02836,27-Jul-24,C0039,P0327,"Davidoff The Game for Men - Eau de Toilette, 100ml",Perfumes & Fragrances,"Davidoff The Game for Men - Eau de Toilette, 100ml",4,252,1008,Net Banking,2024,7,July,Saturday
ORD-2023-02837,8-Dec-23,C0412,P0048,"Adidas Sooraj Color Block Rubber Sole Lace-Up Running Shoes for Women - Core Black & Grey Five, 38",Athletic Shoes,"Adidas Sooraj Color Block Rubber Sole Lace-Up Running Shoes for Women - Core Black & Grey Five, 38",1,2685.33,2685.33,UPI,2023,12,December,Friday
ORD-2023-02838,8-Jun-23,C0533,P0449,"Scuderia Ferrari Casual Watch for Unisex , Silicone , 830482",Watches,"Scuderia Ferrari Casual Watch for Unisex , Silicone , 830482",1,395,395,UPI,2023,6,June,Thursday
ORD-2023-02839,17-Dec-23,C0120,P0221,Ray-Ban Aviator Unisex Sunglasses - RB3025 001/33 58,Eyewear,Ray-Ban Aviator Unisex Sunglasses - RB3025 001/33 58,5,977,4885,Debit Card,2023,12,December,Sunday
ORD-2024-02840,4-Nov-24,C0450,P0518,"Fossil Townsman Men'S Black Dial Stainless Steel Band Watch Me3107, Automatic, Analog",Watches,"Fossil Townsman Men'S Black Dial Stainless Steel Band Watch Me3107, Automatic, Analog",2,991,1982,UPI,2024,11,November,Monday
ORD-2022-02841,12-Nov-22,C0508,P0354,"Tommy Girl By Tommy Hilfiger For Women - Eau De Toilette, 100 ml",Perfumes & Fragrances,"Tommy Girl By Tommy Hilfiger For Women - Eau De Toilette, 100 ml",1,385,385,UPI,2022,11,November,Saturday
ORD-2022-02842,20-Dec-22,C0438,P0428,"Nautica 31NU22X026-200 Bowline Passcase Wallet for Men - Leather, Brown",Wallets,"Nautica 31NU22X026-200 Bowline Passcase Wallet for Men - Leather, Brown",1,100,100,UPI,2022,12,December,Tuesday
ORD-2022-02843,14-May-22,C0460,P0001,Nike SB Check Solar Cnvs Skateboarding Shoes for Men,Athletic Shoes,Nike SB Check Solar Cnvs Skateboarding Shoes for Men,2,299,598,Wallet,2022,5,May,Saturday
ORD-2024-02844,1-Feb-24,C0555,P0246,"Ray-Ban Aviator Men's Sunglasses - Rb 3549-002/T3 - 61-16-145 mm, Grey Lens",Eyewear,"Ray-Ban Aviator Men's Sunglasses - Rb 3549-002/T3 - 61-16-145 mm, Grey Lens",2,1000,2000,COD,2024,2,February,Thursday
ORD-2022-02845,12-Jun-22,C0530,P0353,"Roberto Cavalli Paradiso for Women - Eau de Parfum, 50ml",Perfumes & Fragrances,"Roberto Cavalli Paradiso for Women - Eau de Parfum, 50ml",1,510,510,Credit Card,2022,6,June,Sunday
ORD-2024-02846,23-Nov-24,C0213,P0290,"Ray-Ban Sunglasses For Unisex, 0Rb3578 186/B150, Multi Color Lens, Round Frame",Eyewear,"Ray-Ban Sunglasses For Unisex, 0Rb3578 186/B150, Multi Color Lens, Round Frame",5,1110,5550,Wallet,2024,11,November,Saturday
ORD-2022-02847,29-May-22,C0328,P0447,Tissot Everytime Women's Silver Dial Stainless Steel Band Watch - T057.910.22.037.00,Watches,Tissot Everytime Women's Silver Dial Stainless Steel Band Watch - T057.910.22.037.00,3,1680,5040,UPI,2022,5,May,Sunday
ORD-2023-02848,24-Dec-23,C0390,P0454,"Casio MTP-V004D-1B For Men Analog, Dress Watch , Stainless Steel",Watches,"Casio MTP-V004D-1B For Men Analog, Dress Watch , Stainless Steel",1,114,114,Debit Card,2023,12,December,Sunday
ORD-2025-02849,11-Jan-25,C0635,P0071,Ellesse Smash Shoe For Men (White - 43 EU),Athletic Shoes,Ellesse Smash Shoe For Men (White - 43 EU),1,289,289,Credit Card,2025,1,January,Saturday
ORD-2023-02850,27-Nov-23,C0022,P0330,"Calvin Klein Ck One Shock for Women - Eau de Toilette, 200ml",Perfumes & Fragrances,"Calvin Klein Ck One Shock for Women - Eau de Toilette, 200ml",2,284,568,UPI,2023,11,November,Monday
ORD-2022-02851,7-Oct-22,C0569,P0085,"Asics Gel-Kayano 5 OG Sneakers for Men, White, 44 EU",Athletic Shoes,"Asics Gel-Kayano 5 OG Sneakers for Men, White, 44 EU",3,489,1467,Debit Card,2022,10,October,Friday
ORD-2024-02852,28-Sep-24,C0571,P0597,Hugo Boss Men's Black Dial Silicone Band Watch - 1513116,Watches,Hugo Boss Men's Black Dial Silicone Band Watch - 1513116,3,685,2055,Debit Card,2024,9,September,Saturday
ORD-2024-02853,16-Nov-24,C0568,P0460,"Fossil Grant Watch For Men Analog Leather Band Fs4813, Quartz",Watches,"Fossil Grant Watch For Men Analog Leather Band Fs4813, Quartz",1,472,472,Credit Card,2024,11,November,Saturday
ORD-2025-02854,2-Mar-25,C0354,P0071,Ellesse Smash Shoe For Men (White - 43 EU),Athletic Shoes,Ellesse Smash Shoe For Men (White - 43 EU),5,289,1445,Debit Card,2025,3,March,Sunday
ORD-2022-02855,6-Jan-22,C0502,P0466,"Burberry Watch for Women , Quartz , Leather , BU9132, Analog",Watches,"Burberry Watch for Women , Quartz , Leather , BU9132, Analog",1,1625,1625,Wallet,2022,1,January,Thursday
ORD-2022-02856,10-Feb-22,C0507,P0286,"Guess By Marciano Cat Eye Women's Sunglasses - Gm0751 - 56-17-135 mm, Grey Lens",Eyewear,"Guess By Marciano Cat Eye Women's Sunglasses - Gm0751 - 56-17-135 mm, Grey Lens",2,630,1260,Wallet,2022,2,February,Thursday
ORD-2024-02857,10-Jan-24,C0241,P0095,Vans Old Skool Check Lace Sneakers for Women (Black - 39 EU),Athletic Shoes,Vans Old Skool Check Lace Sneakers for Women (Black - 39 EU),2,309,618,Wallet,2024,1,January,Wednesday
ORD-2024-02858,3-Feb-24,C0524,P0425,Dockers Bifold Mens Wallet - 31DK240z01-Brown,Wallets,Dockers Bifold Mens Wallet - 31DK240z01-Brown,2,120,240,Wallet,2024,2,February,Saturday
ORD-2022-02859,3-Sep-22,C0373,P0237,"Polaroid Aviator Sunglasses for Unisex, Silver",Eyewear,"Polaroid Aviator Sunglasses for Unisex, Silver",4,750,3000,UPI,2022,9,September,Saturday
ORD-2024-02860,27-Oct-24,C0163,P0347,"Dolce & Gabbana The One for Men - Eau de Toilette, 100ml",Perfumes & Fragrances,"Dolce & Gabbana The One for Men - Eau de Toilette, 100ml",7,368,2576,Wallet,2024,10,October,Sunday
ORD-2024-02861,11-Dec-24,C0312,P0036,Nike Tanjun Running Shoe For Men (Black - 42 EU),Athletic Shoes,Nike Tanjun Running Shoe For Men (Black - 42 EU),3,349,1047,UPI,2024,12,December,Wednesday
ORD-2022-02862,5-Dec-22,C0543,P0323,"Dunhill Custom for Men - Eau de Toilette, 100ml",Perfumes & Fragrances,"Dunhill Custom for Men - Eau de Toilette, 100ml",3,263,789,UPI,2022,12,December,Monday
ORD-2025-02863,16-Jun-25,C0256,P0490,"JBW Watch For Men 16 Pieces Diamonds , Leather,Chronograph- J6325C",Watches,"JBW Watch For Men 16 Pieces Diamonds , Leather,Chronograph- J6325C",1,3731,3731,Credit Card,2025,6,June,Monday
ORD-2025-02864,12-Apr-25,C0419,P0395,"Vince Camuto Wallet for Women , White",Wallets,"Vince Camuto Wallet for Women , White",3,425,1275,UPI,2025,4,April,Saturday
ORD-2023-02865,23-Nov-23,C0309,P0317,"Guess Man - Eau de Toilette, 75ml",Perfumes & Fragrances,"Guess Man - Eau de Toilette, 75ml",2,221,442,UPI,2023,11,November,Thursday
ORD-2022-02866,14-Dec-22,C0591,P0518,"Fossil Townsman Men'S Black Dial Stainless Steel Band Watch Me3107, Automatic, Analog",Watches,"Fossil Townsman Men'S Black Dial Stainless Steel Band Watch Me3107, Automatic, Analog",1,991,991,Net Banking,2022,12,December,Wednesday
ORD-2023-02867,13-Oct-23,C0116,P0429,Michael Kors Lexington Women's Silver Dial Stainless Steel Band Watch - MK5735,Watches,Michael Kors Lexington Women's Silver Dial Stainless Steel Band Watch - MK5735,9,1698,15282,Wallet,2023,10,October,Friday
ORD-2022-02868,16-Nov-22,C0064,P0079,"Asics Gel-Pulse 10 Sneakers for Men, Silver, 42.5 EU",Athletic Shoes,"Asics Gel-Pulse 10 Sneakers for Men, Silver, 42.5 EU",1,389,389,Debit Card,2022,11,November,Wednesday
ORD-2022-02869,24-Dec-22,C0169,P0083,"Asics Gel-Kayano 5 OG Sneakers for Men, White, 42.5 EU",Athletic Shoes,"Asics Gel-Kayano 5 OG Sneakers for Men, White, 42.5 EU",1,489,489,COD,2022,12,December,Saturday
ORD-2023-02870,7-Nov-23,C0625,P0427,Dickies Bifold Mens Wallet - 31DI1305-Brown,Wallets,Dickies Bifold Mens Wallet - 31DI1305-Brown,10,110,1100,Credit Card,2023,11,November,Tuesday
ORD-2023-02871,11-Dec-23,C0221,P0412,"Tommy Hilfiger Corp Plaque Mini Cc Money Clip Wallets, Card Cases & Money Organizers, Black, 0 AM0AM05062",Wallets,"Tommy Hilfiger Corp Plaque Mini Cc Money Clip Wallets, Card Cases & Money Organizers, Black, 0 AM0AM05062",1,399,399,COD,2023,12,December,Monday
ORD-2023-02872,3-Dec-23,C0474,P0133,Lacoste Casual Shoe for Men Size 46 EU - Navy,Casual & Dress Shoes,Lacoste Casual Shoe for Men Size 46 EU - Navy,3,539,1617,UPI,2023,12,December,Sunday
ORD-2024-02873,10-Sep-24,C0524,P0087,"Asics Gel-Saga SOU Sneakers for Women, White, 39 EU",Athletic Shoes,"Asics Gel-Saga SOU Sneakers for Women, White, 39 EU",3,339,1017,COD,2024,9,September,Tuesday
ORD-2023-02874,8-Nov-23,C0177,P0429,Michael Kors Lexington Women's Silver Dial Stainless Steel Band Watch - MK5735,Watches,Michael Kors Lexington Women's Silver Dial Stainless Steel Band Watch - MK5735,2,1698,3396,Net Banking,2023,11,November,Wednesday
ORD-2024-02875,11-Dec-24,C0394,P0386,Under Armour Mid Crossback Training Sports Bra for Women,Sportswear,Under Armour Mid Crossback Training Sports Bra for Women,1,139,139,Net Banking,2024,12,December,Wednesday
ORD-2023-02876,24-Dec-23,C0393,P0433,"Burberry BU9509 For Women (Analog, Casual Watch), Leather",Watches,"Burberry BU9509 For Women (Analog, Casual Watch), Leather",1,2040,2040,COD,2023,12,December,Sunday
ORD-2025-02877,18-Apr-25,C0207,P0181,"Ray-Ban Sunglasses For Unisex, Grey, 3647N, Round Frame",Eyewear,"Ray-Ban Sunglasses For Unisex, Grey, 3647N, Round Frame",3,850,2550,Net Banking,2025,4,April,Friday
ORD-2022-02878,7-Nov-22,C0497,P0381,Adidas Design 2 Move Climacool Logo Tee For Men - Black,Sportswear,Adidas Design 2 Move Climacool Logo Tee For Men - Black,4,3030.06,12120.24,UPI,2022,11,November,Monday
ORD-2024-02879,14-Oct-24,C0056,P0561,"JBW Wrist Watch for Women Diamond Inlay 12 Piece , Stainless Steel ,J6346C",Watches,"JBW Wrist Watch for Women Diamond Inlay 12 Piece , Stainless Steel ,J6346C",1,3749,3749,Net Banking,2024,10,October,Monday
ORD-2024-02880,24-Mar-24,C0603,P0149,"Polaroid Sunglasses For Men, Brown- Pld 6033/S, Square Frame",Eyewear,"Polaroid Sunglasses For Men, Brown- Pld 6033/S, Square Frame",4,250,1000,Net Banking,2024,3,March,Sunday
ORD-2022-02881,5-Jun-22,C0318,P0533,"Citizen Watch for Men Stainless Steel Band , Analog, AN3600-59L",Watches,"Citizen Watch for Men Stainless Steel Band , Analog, AN3600-59L",2,1292,2584,Debit Card,2022,6,June,Sunday
ORD-2024-02882,18-Aug-24,C0070,P0347,"Dolce & Gabbana The One for Men - Eau de Toilette, 100ml",Perfumes & Fragrances,"Dolce & Gabbana The One for Men - Eau de Toilette, 100ml",1,368,368,Credit Card,2024,8,August,Sunday
ORD-2023-02883,1-Jan-23,C0599,P0395,"Vince Camuto Wallet for Women , White",Wallets,"Vince Camuto Wallet for Women , White",1,425,425,Debit Card,2023,1,January,Sunday
ORD-2024-02884,14-Dec-24,C0365,P0369,adidas Essentials Plain Sport T-shirt for Men - White,Sportswear,adidas Essentials Plain Sport T-shirt for Men - White,1,100,100,UPI,2024,12,December,Saturday
ORD-2022-02885,16-Dec-22,C0666,P0067,"Adidas Lite Racer RBN Nylon Mesh Side Stripe Running Shoes with Pull Tab for Men - Core Black, 43 1/3",Athletic Shoes,"Adidas Lite Racer RBN Nylon Mesh Side Stripe Running Shoes with Pull Tab for Men - Core Black, 43 1/3",2,4077.23,8154.46,Debit Card,2022,12,December,Friday
ORD-2022-02886,23-Dec-22,C0077,P0133,Lacoste Casual Shoe for Men Size 46 EU - Navy,Casual & Dress Shoes,Lacoste Casual Shoe for Men Size 46 EU - Navy,2,539,1078,Net Banking,2022,12,December,Friday
ORD-2024-02887,12-May-24,C0434,P0192,Lacoste Rectangular Sport Inspired Matte Khaki Sunglasses For Men 54-19-145mm,Eyewear,Lacoste Rectangular Sport Inspired Matte Khaki Sunglasses For Men 54-19-145mm,2,547,1094,Wallet,2024,5,May,Sunday
ORD-2024-02888,3-Nov-24,C0057,P0108,Lacoste Casual Shoe For Women Size 39 EU - White,Casual & Dress Shoes,Lacoste Casual Shoe For Women Size 39 EU - White,2,399,798,Net Banking,2024,11,November,Sunday
ORD-2024-02889,12-Nov-24,C0353,P0314,Crystal Noir by Versace  for Women - Eau de Parfum- 90 ml,Perfumes & Fragrances,Crystal Noir by Versace  for Women - Eau de Parfum- 90 ml,4,315,1260,COD,2024,11,November,Tuesday
ORD-2023-02890,14-Aug-23,C0259,P0492,Ferrari Casual Watch For Men Analog Leather - 830388,Watches,Ferrari Casual Watch For Men Analog Leather - 830388,6,1045,6270,Debit Card,2023,8,August,Monday
ORD-2022-02891,19-Nov-22,C0659,P0271,"Ray-Ban Men's 0RB4346 Sunglasses, Negro, 51",Eyewear,"Ray-Ban Men's 0RB4346 Sunglasses, Negro, 51",2,1170,2340,Net Banking,2022,11,November,Saturday
ORD-2023-02892,30-Nov-23,C0050,P0477,August Steiner Women's Silver Dial Stainless Steel Band Watch - AS8228SS,Watches,August Steiner Women's Silver Dial Stainless Steel Band Watch - AS8228SS,1,703,703,Credit Card,2023,11,November,Thursday
ORD-2022-02893,10-Dec-22,C0444,P0278,"Oakley Round Sunglasses For Men, Silver, 0OO9265 92652153",Eyewear,"Oakley Round Sunglasses For Men, Silver, 0OO9265 92652153",4,1000,4000,UPI,2022,12,December,Saturday
ORD-2024-02894,10-Nov-24,C0001,P0438,"Casio Women'S White Dial Resin Band Watch Lrw 200H 4B2V, Quartz, Analog",Watches,"Casio Women'S White Dial Resin Band Watch Lrw 200H 4B2V, Quartz, Analog",1,2268.48,2268.48,Credit Card,2024,11,November,Sunday
ORD-2023-02895,22-Feb-23,C0517,P0499,Casio Casual Watch For Men Analog-Digital Resin - AEQ-110W-1BV,Watches,Casio Casual Watch For Men Analog-Digital Resin - AEQ-110W-1BV,7,1751.87,12263.09,UPI,2023,2,February,Wednesday
ORD-2025-02896,10-Mar-25,C0416,P0594,"Esprit Casual Watch for Women , Analog , Stainless Steel Band , ES1L038M0105",Watches,"Esprit Casual Watch for Women , Analog , Stainless Steel Band , ES1L038M0105",3,568,1704,Wallet,2025,3,March,Monday
ORD-2024-02897,1-Sep-24,C0442,P0426,"Dickies Trifold Wallet for Men,Brown,31DI210003-Brown",Wallets,"Dickies Trifold Wallet for Men,Brown,31DI210003-Brown",2,60,120,COD,2024,9,September,Sunday
ORD-2025-02898,19-Feb-25,C0605,P0354,"Tommy Girl By Tommy Hilfiger For Women - Eau De Toilette, 100 ml",Perfumes & Fragrances,"Tommy Girl By Tommy Hilfiger For Women - Eau De Toilette, 100 ml",1,385,385,Net Banking,2025,2,February,Wednesday
ORD-2024-02899,30-Dec-24,C0385,P0480,"Hugo Boss Dress Watch for Men , Leather , 1513628",Watches,"Hugo Boss Dress Watch for Men , Leather , 1513628",1,1365,1365,Debit Card,2024,12,December,Monday
ORD-2023-02900,27-Mar-23,C0441,P0119,"Lacoste Graduate Lace Up Shoes For Men Size 46 EU, White",Casual & Dress Shoes,"Lacoste Graduate Lace Up Shoes For Men Size 46 EU, White",3,449,1347,UPI,2023,3,March,Monday
ORD-2025-02901,22-Apr-25,C0210,P0151,"Polaroid Sunglasses For Women, Grey, Oval Frame",Eyewear,"Polaroid Sunglasses For Women, Grey, Oval Frame",1,250,250,COD,2025,4,April,Tuesday
ORD-2022-02902,12-Feb-22,C0528,P0442,Scuderia Ferrari Forza Men's Black Dial Silicone Band Watch - 830576,Watches,Scuderia Ferrari Forza Men's Black Dial Silicone Band Watch - 830576,2,795,1590,Credit Card,2022,2,February,Saturday
ORD-2025-02903,5-Jan-25,C0365,P0515,Michael Kors Parker Women's Pink Dial Stainless Steel Band Chronograph Watch - MK6140,Watches,Michael Kors Parker Women's Pink Dial Stainless Steel Band Chronograph Watch - MK6140,2,909,1818,Debit Card,2025,1,January,Sunday
ORD-2023-02904,24-Apr-23,C0418,P0545,"Casio Dual Time Anadigi AW-80D-1AV for Men (Digital, Casual Watch), Stainless Steel, Quartz",Watches,"Casio Dual Time Anadigi AW-80D-1AV for Men (Digital, Casual Watch), Stainless Steel, Quartz",4,250,1000,Credit Card,2023,4,April,Monday
ORD-2024-02905,25-Sep-24,C0436,P0046,"Asics GEL-Kayano 26 Running Shoes for Women, Multi Color, 38 EU",Athletic Shoes,"Asics GEL-Kayano 26 Running Shoes for Women, Multi Color, 38 EU",1,839,839,Net Banking,2024,9,September,Wednesday
ORD-2022-02906,13-Dec-22,C0344,P0369,adidas Essentials Plain Sport T-shirt for Men - White,Sportswear,adidas Essentials Plain Sport T-shirt for Men - White,1,100,100,Net Banking,2022,12,December,Tuesday
ORD-2025-02907,24-Feb-25,C0479,P0496,Fossil Coachman Men's Black Dial Leather Band Chronograph Watch - CH2891,Watches,Fossil Coachman Men's Black Dial Leather Band Chronograph Watch - CH2891,4,1265,5060,Credit Card,2025,2,February,Monday
ORD-2024-02908,29-Apr-24,C0524,P0315,"Calvin Klein Eternity Moment for Women - Eau de Parfum, 100ml",Perfumes & Fragrances,"Calvin Klein Eternity Moment for Women - Eau de Parfum, 100ml",2,273,546,Debit Card,2024,4,April,Monday
ORD-2024-02909,16-Aug-24,C0588,P0577,Akribos XXIV Men's Classic Bubble Crystal 3 Interchangeable Leather Watch Set - AK1104RGBU-S,Watches,Akribos XXIV Men's Classic Bubble Crystal 3 Interchangeable Leather Watch Set - AK1104RGBU-S,3,2425.93,7277.79,COD,2024,8,August,Friday
ORD-2022-02910,7-Jul-22,C0341,P0481,"Burberry BU9006 For Men Analog, Casual Watch",Watches,"Burberry BU9006 For Men Analog, Casual Watch",1,2034,2034,UPI,2022,7,July,Thursday
ORD-2024-02911,28-Dec-24,C0522,P0546,"Akribos XXIV Men's Black Dial Leather Band Watch - AK769YG, Analog, Quartz",Watches,"Akribos XXIV Men's Black Dial Leather Band Watch - AK769YG, Analog, Quartz",3,1600,4800,Debit Card,2024,12,December,Saturday
ORD-2023-02912,17-Oct-23,C0252,P0391,"Under Armour Baseline Fleece Jogger7 Pant For Men , Size M , Brown",Sportswear,"Under Armour Baseline Fleece Jogger7 Pant For Men , Size M , Brown",3,239,717,Wallet,2023,10,October,Tuesday
ORD-2023-02913,2-Dec-23,C0442,P0426,"Dickies Trifold Wallet for Men,Brown,31DI210003-Brown",Wallets,"Dickies Trifold Wallet for Men,Brown,31DI210003-Brown",2,60,120,COD,2023,12,December,Saturday
ORD-2024-02914,17-Jan-24,C0484,P0574,"Emporio Armani Men'S Silver Dial Stainless Steel Band Luigi Watch Ar11132, Quartz, Analog",Watches,"Emporio Armani Men'S Silver Dial Stainless Steel Band Luigi Watch Ar11132, Quartz, Analog",1,1327,1327,Debit Card,2024,1,January,Wednesday
ORD-2023-02915,28-Jan-23,C0060,P0080,"Asics Gel-Saga SOU Sneakers for Men, White, 42.5 EU",Athletic Shoes,"Asics Gel-Saga SOU Sneakers for Men, White, 42.5 EU",2,339,678,COD,2023,1,January,Saturday
ORD-2023-02916,18-Aug-23,C0285,P0125,Lacoste Casual Shoe for Women Size 39 EU - Pink,Casual & Dress Shoes,Lacoste Casual Shoe for Women Size 39 EU - Pink,1,339,339,COD,2023,8,August,Friday
ORD-2023-02917,8-Nov-23,C0133,P0243,Marc Jacobs Cat Eye Sunglasses for Unisex - Purple Lens,Eyewear,Marc Jacobs Cat Eye Sunglasses for Unisex - Purple Lens,1,850,850,Wallet,2023,11,November,Wednesday
ORD-2024-02918,13-Apr-24,C0652,P0254,"Ray-Ban Round Unisex Sunglasses - 4257 6092/55 53, Blue Lens",Eyewear,"Ray-Ban Round Unisex Sunglasses - 4257 6092/55 53, Blue Lens",3,890,2670,COD,2024,4,April,Saturday
ORD-2024-02919,5-Aug-24,C0573,P0232,"Polaroid Sunglasses For Unisex, Black- Pld 2054/S-003 M9, Square Frame",Eyewear,"Polaroid Sunglasses For Unisex, Black- Pld 2054/S-003 M9, Square Frame",9,250,2250,Debit Card,2024,8,August,Monday
ORD-2023-02920,4-Dec-23,C0328,P0560,"Fossil Nate Men'S Black Dial Stainless Steel Band Watch Jr1527, Quartz, Analog",Watches,"Fossil Nate Men'S Black Dial Stainless Steel Band Watch Jr1527, Quartz, Analog",1,775,775,Credit Card,2023,12,December,Monday
ORD-2023-02921,31-Aug-23,C0401,P0362,"Under Armour T-Shirt for Men, Size L - Grey",Sportswear,"Under Armour T-Shirt for Men, Size L - Grey",3,139,417,Net Banking,2023,8,August,Thursday
ORD-2022-02922,27-Jan-22,C0257,P0265,Occhiali da Sole 8687 METALLO,Eyewear,Occhiali da Sole 8687 METALLO,2,1200,2400,COD,2022,1,January,Thursday
ORD-2023-02923,3-Dec-23,C0611,P0113,"Lacoste Carnaby Lace Up Shoes For Men Size 42 EU, White",Casual & Dress Shoes,"Lacoste Carnaby Lace Up Shoes For Men Size 42 EU, White",1,519,519,Credit Card,2023,12,December,Sunday
ORD-2025-02924,15-Mar-25,C0587,P0333,"Brown Orchid for Men - Eau de Parfum, 80ml",Perfumes & Fragrances,"Brown Orchid for Men - Eau de Parfum, 80ml",2,59,118,COD,2025,3,March,Saturday
ORD-2022-02925,24-Mar-22,C0541,P0101,"Jack & Jones Lace Up Shoes for Men, Size 44 EU, Black",Casual & Dress Shoes,"Jack & Jones Lace Up Shoes for Men, Size 44 EU, Black",2,139,278,Debit Card,2022,3,March,Thursday
ORD-2025-02926,29-May-25,C0208,P0568,JBW Victor Men's 16 Diamonds Black Dial Black Ion-Plated Stainless Steel Band Watch - JB-8102-G,Watches,JBW Victor Men's 16 Diamonds Black Dial Black Ion-Plated Stainless Steel Band Watch - JB-8102-G,1,4490,4490,COD,2025,5,May,Thursday
ORD-2025-02927,29-Mar-25,C0230,P0056,"Skechers FLEX ADVANTAGE 3.0 Sneaker for Men , Size 42 EU , Brown",Athletic Shoes,"Skechers FLEX ADVANTAGE 3.0 Sneaker for Men , Size 42 EU , Brown",2,269,538,Wallet,2025,3,March,Saturday
ORD-2025-02928,22-Jun-25,C0555,P0081,"Asics Gel-Kayano 5.1 Sneakers for Men, White, 42 EU",Athletic Shoes,"Asics Gel-Kayano 5.1 Sneakers for Men, White, 42 EU",3,379,1137,UPI,2025,6,June,Sunday
ORD-2024-02929,14-Jun-24,C0361,P0458,JBW Skye 0.05 ctw Diamond Women's White MOP Dial Genuine Leather Band Watch - J6378C,Watches,JBW Skye 0.05 ctw Diamond Women's White MOP Dial Genuine Leather Band Watch - J6378C,1,1879,1879,Credit Card,2024,6,June,Friday
ORD-2024-02930,21-Jun-24,C0570,P0092,"Nike Court Vision Low Faux Leather Contrast Side Logo Perforated Upper Training Shoes for Men - Gym Red, 44.5",Athletic Shoes,"Nike Court Vision Low Faux Leather Contrast Side Logo Perforated Upper Training Shoes for Men - Gym Red, 44.5",3,4653.87,13961.61,Net Banking,2024,6,June,Friday
ORD-2024-02931,2-Dec-24,C0528,P0509,"JBW Laurel Watch for Women , Stainless Steel , 9 Diamonds , J6330F",Watches,"JBW Laurel Watch for Women , Stainless Steel , 9 Diamonds , J6330F",1,4316,4316,COD,2024,12,December,Monday
ORD-2024-02932,19-Apr-24,C0114,P0542,"JBW The G4 Calfskin Leather Band Men's Watch, 16 Diamonds, Swiss Multi-Function Movement (J6248LM)",Watches,"JBW The G4 Calfskin Leather Band Men's Watch, 16 Diamonds, Swiss Multi-Function Movement (J6248LM)",1,4481,4481,Net Banking,2024,4,April,Friday
ORD-2022-02933,29-May-22,C0025,P0464,"Diesel Master Chief Men'S Gray Dial Leather Band Chronograph Watch Dz4290, Japanese Quartz, Analog",Watches,"Diesel Master Chief Men'S Gray Dial Leather Band Chronograph Watch Dz4290, Japanese Quartz, Analog",5,211.38,1056.9,COD,2022,5,May,Sunday
ORD-2024-02934,2-Jul-24,C0366,P0488,JBW Jet Setter Men's 234 Diamonds Gold Dial Stainless Steel Band Watch - JB-6213-E,Watches,JBW Jet Setter Men's 234 Diamonds Gold Dial Stainless Steel Band Watch - JB-6213-E,5,26220,131100,COD,2024,7,July,Tuesday
ORD-2025-02935,31-Mar-25,C0669,P0527,Tissot T055.217.16.033.01 For Men Analog Casual Watch Leather,Watches,Tissot T055.217.16.033.01 For Men Analog Casual Watch Leather,1,1840,1840,UPI,2025,3,March,Monday
ORD-2023-02936,5-Sep-23,C0162,P0304,"Guess Girl for Women - Eau de Toilette, 100ml",Perfumes & Fragrances,"Guess Girl for Women - Eau de Toilette, 100ml",1,263,263,Wallet,2023,9,September,Tuesday
ORD-2024-02937,15-Dec-24,C0618,P0281,"Ray-Ban Butterfly Unisex Sunglasses - 4250 671/55 52, Blue Lens",Eyewear,"Ray-Ban Butterfly Unisex Sunglasses - 4250 671/55 52, Blue Lens",3,1170,3510,COD,2024,12,December,Sunday
ORD-2024-02938,9-Feb-24,C0266,P0169,"Ray-Ban Aviator Unisex Sunglasses - Rb3449-001/1359, Brown Lens",Eyewear,"Ray-Ban Aviator Unisex Sunglasses - Rb3449-001/1359, Brown Lens",1,1014,1014,Wallet,2024,2,February,Friday
ORD-2024-02939,30-May-24,C0305,P0002,"Nike Md Runner 2 Two-Tone Textile-Mesh Suede-Accent Side-Logo Lace-Up Running Athletic Shoes for Men - Wolf Grey, 42.5",Athletic Shoes,"Nike Md Runner 2 Two-Tone Textile-Mesh Suede-Accent Side-Logo Lace-Up Running Athletic Shoes for Men - Wolf Grey, 42.5",1,349,349,Debit Card,2024,5,May,Thursday
ORD-2023-02940,19-Nov-23,C0266,P0486,"Akribos XXIV Swiss Quartz Chronograph Strap Men's Black Leather Band Watch - AK969BK, Analog",Watches,"Akribos XXIV Swiss Quartz Chronograph Strap Men's Black Leather Band Watch - AK969BK, Analog",2,1970,3940,Credit Card,2023,11,November,Sunday
ORD-2022-02941,4-Nov-22,C0328,P0465,Hugo Boss Dress Watch For Men Analog Leather - 1513279,Watches,Hugo Boss Dress Watch For Men Analog Leather - 1513279,1,1435,1435,Debit Card,2022,11,November,Friday
ORD-2023-02942,19-Oct-23,C0304,P0222,"Polaroid Men's PLD 2017/S Y2 KJ1 62 Sunglasses, Dark Ruthenium/Grey Pz",Eyewear,"Polaroid Men's PLD 2017/S Y2 KJ1 62 Sunglasses, Dark Ruthenium/Grey Pz",2,250,500,UPI,2023,10,October,Thursday
ORD-2024-02943,3-Nov-24,C0130,P0179,Ray-Ban Rb3025-002/58 Aviator Unisex Sunglasses,Eyewear,Ray-Ban Rb3025-002/58 Aviator Unisex Sunglasses,4,985,3940,Net Banking,2024,11,November,Sunday
ORD-2024-02944,1-May-24,C0494,P0527,Tissot T055.217.16.033.01 For Men Analog Casual Watch Leather,Watches,Tissot T055.217.16.033.01 For Men Analog Casual Watch Leather,1,1840,1840,Net Banking,2024,5,May,Wednesday
ORD-2025-02945,22-Jun-25,C0458,P0159,"Ray Ban 4165, 710/13 (51 mm) Sunglass, Brown Lens, Rectangular Frame",Eyewear,"Ray Ban 4165, 710/13 (51 mm) Sunglass, Brown Lens, Rectangular Frame",5,690,3450,Credit Card,2025,6,June,Sunday
ORD-2024-02946,22-Nov-24,C0175,P0261,"Polaroid Kids' PLD 8016/N K7 SED Sunglasses, Havana Green Grey Speckled Pz, 48",Eyewear,"Polaroid Kids' PLD 8016/N K7 SED Sunglasses, Havana Green Grey Speckled Pz, 48",3,250,750,UPI,2024,11,November,Friday
ORD-2023-02947,24-Apr-23,C0648,P0467,"Fossil Grant Watch For Men Analog Leather Band Fs5151, Quartz",Watches,"Fossil Grant Watch For Men Analog Leather Band Fs5151, Quartz",1,756,756,Wallet,2023,4,April,Monday
ORD-2023-02948,22-Oct-23,C0035,P0182,"Ray Ban Aviator Sunglasses for Unisex - Green Lens, RB3025 55 W3234",Eyewear,"Ray Ban Aviator Sunglasses for Unisex - Green Lens, RB3025 55 W3234",3,1039.5,3118.5,UPI,2023,10,October,Sunday
ORD-2025-02949,3-May-25,C0023,P0105,Jack and Jones Shoes for Men  - Black - 43 EU,Casual & Dress Shoes,Jack and Jones Shoes for Men  - Black - 43 EU,4,209,836,COD,2025,5,May,Saturday
ORD-2022-02950,3-Sep-22,C0213,P0177,"Ray-Ban Sunglasses for Men, Black, 3548N",Eyewear,"Ray-Ban Sunglasses for Men, Black, 3548N",1,1286,1286,Wallet,2022,9,September,Saturday
ORD-2022-02951,26-Apr-22,C0114,P0357,"Chanel Chance Eau Fraiche for Women - Eau de Toilette, 50ml",Perfumes & Fragrances,"Chanel Chance Eau Fraiche for Women - Eau de Toilette, 50ml",2,319,638,Credit Card,2022,4,April,Tuesday
ORD-2022-02952,8-Jun-22,C0312,P0238,"Alexander McQueen - AM0037S, Geometric, acetate, men, HAVANA/GREY(003 D), 56/0/0",Eyewear,"Alexander McQueen - AM0037S, Geometric, acetate, men, HAVANA/GREY(003 D), 56/0/0",3,1496,4488,UPI,2022,6,June,Wednesday
ORD-2023-02953,23-Dec-23,C0161,P0375,Adidas  D2M HR 34 T Sport Tight for Women - Black,Sportswear,Adidas  D2M HR 34 T Sport Tight for Women - Black,3,180,540,Credit Card,2023,12,December,Saturday
ORD-2023-02954,14-Sep-23,C0512,P0394,"Tommy Hilfiger Honey Lrg Za Wallet, Tommy Navy Metallic, 19 cm AW0AW07446",Wallets,"Tommy Hilfiger Honey Lrg Za Wallet, Tommy Navy Metallic, 19 cm AW0AW07446",6,469,2814,COD,2023,9,September,Thursday
ORD-2024-02955,27-Nov-24,C0098,P0554,Michael Kors Darci Women's Champagne Dial Leather Band Watch - MK2391,Watches,Michael Kors Darci Women's Champagne Dial Leather Band Watch - MK2391,2,968,1936,Credit Card,2024,11,November,Wednesday
ORD-2023-02956,21-Oct-23,C0384,P0317,"Guess Man - Eau de Toilette, 75ml",Perfumes & Fragrances,"Guess Man - Eau de Toilette, 75ml",2,221,442,Credit Card,2023,10,October,Saturday
ORD-2023-02957,5-Nov-23,C0164,P0417,guess Men's Wallet 31GUE11028-Black,Wallets,guess Men's Wallet 31GUE11028-Black,2,140,280,Credit Card,2023,11,November,Sunday
ORD-2024-02958,16-Apr-24,C0628,P0190,"Polaroid Sunglasses For Men, Multi Color, Pld 2043-S00361Lm, Aviator Frame",Eyewear,"Polaroid Sunglasses For Men, Multi Color, Pld 2043-S00361Lm, Aviator Frame",3,250,750,UPI,2024,4,April,Tuesday
ORD-2024-02959,18-Oct-24,C0644,P0283,"Ray-Ban Aviator Men's Sunglasses - Rb 3560-004/51 - 61-17-145 mm, Brown Lens",Eyewear,"Ray-Ban Aviator Men's Sunglasses - Rb 3560-004/51 - 61-17-145 mm, Brown Lens",1,840,840,Net Banking,2024,10,October,Friday
ORD-2022-02960,27-Feb-22,C0026,P0463,Tissot Womens Round Black Dial Silicone Bracelet Watch [T048.217.27.057.00],Watches,Tissot Womens Round Black Dial Silicone Bracelet Watch [T048.217.27.057.00],2,2370,4740,Wallet,2022,2,February,Sunday
ORD-2023-02961,24-Apr-23,C0449,P0199,"Ray-Ban 0rb3647n Non-Polarized Iridium Round Sunglasses, Gold, 51 mm",Eyewear,"Ray-Ban 0rb3647n Non-Polarized Iridium Round Sunglasses, Gold, 51 mm",2,1270,2540,COD,2023,4,April,Monday
ORD-2024-02962,19-Sep-24,C0510,P0025,"Nike Sport Sneaker Shoes for Men , 44 EU , Black",Athletic Shoes,"Nike Sport Sneaker Shoes for Men , 44 EU , Black",1,319,319,Debit Card,2024,9,September,Thursday
ORD-2024-02963,21-Nov-24,C0552,P0358,"Fatale by Agent Provocateur for Women - Eau de Parfum, 50ml",Perfumes & Fragrances,"Fatale by Agent Provocateur for Women - Eau de Parfum, 50ml",1,2718,2718,Credit Card,2024,11,November,Thursday
ORD-2024-02964,13-Jul-24,C0371,P0598,Invicta Pro Diver Men's Black Dial Stainless Steel Band Automatic Watch - INVICTA-8926,Watches,Invicta Pro Diver Men's Black Dial Stainless Steel Band Automatic Watch - INVICTA-8926,1,680.4,680.4,Wallet,2024,7,July,Saturday
ORD-2023-02965,25-Jan-23,C0584,P0010,"Nike Court Lite 2 Sneaker for Men , Size 42 EU , Black",Athletic Shoes,"Nike Court Lite 2 Sneaker for Men , Size 42 EU , Black",7,339,2373,Net Banking,2023,1,January,Wednesday
ORD-2022-02966,31-Jul-22,C0019,P0487,JBW Women's Mondrian Jewelry Set 0.16 ctw Diamond 18K Rose Gold-Plated Stainless Steel Watch - J6303-SetC,Watches,JBW Women's Mondrian Jewelry Set 0.16 ctw Diamond 18K Rose Gold-Plated Stainless Steel Watch - J6303-SetC,2,3124,6248,UPI,2022,7,July,Sunday
ORD-2022-02967,18-Mar-22,C0554,P0476,Lacoste Men's Blue Dial Stainless Steel Band Watch - 2010953L,Watches,Lacoste Men's Blue Dial Stainless Steel Band Watch - 2010953L,2,965,1930,Credit Card,2022,3,March,Friday
ORD-2024-02968,18-Jan-24,C0179,P0279,"Ray-Ban Aviator Unisex Sunglasses - 3540 198/9U 56, Blue Lens",Eyewear,"Ray-Ban Aviator Unisex Sunglasses - 3540 198/9U 56, Blue Lens",8,950,7600,Wallet,2024,1,January,Thursday
ORD-2022-02969,2-Sep-22,C0156,P0280,"Ray-Ban Half Frame Unisex Sunglasses - 4280 6289/B7 55, Blue Lens",Eyewear,"Ray-Ban Half Frame Unisex Sunglasses - 4280 6289/B7 55, Blue Lens",1,994,994,Debit Card,2022,9,September,Friday
ORD-2025-02970,6-Jan-25,C0569,P0522,Michael Kors Skylar Champagne Dial Gold-tone Ladies Watch - MK5867,Watches,Michael Kors Skylar Champagne Dial Gold-tone Ladies Watch - MK5867,1,1013,1013,COD,2025,1,January,Monday
ORD-2022-02971,25-Mar-22,C0225,P0227,"Polaroid Sunglasses for Unisex, Grey- PLD 1017/S 22763900358WJ",Eyewear,"Polaroid Sunglasses for Unisex, Grey- PLD 1017/S 22763900358WJ",1,250,250,Wallet,2022,3,March,Friday
ORD-2022-02972,10-Sep-22,C0613,P0494,JBW Jet Setter Men's 234 Diamonds Gold Dial Gold Plated Stainless Steel Band Watch - JB-6213-A,Watches,JBW Jet Setter Men's 234 Diamonds Gold Dial Gold Plated Stainless Steel Band Watch - JB-6213-A,3,29970,89910,Credit Card,2022,9,September,Saturday
ORD-2022-02973,25-Jun-22,C0059,P0564,"Casio Women'S Digital Dial Stainless Steel Band Watch La670Wa 1Df, Quartz",Watches,"Casio Women'S Digital Dial Stainless Steel Band Watch La670Wa 1Df, Quartz",1,78,78,Net Banking,2022,6,June,Saturday
ORD-2023-02974,25-Jan-23,C0053,P0242,"G-Star Unisex Square Sunglasseses - GS651S-214 5417, 150 mm, Blue Gradient",Eyewear,"G-Star Unisex Square Sunglasseses - GS651S-214 5417, 150 mm, Blue Gradient",2,1050,2100,COD,2023,1,January,Wednesday
ORD-2023-02975,25-Jul-23,C0503,P0402,"Tommy Hilfiger Bifold WAllet For Men,LeAther,BlAck",Wallets,"Tommy Hilfiger Bifold WAllet For Men,LeAther,BlAck",1,430,430,UPI,2023,7,July,Tuesday
ORD-2023-02976,3-Sep-23,C0180,P0426,"Dickies Trifold Wallet for Men,Brown,31DI210003-Brown",Wallets,"Dickies Trifold Wallet for Men,Brown,31DI210003-Brown",1,60,60,Debit Card,2023,9,September,Sunday
ORD-2022-02977,21-Nov-22,C0436,P0430,Lacoste Women's Silver Dial Leather Band Watch - 2001007,Watches,Lacoste Women's Silver Dial Leather Band Watch - 2001007,1,929,929,Net Banking,2022,11,November,Monday
ORD-2024-02978,19-May-24,C0001,P0103,Jack and Jones Shoes for Men  - Navy - 44 EU,Casual & Dress Shoes,Jack and Jones Shoes for Men  - Navy - 44 EU,1,189,189,Wallet,2024,5,May,Sunday
ORD-2024-02979,30-Jun-24,C0354,P0041,"Adidas Courtsmash Perforated Genuine Leather Mesh-Accent Lace-up Side-Stripe Tennis Athletic Shoes for Men - Core Black, 44",Athletic Shoes,"Adidas Courtsmash Perforated Genuine Leather Mesh-Accent Lace-up Side-Stripe Tennis Athletic Shoes for Men - Core Black, 44",4,259,1036,UPI,2024,6,June,Sunday
ORD-2022-02980,20-Jul-22,C0135,P0213,"Ray-Ban Sunglasses Unisex , Lense Size 54 mm , Brown",Eyewear,"Ray-Ban Sunglasses Unisex , Lense Size 54 mm , Brown",2,997,1994,Credit Card,2022,7,July,Wednesday
ORD-2024-02981,16-Dec-24,C0017,P0325,"Versace Eros Pour Femme for Women - Eau de Parfum, 100ml",Perfumes & Fragrances,"Versace Eros Pour Femme for Women - Eau de Parfum, 100ml",2,342,684,Credit Card,2024,12,December,Monday
ORD-2022-02982,11-Sep-22,C0318,P0069,"Asics Gel-Quantum Infinity Sneakers for Men, Black, 43.5 EU",Athletic Shoes,"Asics Gel-Quantum Infinity Sneakers for Men, Black, 43.5 EU",2,749,1498,Wallet,2022,9,September,Sunday
ORD-2024-02983,14-Jan-24,C0485,P0537,Akribos XXIV Women's Cream Dial Mixed Material Band Watch Set - AK766YG,Watches,Akribos XXIV Women's Cream Dial Mixed Material Band Watch Set - AK766YG,2,909,1818,Credit Card,2024,1,January,Sunday
ORD-2024-02984,28-Jan-24,C0160,P0183,"Ray-Ban Unisex Aviator Sunglasses [Rb3025 112/85], 55-14-135, Brown Lens",Eyewear,"Ray-Ban Unisex Aviator Sunglasses [Rb3025 112/85], 55-14-135, Brown Lens",4,1014,4056,UPI,2024,1,January,Sunday
ORD-2023-02985,29-Aug-23,C0249,P0135,Lacoste Casual Shoe for Men Size 44 EU - White,Casual & Dress Shoes,Lacoste Casual Shoe for Men Size 44 EU - White,1,469,469,UPI,2023,8,August,Tuesday
ORD-2024-02986,17-Aug-24,C0072,P0514,"Emporio Armani Casual Watch for Men - Stainless Steel, Analog - AR1933",Watches,"Emporio Armani Casual Watch for Men - Stainless Steel, Analog - AR1933",2,1360,2720,COD,2024,8,August,Saturday
ORD-2024-02987,10-Oct-24,C0358,P0004,"Nike Fitness Shoes For Men , 43 EU , Black",Athletic Shoes,"Nike Fitness Shoes For Men , 43 EU , Black",2,319,638,COD,2024,10,October,Thursday
ORD-2024-02988,22-Dec-24,C0246,P0114,Lacoste Casual Shoe For Men Size 43 EU - White,Casual & Dress Shoes,Lacoste Casual Shoe For Men Size 43 EU - White,2,539,1078,UPI,2024,12,December,Sunday
ORD-2022-02989,22-Dec-22,C0037,P0447,Tissot Everytime Women's Silver Dial Stainless Steel Band Watch - T057.910.22.037.00,Watches,Tissot Everytime Women's Silver Dial Stainless Steel Band Watch - T057.910.22.037.00,1,1680,1680,UPI,2022,12,December,Thursday
ORD-2023-02990,31-Jul-23,C0414,P0014,"Adidas Grand Court Base Faux Leather Contrast Side Stripe Heel Tab Logo Tennis Shoes for Men - Black, 42 2/3",Athletic Shoes,"Adidas Grand Court Base Faux Leather Contrast Side Stripe Heel Tab Logo Tennis Shoes for Men - Black, 42 2/3",1,249,249,Wallet,2023,7,July,Monday
ORD-2022-02991,26-Apr-22,C0460,P0114,Lacoste Casual Shoe For Men Size 43 EU - White,Casual & Dress Shoes,Lacoste Casual Shoe For Men Size 43 EU - White,7,539,3773,UPI,2022,4,April,Tuesday
ORD-2022-02992,13-Nov-22,C0470,P0166,"Ray-Ban Aviator Sunglasses For Men - Rb3449-003/8G 59, Grey Lens",Eyewear,"Ray-Ban Aviator Sunglasses For Men - Rb3449-003/8G 59, Grey Lens",3,770,2310,Net Banking,2022,11,November,Sunday
ORD-2024-02993,4-Aug-24,C0227,P0216,"Polaroid Sunglasses for Men , Grey Lenses",Eyewear,"Polaroid Sunglasses for Men , Grey Lenses",3,450,1350,COD,2024,8,August,Sunday
ORD-2022-02994,31-Dec-22,C0035,P0334,"Burberry London for Women - Eau de Parfum, 100ml",Perfumes & Fragrances,"Burberry London for Women - Eau de Parfum, 100ml",3,252,756,Net Banking,2022,12,December,Saturday
ORD-2024-02995,29-Dec-24,C0468,P0167,Ray-Ban Sunglasses for Unisex -0RB3552i,Eyewear,Ray-Ban Sunglasses for Unisex -0RB3552i,3,614,1842,UPI,2024,12,December,Sunday
ORD-2022-02996,21-Aug-22,C0412,P0092,"Nike Court Vision Low Faux Leather Contrast Side Logo Perforated Upper Training Shoes for Men - Gym Red, 44.5",Athletic Shoes,"Nike Court Vision Low Faux Leather Contrast Side Logo Perforated Upper Training Shoes for Men - Gym Red, 44.5",2,4125.76,8251.52,Credit Card,2022,8,August,Sunday
ORD-2024-02997,18-Nov-24,C0241,P0234,"Polaroid Sunglasses For Unisex Pld 2061/S00350M9, Grey Lens, Panto Frame",Eyewear,"Polaroid Sunglasses For Unisex Pld 2061/S00350M9, Grey Lens, Panto Frame",1,250,250,UPI,2024,11,November,Monday
ORD-2024-02998,8-Apr-24,C0409,P0410,"Tommy Hilfiger Bifold Wallet For Men,Leather,Black",Wallets,"Tommy Hilfiger Bifold Wallet For Men,Leather,Black",2,419,838,Debit Card,2024,4,April,Monday
ORD-2022-02999,13-May-22,C0662,P0043,"Adidas Grand Court Base Faux Leather Contrast Side Stripe Heel Tab Logo Tennis Shoes for Women - White, 40",Athletic Shoes,"Adidas Grand Court Base Faux Leather Contrast Side Stripe Heel Tab Logo Tennis Shoes for Women - White, 40",2,259,518,Net Banking,2022,5,May,Friday
ORD-2024-03000,19-Mar-24,C0213,P0464,"Diesel Master Chief Men'S Gray Dial Leather Band Chronograph Watch Dz4290, Japanese Quartz, Analog",Watches,"Diesel Master Chief Men'S Gray Dial Leather Band Chronograph Watch Dz4290, Japanese Quartz, Analog",1,1236.8,1236.8,UPI,2024,3,March,Tuesday
